species,comparison,n_common_sites,occupied_cells_1970s,occupied_cells_1990s,gained_cells,lost_cells,retained_cells,absent_in_both_cells,changed_cells,turnover_fraction_of_common_sites,net_cell_change,absolute_net_cell_change,occupancy_fraction_1970s,occupancy_fraction_1990s,sorensen_dissimilarity,direction,foraging_guild,migration_strategy,species_thermal_index,species_label
Falco_tinnunculus,1970s to 1990s,1726,684,1086,606,204,480,436,810,0.46929316338354576,402,402,0.3962920046349942,0.6292004634994206,0.4576271186440678,More occupied cells in 1990s,Diurnal raptors,sedentary and short-distance,12.4263636442,Falco tinnunculus
Accipiter_nisus,1970s to 1990s,1726,585,1037,618,166,419,523,784,0.4542294322132097,452,452,0.3389339513325608,0.600811123986095,0.4833538840937115,More occupied cells in 1990s,Diurnal raptors,sedentary and short-distance,11.9162821341,Accipiter nisus
Carduelis_carduelis,1970s to 1990s,1726,852,1123,524,253,599,350,777,0.4501738122827346,271,271,0.4936268829663963,0.6506373117033604,0.39341772151898735,More occupied cells in 1990s,Passerine seedeaters,sedentary and short-distance,13.4542440183,Carduelis carduelis
Muscicapa_striata,1970s to 1990s,1726,640,938,533,235,405,553,768,0.44495944380069524,298,298,0.3707995365005794,0.5434530706836617,0.48669201520912553,More occupied cells in 1990s,Flycatchers,long-distance,12.1492223917,Muscicapa striata
Acrocephalus_schoenobaenus,1970s to 1990s,1726,1007,430,90,667,340,629,757,0.43858632676709153,-577,577,0.5834298957126304,0.24913093858632676,0.5267919276270008,Fewer occupied cells in 1990s,Marsh warblers,long-distance,11.3913898283,Acrocephalus schoenobaenus
Garrulus_glandarius,1970s to 1990s,1726,896,1198,501,199,697,329,700,0.4055619930475087,302,302,0.5191193511008111,0.694090382387022,0.3342884431709646,More occupied cells in 1990s,Omnivorous corvids,sedentary,12.466780849,Garrulus glandarius
Acanthis_flammea,1970s to 1990s,1726,122,745,658,35,87,946,693,0.4015063731170336,623,623,0.07068366164542295,0.4316338354577057,0.7993079584775087,More occupied cells in 1990s,Passerine seedeaters,short-distance,8.1923087262,Acanthis flammea
Phoenicurus_phoenicurus,1970s to 1990s,1726,835,1050,454,239,596,437,693,0.4015063731170336,215,215,0.48377752027809967,0.608342989571263,0.3676392572944297,More occupied cells in 1990s,Low flycatching feeders,long-distance,11.3098485667,Phoenicurus phoenicurus
Tadorna_tadorna,1970s to 1990s,1726,777,1002,456,231,546,493,687,0.3980301274623407,225,225,0.4501738122827346,0.5805330243337196,0.38617200674536256,More occupied cells in 1990s,Dabbling ducks,short-distance,12.0434493446,Tadorna tadorna
Buteo_buteo,1970s to 1990s,1726,820,1362,613,71,749,293,684,0.3962920046349942,542,542,0.47508690614136734,0.7891077636152954,0.3134738771769019,More occupied cells in 1990s,Diurnal raptors,sedentary and short-distance,12.6973693303,Buteo buteo
Streptopelia_decaocto,1970s to 1990s,1726,1005,1328,501,178,827,220,679,0.39339513325608344,323,323,0.5822711471610661,0.7694090382387022,0.29104157736819547,More occupied cells in 1990s,Columbids,sedentary,12.9162282666,Streptopelia decaocto
Turdus_viscivorus,1970s to 1990s,1726,424,888,570,106,318,732,676,0.39165701042873696,464,464,0.24565469293163383,0.5144843568945539,0.5152439024390244,More occupied cells in 1990s,Thrushes,short-distance,11.9147042629,Turdus viscivorus
Pyrrhula_pyrrhula,1970s to 1990s,1726,634,934,487,187,447,605,674,0.3904982618771727,300,300,0.36732329084588644,0.541135573580533,0.42984693877551017,More occupied cells in 1990s,Passerine seedeaters,short-distance,10.756294956,Pyrrhula pyrrhula
Coloeus_monedula,1970s to 1990s,1726,1066,1190,397,273,793,263,670,0.388180764774044,124,124,0.6176129779837776,0.6894553881807648,0.2969858156028369,More occupied cells in 1990s,Omnivorous corvids,sedentary and short-distance,12.9581704982,Coloeus monedula
Anthus_pratensis,1970s to 1990s,1726,1027,973,302,356,671,397,658,0.38122827346465815,-54,54,0.5950173812282734,0.563731170336037,0.32899999999999996,Fewer occupied cells in 1990s,Open-land insectivores,short-distance,9.9487726902,Anthus pratensis
Acrocephalus_palustris,1970s to 1990s,1726,754,1084,492,162,592,480,654,0.37891077636152953,330,330,0.43684820393974505,0.6280417149478563,0.3558215451577802,More occupied cells in 1990s,Marsh warblers,long-distance,12.248077272,Acrocephalus palustris
Riparia_riparia,1970s to 1990s,1726,866,620,203,449,417,657,652,0.37775202780996525,-246,246,0.5017381228273464,0.35921205098493625,0.4387617765814267,Fewer occupied cells in 1990s,Aerial insectivores,long-distance,11.9550761988,Riparia riparia
Perdix_perdix,1970s to 1990s,1726,1194,1301,374,267,927,158,641,0.37137891077636154,107,107,0.6917728852838934,0.753765932792584,0.25691382765531057,More occupied cells in 1990s,Gallinaceous birds,sedentary,12.8463889005,Perdix perdix
Saxicola_rubetra,1970s to 1990s,1726,942,816,255,381,561,529,636,0.3684820393974508,-126,126,0.5457705677867902,0.4727694090382387,0.3617747440273038,Fewer occupied cells in 1990s,Low flycatching feeders,long-distance,11.2990488425,Saxicola rubetra
Gallinago_gallinago,1970s to 1990s,1726,836,605,197,428,408,693,625,0.36210892236384706,-231,231,0.4843568945538818,0.3505214368482039,0.43372657876474674,Fewer occupied cells in 1990s,Scolopacids,short-distance,10.2670472691,Gallinago gallinago
Asio_otus,1970s to 1990s,1726,394,587,408,215,179,924,623,0.3609501738122827,193,193,0.22827346465816917,0.34009269988412516,0.63506625891947,More occupied cells in 1990s,Owls,sedentary,12.2940439872,Asio otus
Emberiza_calandra,1970s to 1990s,1726,1482,1043,86,525,957,158,611,0.35399768250289687,-439,439,0.8586326767091541,0.604287369640788,0.24198019801980197,Fewer occupied cells in 1990s,Buntings,sedentary,14.2313581317,Emberiza calandra
Phylloscopus_sibilatrix,1970s to 1990s,1726,709,593,247,363,346,770,610,0.35341830822711473,-116,116,0.4107763615295481,0.34356894553881806,0.46850998463901694,Fewer occupied cells in 1990s,Foliage gleaners,long-distance,11.3755910555,Phylloscopus sibilatrix
Phylloscopus_collybita,1970s to 1990s,1726,1039,1570,569,38,1001,118,607,0.35168018539976825,531,531,0.6019698725376593,0.9096176129779838,0.23265619011115368,More occupied cells in 1990s,Foliage gleaners,short-distance,11.9465889491,Phylloscopus collybita
Gallinula_chloropus,1970s to 1990s,1726,1194,1214,309,289,905,223,598,0.3464658169177289,20,20,0.6917728852838934,0.7033603707995365,0.24833887043189373,More occupied cells in 1990s,Rails,sedentary and short-distance,13.3437206998,Gallinula chloropus
Ficedula_hypoleuca,1970s to 1990s,1726,471,608,365,228,243,890,593,0.34356894553881806,137,137,0.2728852838933951,0.3522595596755504,0.5495829471733087,More occupied cells in 1990s,Flycatchers,long-distance,10.4275102213,Ficedula hypoleuca
Poecile_palustris,1970s to 1990s,1726,872,963,335,244,628,519,579,0.3354577056778679,91,91,0.5052143684820394,0.5579374275782155,0.31553133514986376,More occupied cells in 1990s,Tit-like birds,sedentary,12.3251392514,Poecile palustris
Certhia_familiaris,1970s to 1990s,1726,502,807,428,123,379,796,551,0.31923522595596754,305,305,0.2908458864426419,0.4675550405561993,0.42093200916730333,More occupied cells in 1990s,Tit-like birds,sedentary,11.119463211,Certhia familiaris
Acrocephalus_scirpaceus,1970s to 1990s,1726,993,1172,365,186,807,368,551,0.31923522595596754,179,179,0.5753186558516802,0.6790266512166859,0.2545034642032332,More occupied cells in 1990s,Marsh warblers,long-distance,13.1524057431,Acrocephalus scirpaceus
Anthus_trivialis,1970s to 1990s,1726,1127,1135,279,271,856,320,550,0.3186558516801854,8,8,0.652954808806489,0.6575898030127463,0.24314765694076035,More occupied cells in 1990s,Low flycatching feeders,long-distance,11.2439352645,Anthus trivialis
Tachybaptus_ruficollis,1970s to 1990s,1726,311,597,416,130,181,999,546,0.3163383545770568,286,286,0.1801853997682503,0.3458864426419467,0.6013215859030837,More occupied cells in 1990s,Aquatic pursuers,sedentary and short-distance,13.4633891991,Tachybaptus ruficollis
Lanius_collurio,1970s to 1990s,1726,449,521,309,237,212,968,546,0.3163383545770568,72,72,0.26013904982618774,0.3018539976825029,0.5628865979381443,More occupied cells in 1990s,Shrikes,long-distance,12.6238867722,Lanius collurio
Dendrocopos_major,1970s to 1990s,1726,1077,1375,419,121,956,230,540,0.3128621089223638,298,298,0.6239860950173812,0.7966396292004635,0.22022838499184338,More occupied cells in 1990s,Woodpeckers,sedentary,12.1154284266,Dendrocopos major
Delichon_urbicum,1970s to 1990s,1726,1251,1453,370,168,1083,105,538,0.31170336037079954,202,202,0.7247972190034763,0.8418308227114716,0.19896449704142016,More occupied cells in 1990s,Aerial insectivores,long-distance,12.3470551373,Delichon urbicum
Apus_apus,1970s to 1990s,1726,435,558,330,207,228,961,537,0.3111239860950174,123,123,0.25202780996523755,0.32329084588644263,0.540785498489426,More occupied cells in 1990s,Aerial insectivores,long-distance,12.4470483242,Apus apus
Strix_aluco,1970s to 1990s,1726,755,803,289,241,514,682,530,0.3070683661645423,48,48,0.43742757821552725,0.46523754345307067,0.34017971758664955,More occupied cells in 1990s,Owls,sedentary,12.8738657057,Strix aluco
Coccothraustes_coccothraustes,1970s to 1990s,1726,317,547,374,144,173,1035,518,0.30011587485515645,230,230,0.18366164542294322,0.3169177288528389,0.599537037037037,More occupied cells in 1990s,Passerine seedeaters,sedentary,12.9763477132,Coccothraustes coccothraustes
Periparus_ater,1970s to 1990s,1726,1142,1290,330,182,960,254,512,0.2966396292004635,148,148,0.6616454229432214,0.7473928157589803,0.21052631578947367,More occupied cells in 1990s,Tit-like birds,sedentary,11.9045668053,Periparus ater
Lophophanes_cristatus,1970s to 1990s,1726,680,748,289,221,459,757,510,0.2954808806488992,68,68,0.3939745075318656,0.43337195828505215,0.3571428571428571,More occupied cells in 1990s,Tit-like birds,sedentary,11.7118025203,Lophophanes cristatus
Hippolais_icterina,1970s to 1990s,1726,1425,1390,235,270,1155,66,505,0.2925840092699884,-35,35,0.8256083429895713,0.8053302433371958,0.17939609236234455,Fewer occupied cells in 1990s,Foliage gleaners,long-distance,11.3916568563,Hippolais icterina
Regulus_regulus,1970s to 1990s,1726,1251,1330,288,209,1042,187,497,0.28794901506373116,79,79,0.7247972190034763,0.7705677867902665,0.19256102285935683,More occupied cells in 1990s,Tit-like birds,short-distance,10.8075146552,Regulus regulus
Astur_gentilis,1970s to 1990s,1726,197,561,426,62,135,1103,488,0.2827346465816918,364,364,0.11413673232908458,0.3250289687137891,0.6437994722955145,More occupied cells in 1990s,Diurnal raptors,sedentary,11.8007973825,Astur gentilis
Cygnus_olor,1970s to 1990s,1726,784,851,277,210,574,665,487,0.28215527230590964,67,67,0.4542294322132097,0.49304750869061414,0.2978593272171254,More occupied cells in 1990s,Grazing waterfowl,sedentary and short-distance,12.1899516659,Cygnus olor
Anas_platyrhynchos,1970s to 1990s,1726,1243,1555,399,87,1156,84,486,0.28157589803012745,312,312,0.720162224797219,0.9009269988412515,0.17369549678341678,More occupied cells in 1990s,Dabbling ducks,sedentary and short-distance,11.8110548425,Anas platyrhynchos
Aegithalos_caudatus,1970s to 1990s,1726,424,550,300,174,250,1002,474,0.2746234067207416,126,126,0.24565469293163383,0.3186558516801854,0.48665297741273106,More occupied cells in 1990s,Tit-like birds,sedentary,12.6607518772,Aegithalos caudatus
Corvus_cornix,1970s to 1990s,1726,1337,1558,344,123,1214,45,467,0.2705677867902665,221,221,0.7746234067207416,0.9026651216685979,0.16131260794473234,More occupied cells in 1990s,Omnivorous corvids,sedentary,12.1293990446,Corvus cornix
Fulica_atra,1970s to 1990s,1726,1168,1445,370,93,1075,188,463,0.2682502896871379,277,277,0.6767091541135574,0.8371958285052143,0.17719096823574432,More occupied cells in 1990s,Rails,sedentary and short-distance,12.9624637063,Fulica atra
Oenanthe_oenanthe,1970s to 1990s,1726,422,207,116,331,91,1188,447,0.2589803012746234,-215,215,0.24449594438006952,0.11993047508690614,0.7106518282988872,Fewer occupied cells in 1990s,Low flycatching feeders,long-distance,11.6202368597,Oenanthe oenanthe
Luscinia_luscinia,1970s to 1990s,1726,800,996,319,123,677,607,442,0.25608342989571264,196,196,0.46349942062572425,0.5770567786790266,0.24610244988864138,More occupied cells in 1990s,Low flycatching feeders,long-distance,11.8425102806,Luscinia luscinia
Emberiza_schoeniclus,1970s to 1990s,1726,1378,1368,213,223,1155,135,436,0.2526071842410197,-10,10,0.7983777520278099,0.7925840092699884,0.15877640203932997,Fewer occupied cells in 1990s,Buntings,sedentary and short-distance,11.2704483494,Emberiza schoeniclus
Sitta_europaea,1970s to 1990s,1726,672,857,310,125,547,744,435,0.25202780996523755,185,185,0.38933951332560834,0.49652375434530704,0.28449967298888157,More occupied cells in 1990s,Tit-like birds,sedentary,12.7946675987,Sitta europaea
Chroicocephalus_ridibundus,1970s to 1990s,1726,521,337,125,309,212,1080,434,0.2514484356894554,-184,184,0.3018539976825029,0.19524913093858634,0.5058275058275059,Fewer occupied cells in 1990s,Gulls,short-distance,11.0679667544,Chroicocephalus ridibundus
Motacilla_flava,1970s to 1990s,1726,468,295,124,297,171,1134,421,0.24391657010428738,-173,173,0.2711471610660487,0.17091541135573582,0.5517693315858454,Fewer occupied cells in 1990s,Open-land insectivores,long-distance,12.136968586,Motacilla flava
Curruca_curruca,1970s to 1990s,1726,1462,1514,225,173,1289,39,398,0.23059096176129779,52,52,0.847045191193511,0.87717265353418306,0.133736559139785,More occupied cells in 1990s,Foliage gleaners,long-distance,11.6399285102,Curruca curruca
Corvus_frugilegus,1970s to 1990s,1726,303,518,306,91,212,1117,397,0.23001158748551565,215,215,0.17555040556199306,0.30011587485515645,0.48355663824604145,More occupied cells in 1990s,Omnivorous corvids,sedentary,12.7340640684,Corvus frugilegus
Locustella_naevia,1970s to 1990s,1726,217,386,281,112,105,1228,393,0.22769409038238703,169,169,0.1257242178447277,0.22363847045191193,0.6517412935323383,More occupied cells in 1990s,Marsh warblers,long-distance,11.7684221003,Locustella naevia
Corvus_corax,1970s to 1990s,1726,128,445,350,33,95,1248,383,0.22190034762456548,317,317,0.07415990730011587,0.2578215527230591,0.668411867364747,More occupied cells in 1990s,Omnivorous corvids,sedentary,11.7378412998,Corvus corax
Prunella_modularis,1970s to 1990s,1726,1456,1541,234,149,1307,36,383,0.22190034762456548,85,85,0.8435689455388181,0.8928157589803013,0.12779446112779447,More occupied cells in 1990s,Low flycatching feeders,sedentary and short-distance,10.9083374064,Prunella modularis
Loxia_curvirostra,1970s to 1990s,1726,138,394,318,62,76,1270,380,0.220162224797219,256,256,0.07995365005793743,0.22827346465816917,0.7142857142857143,More occupied cells in 1990s,Passerine seedeaters,sedentary and short-distance,10.4943181045,Loxia curvirostra
Haematopus_ostralegus,1970s to 1990s,1726,497,649,265,113,384,964,378,0.2190034762456547,152,152,0.28794901506373116,0.3760139049826188,0.32984293193717273,More occupied cells in 1990s,Plovers,short-distance,10.4739718085,Haematopus ostralegus
Pica_pica,1970s to 1990s,1726,1450,1474,200,176,1274,76,376,0.21784472769409038,24,24,0.8400926998841252,0.8539976825028969,0.12859097127222985,More occupied cells in 1990s,Omnivorous corvids,sedentary,12.155826028,Pica pica
Rallus_aquaticus,1970s to 1990s,1726,226,384,265,107,119,1235,372,0.21552723059096177,158,158,0.13093858632676708,0.22247972190034762,0.6098360655737705,More occupied cells in 1990s,Rails,sedentary and short-distance,13.3215188918,Rallus aquaticus
Phoenicurus_ochruros,1970s to 1990s,1726,106,419,342,29,77,1278,371,0.2149478563151796,313,313,0.06141367323290846,0.24275782155272305,0.7066666666666667,More occupied cells in 1990s,Low flycatching feeders,sedentary and short-distance,13.2394438706,Phoenicurus ochruros
Podiceps_grisegena,1970s to 1990s,1726,257,471,289,75,182,1180,364,0.21089223638470453,214,214,0.14889918887601392,0.2728852838933951,0.5,More occupied cells in 1990s,Aquatic pursuers,short-distance,11.9386619385,Podiceps grisegena
Sylvia_atricapilla,1970s to 1990s,1726,1381,1583,280,78,1303,65,358,0.2074159907300116,202,202,0.8001158748551565,0.9171494785631518,0.12078272604588391,More occupied cells in 1990s,Foliage gleaners,short-distance,12.6192368528,Sylvia atricapilla
Turdus_pilaris,1970s to 1990s,1726,56,347,323,32,24,1347,355,0.20567786790266512,291,291,0.03244495944380069,0.2010428736964079,0.8808933002481389,More occupied cells in 1990s,Thrushes,short-distance,10.0287125382,Turdus pilaris
Sylvia_borin,1970s to 1990s,1726,1482,1545,205,142,1340,39,347,0.2010428736964079,63,63,0.8586326767091541,0.8951332560834299,0.11463495209778662,More occupied cells in 1990s,Foliage gleaners,long-distance,11.3163422901,Sylvia borin
Motacilla_alba,1970s to 1990s,1726,1425,1646,281,60,1365,20,341,0.19756662804171496,221,221,0.8256083429895713,0.9536500579374276,0.11103874959296645,More occupied cells in 1990s,Open-land insectivores,short-distance,11.9859302219,Motacilla alba
Athene_noctua,1970s to 1990s,1726,308,92,62,278,30,1356,340,0.1969872537659328,-216,216,0.17844727694090382,0.05330243337195829,0.85,Fewer occupied cells in 1990s,Owls,sedentary,14.2083192272,Athene noctua
Spinus_spinus,1970s to 1990s,1726,119,291,254,82,37,1353,336,0.19466975666280417,172,172,0.06894553881807648,0.16859791425260717,0.8195121951219513,More occupied cells in 1990s,Passerine seedeaters,sedentary and short-distance,10.2425165856,Spinus spinus
Passer_montanus,1970s to 1990s,1726,1451,1604,241,88,1363,34,329,0.19061413673232908,153,153,0.8406720741599073,0.929316338354577,0.10769230769230764,More occupied cells in 1990s,Passerine seedeaters,sedentary,13.070887931,Passer montanus
Chloris_chloris,1970s to 1990s,1726,1429,1643,270,56,1373,27,326,0.18887601390498263,214,214,0.8279258400926999,0.9519119351100811,0.10611979166666663,More occupied cells in 1990s,Passerine seedeaters,sedentary and short-distance,12.6006224966,Chloris chloris
Cuculus_canorus,1970s to 1990s,1726,1461,1561,213,113,1348,52,326,0.18887601390498263,100,100,0.8464658169177288,0.9044032444959443,0.10787557908669754,More occupied cells in 1990s,Cuckoos,long-distance,12.1394391784,Cuculus canorus
Tringa_totanus,1970s to 1990s,1726,582,495,119,206,376,1025,325,0.18829663962920046,-87,87,0.33719582850521435,0.2867902665121669,0.3017641597028784,Fewer occupied cells in 1990s,Scolopacids,short-distance,11.0359375128,Tringa totanus
Aythya_fuligula,1970s to 1990s,1726,119,335,270,54,65,1337,324,0.18771726535341832,216,216,0.06894553881807648,0.194090382387022,0.7136563876651982,More occupied cells in 1990s,Diving ducks,short-distance,10.1385920012,Aythya fuligula
Circus_aeruginosus,1970s to 1990s,1726,90,367,300,23,67,1336,323,0.18713789107763615,277,277,0.05214368482039398,0.21263035921205098,0.7067833698030634,More occupied cells in 1990s,Diurnal raptors,short-and long-distance,13.2259231132,Circus aeruginosus
Anser_anser,1970s to 1990s,1726,192,407,266,51,141,1268,317,0.18366164542294322,215,215,0.11123986095017381,0.2358053302433372,0.5292153589315526,More occupied cells in 1990s,Grazing waterfowl,sedentary and short-distance,11.1956416463,Anser anser
Erithacus_rubecula,1970s to 1990s,1726,1474,1617,222,79,1395,30,301,0.17439165701042875,143,143,0.8539976825028969,0.9368482039397451,0.09737948883856362,More occupied cells in 1990s,Low flycatching feeders,sedentary,11.998445823500001,Erithacus rubecula
Scolopax_rusticola,1970s to 1990s,1726,212,325,204,91,121,1310,295,0.17091541135573582,113,113,0.12282734646581692,0.18829663962920046,0.5493482309124766,More occupied cells in 1990s,Scolopacids,sedentary and short-distance,10.6010955955,Scolopax rusticola
Picus_viridis,1970s to 1990s,1726,336,405,182,113,223,1208,295,0.17091541135573582,69,69,0.19466975666280417,0.23464658169177288,0.398110661268556,More occupied cells in 1990s,Woodpeckers,sedentary,12.9413688865,Picus viridis
Podiceps_cristatus,1970s to 1990s,1726,405,530,208,83,322,1113,291,0.16859791425260717,125,125,0.23464658169177288,0.3070683661645423,0.3112299465240642,More occupied cells in 1990s,Aquatic pursuers,short-distance,12.6860788894,Podiceps cristatus
Pernis_apivorus,1970s to 1990s,1726,162,257,184,89,73,1380,273,0.1581691772885284,95,95,0.09385863267670916,0.14889918887601392,0.6515513126491647,More occupied cells in 1990s,Diurnal raptors,long-distance,11.9608484505,Pernis apivorus
Cyanistes_caeruleus,1970s to 1990s,1726,1485,1621,204,68,1417,37,272,0.15758980301274622,136,136,0.8603707995365005,0.9391657010428737,0.08757244043786216,More occupied cells in 1990s,Tit-like birds,sedentary,12.7367473555,Cyanistes caeruleus
Charadrius_hiaticula,1970s to 1990s,1726,400,380,123,143,257,1203,266,0.1541135573580533,-20,20,0.23174971031286212,0.220162224797219,0.34102564102564104,Fewer occupied cells in 1990s,Plovers,short-distance,8.2214626932,Charadrius hiaticula
Anas_crecca,1970s to 1990s,1726,181,170,123,134,47,1422,257,0.14889918887601392,-11,11,0.10486674391657011,0.0984936268829664,0.7321937321937322,Fewer occupied cells in 1990s,Dabbling ducks,short-distance,10.071290709,Anas crecca
Vanellus_vanellus,1970s to 1990s,1726,1590,1588,127,129,1461,9,256,0.14831981460023175,-2,2,0.9212050984936269,0.9200463499420626,0.08055380742605411,Fewer occupied cells in 1990s,Plovers,short-distance,11.532605723,Vanellus vanellus
Linaria_cannabina,1970s to 1990s,1726,1562,1637,158,83,1479,6,241,0.13962920046349941,75,75,0.9049826187717266,0.9484356894553881,0.0753360425132854,More occupied cells in 1990s,Passerine seedeaters,short-distance,13.1603552715,Linaria cannabina
Motacilla_cinerea,1970s to 1990s,1726,97,299,220,18,79,1409,238,0.13789107763615296,202,202,0.05619930475086906,0.17323290845886444,0.601010101010101,More occupied cells in 1990s,Open-land insectivores,sedentary and short-distance,12.9122079488,Motacilla cinerea
Charadrius_dubius,1970s to 1990s,1726,94,212,178,60,34,1454,238,0.13789107763615296,118,118,0.054461181923522596,0.12282734646581692,0.7777777777777778,More occupied cells in 1990s,Plovers,short-and long-distance,12.7729324864,Charadrius dubius
Columba_oenas,1970s to 1990s,1726,44,239,211,16,28,1471,227,0.13151796060254925,195,195,0.02549246813441483,0.1384704519119351,0.8021201413427562,More occupied cells in 1990s,Columbids,short-distance,12.4358174295,Columba oenas
Ardea_cinerea,1970s to 1990s,1726,98,215,160,43,55,1468,203,0.11761297798377753,117,117,0.056778679026651215,0.12456546929316338,0.6485623003194888,More occupied cells in 1990s,Wading birds,sedentary and short-distance,12.6943991523,Ardea cinerea
Corvus_corone,1970s to 1990s,1726,141,204,133,70,71,1452,203,0.11761297798377753,63,63,0.0816917728852839,0.11819235225955968,0.5884057971014494,More occupied cells in 1990s,Omnivorous corvids,sedentary,12.1293990446,Corvus corone
Spatula_clypeata,1970s to 1990s,1726,151,208,128,71,80,1447,199,0.11529548088064889,57,57,0.08748551564310544,0.1205098493626883,0.5543175487465182,More occupied cells in 1990s,Dabbling ducks,short-distance,11.7556216717,Spatula clypeata
Aythya_ferina,1970s to 1990s,1726,128,208,138,58,70,1460,196,0.11355735805330243,80,80,0.07415990730011587,0.1205098493626883,0.5833333333333333,More occupied cells in 1990s,Diving ducks,short-distance,12.445391892,Aythya ferina
Mergus_serrator,1970s to 1990s,1726,232,238,97,91,141,1397,188,0.10892236384704519,6,6,0.13441483198146004,0.13789107763615296,0.4,More occupied cells in 1990s,Aquatic pursuers,short-distance,7.3724850113,Mergus serrator
Troglodytes_troglodytes,1970s to 1990s,1726,1549,1695,166,20,1529,11,186,0.10776361529548088,146,146,0.8974507531865585,0.9820393974507532,0.05733662145499385,More occupied cells in 1990s,Low flycatching feeders,sedentary,12.2368253494,Troglodytes troglodytes
Oriolus_oriolus,1970s to 1990s,1726,173,59,36,150,23,1517,186,0.10776361529548088,-114,114,0.10023174971031286,0.034183082271147164,0.8017241379310345,Fewer occupied cells in 1990s,Orioles,long-distance,13.4707159049,Oriolus oriolus
Larus_canus,1970s to 1990s,1726,203,212,96,87,116,1427,183,0.10602549246813442,9,9,0.11761297798377753,0.12282734646581692,0.4409638554216867,More occupied cells in 1990s,Gulls,sedentary and short-distance,8.5740563147,Larus canus
Turdus_philomelos,1970s to 1990s,1726,1591,1624,107,74,1517,28,181,0.10486674391657011,33,33,0.921784472769409,0.9409038238702202,0.056298600311041946,More occupied cells in 1990s,Thrushes,short-distance,11.3956704897,Turdus philomelos
Lullula_arborea,1970s to 1990s,1726,119,138,96,77,42,1511,173,0.10023174971031286,19,19,0.06894553881807648,0.07995365005793743,0.6731517509727627,More occupied cells in 1990s,Open-land insectivores,short-distance,13.4719748078,Lullula arborea
Certhia_brachydactyla,1970s to 1990s,1726,31,189,165,7,24,1530,172,0.0996523754345307,158,158,0.017960602549246814,0.10950173812282735,0.7818181818181819,More occupied cells in 1990s,Tit-like birds,sedentary,13.8972978687,Certhia brachydactyla
Jynx_torquilla,1970s to 1990s,1726,129,91,66,104,25,1531,170,0.0984936268829664,-38,38,0.07473928157589803,0.05272305909617613,0.7727272727272727,Fewer occupied cells in 1990s,Woodpeckers,short-distance,11.8812540667,Jynx torquilla
Curruca_communis,1970s to 1990s,1726,1603,1671,118,50,1553,5,168,0.09733487833140209,68,68,0.9287369640787949,0.9681344148319815,0.051313378130726894,More occupied cells in 1990s,Foliage gleaners,long-distance,12.6535890847,Curruca communis
Alcedo_atthis,1970s to 1990s,1726,105,150,101,56,49,1520,157,0.09096176129779837,45,45,0.060834298957126304,0.08690614136732329,0.615686274509804,More occupied cells in 1990s,Kingfishers,sedentary,13.5319163712,Alcedo atthis
Caprimulgus_europaeus,1970s to 1990s,1726,141,110,57,88,53,1528,145,0.08400926998841252,-31,31,0.0816917728852839,0.06373117033603708,0.5776892430278884,Fewer occupied cells in 1990s,Nigthjars,long-distance,13.110333547,Caprimulgus europaeus
Passer_domesticus,1970s to 1990s,1726,1658,1638,59,79,1579,9,138,0.07995365005793743,-20,20,0.9606025492468134,0.9490150637311703,0.041868932038834905,Fewer occupied cells in 1990s,Passerine seedeaters,sedentary,12.2628071769,Passer domesticus
Dryocopus_martius,1970s to 1990s,1726,60,156,116,20,40,1550,136,0.07879490150637311,96,96,0.03476245654692932,0.09038238702201622,0.6296296296296297,More occupied cells in 1990s,Woodpeckers,sedentary,11.1193962821,Dryocopus martius
Recurvirostra_avosetta,1970s to 1990s,1726,183,144,48,87,96,1495,135,0.07821552723059096,-39,39,0.10602549246813442,0.08342989571263036,0.4128440366972477,Fewer occupied cells in 1990s,Plovers,short-and long-distance,14.5831200661,Recurvirostra avosetta
Spatula_querquedula,1970s to 1990s,1726,100,99,66,67,33,1560,133,0.07705677867902665,-1,1,0.05793742757821553,0.05735805330243337,0.6683417085427136,Fewer occupied cells in 1990s,Dabbling ducks,long-distance,12.389627827,Spatula querquedula
Phylloscopus_trochilus,1970s to 1990s,1726,1626,1687,96,35,1591,4,131,0.07589803012746234,61,61,0.9420625724217845,0.977404403244496,0.03954120132810146,More occupied cells in 1990s,Foliage gleaners,long-distance,10.4596695622,Phylloscopus trochilus
Sterna_hirundo,1970s to 1990s,1726,112,86,52,78,34,1562,130,0.07531865585168018,-26,26,0.06488991888760139,0.04982618771726535,0.6565656565656566,Fewer occupied cells in 1990s,Terns,long-distance,11.4396148713,Sterna hirundo
Coturnix_coturnix,1970s to 1990s,1726,31,108,102,25,6,1593,127,0.07358053302433372,77,77,0.017960602549246814,0.06257242178447277,0.9136690647482014,More occupied cells in 1990s,Gallinaceous birds,short-and long-distance,13.6002736383,Coturnix coturnix
Larus_argentatus,1970s to 1990s,1726,126,146,72,52,74,1528,124,0.07184241019698726,20,20,0.07300115874855156,0.08458864426419467,0.4558823529411765,More occupied cells in 1990s,Gulls,sedentary and short-distance,9.0583381929,Larus argentatus
Columba_palumbus,1970s to 1990s,1726,1628,1691,92,29,1599,6,121,0.07010428736964079,63,63,0.9432213209733488,0.9797219003476245,0.03645676408556797,More occupied cells in 1990s,Columbids,sedentary and short-distance,12.2214205187,Columba palumbus
Sterna_paradisaea,1970s to 1990s,1726,145,123,45,67,78,1536,112,0.06488991888760139,-22,22,0.08400926998841252,0.0712630359212051,0.417910447761194,Fewer occupied cells in 1990s,Terns,long-distance,6.7214988279,Sterna paradisaea
Numenius_arquata,1970s to 1990s,1726,132,107,43,68,64,1551,111,0.06431054461181923,-25,25,0.07647740440324449,0.06199304750869061,0.4644351464435147,Fewer occupied cells in 1990s,Scolopacids,short-distance,10.0493203009,Numenius arquata
Hirundo_rustica,1970s to 1990s,1726,1656,1683,65,38,1618,5,103,0.059675550405561995,27,27,0.9594438006952491,0.9750869061413673,0.030847559149445924,More occupied cells in 1990s,Aerial insectivores,long-distance,12.4305273248,Hirundo rustica
Sternula_albifrons,1970s to 1990s,1726,106,36,15,85,21,1605,100,0.05793742757821553,-70,70,0.06141367323290846,0.02085747392815759,0.704225352112676,Fewer occupied cells in 1990s,Terns,long-distance,13.6554594356,Sternula albifrons
Calidris_alpina,1970s to 1990s,1726,117,60,17,74,43,1592,91,0.05272305909617613,-57,57,0.06778679026651217,0.03476245654692932,0.5141242937853108,Fewer occupied cells in 1990s,Scolopacids,long-distance,7.0663752664,Calidris alpina
Tyto_alba,1970s to 1990s,1726,66,37,29,58,8,1631,87,0.05040556199304751,-29,29,0.038238702201622246,0.021436848203939745,0.8446601941747574,Fewer occupied cells in 1990s,Owls,sedentary,13.9906366009,Tyto alba
Crex_crex,1970s to 1990s,1726,78,10,9,77,1,1639,86,0.04982618771726535,-68,68,0.04519119351100811,0.005793742757821553,0.9772727272727273,Fewer occupied cells in 1990s,Rails,long-distance,11.9688491073,Crex crex
Remiz_pendulinus,1970s to 1990s,1726,11,89,81,3,8,1634,84,0.04866743916570104,78,78,0.006373117033603708,0.051564310544611816,0.84,More occupied cells in 1990s,Tit-like birds,short-distance,13.7399153521,Remiz pendulinus
Sturnus_vulgaris,1970s to 1990s,1726,1676,1680,44,40,1636,6,84,0.04866743916570104,4,4,0.9710312862108922,0.9733487833140209,0.02502979737783073,More occupied cells in 1990s,Starlings,short-distance,11.8027600322,Sturnus vulgaris
Calidris_pugnax,1970s to 1990s,1726,106,39,8,75,31,1612,83,0.04808806488991889,-67,67,0.06141367323290846,0.022595596755504054,0.5724137931034483,Fewer occupied cells in 1990s,Scolopacids,long-distance,7.9732949741,Calidris pugnax
Carpodacus_erythrinus,1970s to 1990s,1726,5,86,81,0,5,1640,81,0.04692931633835458,81,81,0.0028968713789107765,0.04982618771726535,0.8901098901098901,More occupied cells in 1990s,Passerine seedeaters,long-distance,10.348256227,Carpodacus erythrinus
Parus_major,1970s to 1990s,1726,1668,1694,52,26,1642,6,78,0.04519119351100811,26,26,0.966396292004635,0.981460023174971,0.023200475907198093,More occupied cells in 1990s,Tit-like birds,sedentary and short-distance,12.343727765,Parus major
Somateria_mollissima,1970s to 1990s,1726,54,96,59,17,37,1613,76,0.0440324449594438,42,42,0.031286210892236384,0.055619930475086905,0.5066666666666666,More occupied cells in 1990s,Diving ducks,short-distance,8.1688294838,Somateria mollissima
Panurus_biarmicus,1970s to 1990s,1726,26,80,63,9,17,1637,72,0.04171494785631518,54,54,0.015063731170336037,0.046349942062572425,0.679245283018868,More occupied cells in 1990s,Reedlings,sedentary,13.8780278318,Panurus biarmicus
Botaurus_stellaris,1970s to 1990s,1726,32,67,52,17,15,1642,69,0.03997682502896872,35,35,0.01853997682502897,0.0388180764774044,0.696969696969697,More occupied cells in 1990s,Wading birds,sedentary and short-distance,13.1076210929,Botaurus stellaris
Mareca_strepera,1970s to 1990s,1726,12,70,61,3,9,1653,64,0.03707995365005794,58,58,0.006952491309385863,0.04055619930475087,0.7804878048780488,More occupied cells in 1990s,Dabbling ducks,short-distance,12.5158986156,Mareca strepera
Porzana_porzana,1970s to 1990s,1726,55,24,16,47,8,1655,63,0.03650057937427578,-31,31,0.03186558516801854,0.013904982618771726,0.7974683544303798,Fewer occupied cells in 1990s,Rails,long-distance,12.4064941754,Porzana porzana
Acrocephalus_arundinaceus,1970s to 1990s,1726,52,14,11,49,3,1663,60,0.03476245654692932,-38,38,0.030127462340672075,0.008111239860950173,0.9090909090909091,Fewer occupied cells in 1990s,Marsh warblers,long-distance,13.8793523116,Acrocephalus arundinaceus
Regulus_ignicapilla,1970s to 1990s,1726,42,26,21,37,5,1663,58,0.03360370799536501,-16,16,0.02433371958285052,0.015063731170336037,0.8529411764705882,Fewer occupied cells in 1990s,Tit-like birds,short-distance,13.1999439071,Regulus ignicapilla
Fringilla_coelebs,1970s to 1990s,1726,1676,1716,48,8,1668,2,56,0.03244495944380069,40,40,0.9710312862108922,0.9942062572421785,0.01650943396226412,More occupied cells in 1990s,Foliage gleaners,sedentary and short-distance,12.2951633877,Fringilla coelebs
Larus_marinus,1970s to 1990s,1726,8,59,53,2,6,1665,55,0.03186558516801854,51,51,0.004634994206257242,0.034183082271147164,0.8208955223880597,More occupied cells in 1990s,Gulls,sedentary and short-distance,8.3694639418,Larus marinus
Anas_acuta,1970s to 1990s,1726,51,40,22,33,18,1653,55,0.03186558516801854,-11,11,0.02954808806488992,0.023174971031286212,0.6043956043956045,Fewer occupied cells in 1990s,Dabbling ducks,short-distance,8.5273453088,Anas acuta
Podiceps_nigricollis,1970s to 1990s,1726,30,52,38,16,14,1658,54,0.031286210892236384,22,22,0.01738122827346466,0.030127462340672075,0.6585365853658536,More occupied cells in 1990s,Aquatic pursuers,short-distance,13.3391366196,Podiceps nigricollis
Emberiza_citrinella,1970s to 1990s,1726,1694,1694,27,27,1667,5,54,0.031286210892236384,0,0,0.981460023174971,0.981460023174971,0.015938606847697767,Balanced gains and losses,Buntings,sedentary,11.5528442066,Emberiza citrinella
Tringa_glareola,1970s to 1990s,1726,59,22,7,44,15,1660,51,0.02954808806488992,-37,37,0.034183082271147164,0.012746234067207415,0.6296296296296297,Fewer occupied cells in 1990s,Scolopacids,long-distance,7.6706167812,Tringa glareola
Asio_flammeus,1970s to 1990s,1726,40,12,10,38,2,1676,48,0.027809965237543453,-28,28,0.023174971031286212,0.006952491309385863,0.9230769230769231,Fewer occupied cells in 1990s,Owls,sedentary and short-distance,9.6200242401,Asio flammeus
Dryobates_minor,1970s to 1990s,1726,6,46,43,3,3,1677,46,0.026651216685979143,40,40,0.0034762456546929316,0.026651216685979143,0.8846153846153846,More occupied cells in 1990s,Woodpeckers,sedentary and short-distance,11.5509643269,Dryobates minor
Limosa_limosa,1970s to 1990s,1726,71,46,9,34,37,1646,43,0.024913093858632676,-25,25,0.041135573580533026,0.026651216685979143,0.36752136752136755,Fewer occupied cells in 1990s,Scolopacids,long-distance,12.0468335512,Limosa limosa
Tringa_ochropus,1970s to 1990s,1726,26,35,26,17,9,1674,43,0.024913093858632676,9,9,0.015063731170336037,0.020278099652375436,0.7049180327868853,More occupied cells in 1990s,Scolopacids,short-and long-distance,9.8785200822,Tringa ochropus
Locustella_luscinioides,1970s to 1990s,1726,29,21,16,24,5,1681,40,0.023174971031286212,-8,8,0.016801853997682505,0.01216685979142526,0.8,Fewer occupied cells in 1990s,Marsh warblers,long-distance,13.5908101527,Locustella luscinioides
Thalasseus_sandvicensis,1970s to 1990s,1726,32,15,11,28,4,1683,39,0.022595596755504054,-17,17,0.01853997682502897,0.00869061413673233,0.8297872340425532,Fewer occupied cells in 1990s,Terns,short-and long-distance,12.309341223,Thalasseus sandvicensis
Streptopelia_turtur,1970s to 1990s,1726,12,31,28,9,3,1686,37,0.021436848203939745,19,19,0.006952491309385863,0.017960602549246814,0.8604651162790697,More occupied cells in 1990s,Columbids,long-distance,13.7662137901,Streptopelia turtur
Circus_pygargus,1970s to 1990s,1726,32,31,16,17,15,1678,33,0.019119351100811123,-1,1,0.01853997682502897,0.017960602549246814,0.5238095238095238,Fewer occupied cells in 1990s,Diurnal raptors,long-distance,13.6904029809,Circus pygargus
Anarhynchus_alexandrinus,1970s to 1990s,1726,29,9,6,26,3,1691,32,0.01853997682502897,-20,20,0.016801853997682505,0.005214368482039398,0.8421052631578947,Fewer occupied cells in 1990s,Plovers,short-and long-distance,16.3071703744,Anarhynchus alexandrinus
Lanius_excubitor,1970s to 1990s,1726,22,18,14,18,4,1690,32,0.01853997682502897,-4,4,0.012746234067207415,0.010428736964078795,0.8,Fewer occupied cells in 1990s,Shrikes,sedentary,11.2044136127,Lanius excubitor
Chlidonias_niger,1970s to 1990s,1726,37,13,2,26,11,1687,28,0.016222479721900347,-24,24,0.021436848203939745,0.007531865585168019,0.56,Fewer occupied cells in 1990s,Terns,long-distance,13.0082465521,Chlidonias niger
Mergus_merganser,1970s to 1990s,1726,13,30,21,4,9,1692,25,0.014484356894553883,17,17,0.007531865585168019,0.01738122827346466,0.5813953488372092,More occupied cells in 1990s,Aquatic pursuers,short-distance,7.9118621485,Mergus merganser
Serinus_serinus,1970s to 1990s,1726,7,16,15,6,1,1704,21,0.01216685979142526,9,9,0.004055619930475087,0.009269988412514484,0.9130434782608696,More occupied cells in 1990s,Passerine seedeaters,short-distance,13.8814196118,Serinus serinus
Ficedula_parva,1970s to 1990s,1726,8,12,12,8,0,1706,20,0.011587485515643106,4,4,0.004634994206257242,0.006952491309385863,1,More occupied cells in 1990s,Flycatchers,long-distance,11.5985667049,Ficedula parva
Turdus_merula,1970s to 1990s,1726,1713,1715,11,9,1704,2,20,0.011587485515643106,2,2,0.992468134414832,0.9936268829663963,0.005834305717619559,More occupied cells in 1990s,Thrushes,sedentary,12.5843398181,Turdus merula
Cinclus_cinclus,1970s to 1990s,1726,11,12,10,9,2,1705,19,0.01100811123986095,1,1,0.006373117033603708,0.006952491309385863,0.8260869565217391,More occupied cells in 1990s,Dippers,short-distance,11.0150016531,Cinclus cinclus
Larus_fuscus,1970s to 1990s,1726,6,22,17,1,5,1703,18,0.010428736964078795,16,16,0.0034762456546929316,0.012746234067207415,0.6428571428571428,More occupied cells in 1990s,Gulls,short-and long-distance,8.9178677716,Larus fuscus
Alauda_arvensis,1970s to 1990s,1726,1718,1717,7,8,1710,1,15,0.00869061413673233,-1,1,0.9953650057937428,0.9947856315179606,0.004366812227074246,Fewer occupied cells in 1990s,Open-land insectivores,sedentary and short-distance,12.1983199326,Alauda arvensis
