trait_family,trait_value,n_species,model_set,predictor,n_rows,bandwidth_m,aicc,rss,local_r2_mean,local_r2_median,local_r2_max,max_abs_local_t,status
Foraging guild,Aquatic pursuers,6,single_predictor,Land-use heterogeneity,1776,100000,-12386.988165480952,0.09520824863151667,0.19684669761118737,0.2081766767249827,0.3501428529487595,5.13838660819136,ok
Foraging guild,Aquatic pursuers,6,single_predictor,Cropland,1776,100000,-12395.651084729094,0.09475602723858725,0.20197723832500067,0.21023508609700503,0.34980700700486594,6.2910874278654765,ok
Foraging guild,Aquatic pursuers,6,single_predictor,Forest,1776,100000,-12371.621136250724,0.09597708712376796,0.19026861515767235,0.2047543141061126,0.34630057336240266,2.8603993292239727,ok
Foraging guild,Aquatic pursuers,6,single_predictor,Grass/Shrubland,1776,100000,-12388.90754790851,0.09503605714739714,0.19810407994594081,0.21039686228591548,0.3532756890675887,4.894936697392659,ok
Foraging guild,Aquatic pursuers,6,single_predictor,Pasture,1776,100000,-12392.71716032088,0.09478511917172888,0.20138226982928176,0.2126503391749233,0.34851546799281374,5.328632328866715,ok
Foraging guild,Aquatic pursuers,6,single_predictor,Urban,1776,100000,-12367.532909586,0.09625253060063839,0.1879404368574497,0.20171784973391027,0.34099062131506885,2.802786570953607,ok
Foraging guild,Aquatic pursuers,6,single_predictor,Precipitation,1776,100000,-12377.346487537907,0.09588295295291697,0.1907189132123086,0.20792547394404978,0.34944478009390323,8.66135109848511,ok
Foraging guild,Aquatic pursuers,6,single_predictor,Temperature,1776,100000,-12379.809628813528,0.0960312133074549,0.18834472434540583,0.2053780950069345,0.3438533632983678,11.51996517063285,ok
Foraging guild,Dabbling ducks,7,single_predictor,Land-use heterogeneity,1776,100000,-11242.01713585893,0.18140960369887493,0.0737342685374636,0.05774623420960215,0.6333573166775003,3.8678148369075993,ok
Foraging guild,Dabbling ducks,7,single_predictor,Cropland,1776,100000,-11245.226671447585,0.18110318431501343,0.07514743660233812,0.05932781866514565,0.6303380090139274,4.743733314696991,ok
Foraging guild,Dabbling ducks,7,single_predictor,Forest,1776,100000,-11244.810405637318,0.18101411083793795,0.07752546857893447,0.06221071347208654,0.695647716500289,3.0238271724966848,ok
Foraging guild,Dabbling ducks,7,single_predictor,Grass/Shrubland,1776,100000,-11247.761618666584,0.18069192166773945,0.07610344330392098,0.06194146162002294,0.6380353154737881,4.599931607544375,ok
Foraging guild,Dabbling ducks,7,single_predictor,Pasture,1776,100000,-11251.308211279264,0.18024150484957996,0.0798461439704511,0.06654862610946254,0.6232183474828971,3.465548625424558,ok
Foraging guild,Dabbling ducks,7,single_predictor,Urban,1776,100000,-11231.993310389182,0.18242801734876118,0.06972195121993424,0.05471967804913011,0.6262151439706302,2.9081769800632427,ok
Foraging guild,Dabbling ducks,7,single_predictor,Precipitation,1776,100000,-11275.287496878442,0.17833377207759693,0.08619717735277017,0.07180239336067548,0.6251348994601037,8.538163619618706,ok
Foraging guild,Dabbling ducks,7,single_predictor,Temperature,1776,100000,-11257.540882130948,0.18065359456148822,0.07563263134783611,0.05859083394246631,0.631433218901663,7.184295806032108,ok
Foraging guild,Diurnal raptors,7,single_predictor,Land-use heterogeneity,1776,100000,-11467.447843793938,0.15978445863012536,0.20976750478366996,0.22132807344540922,0.623025476870887,7.753638489040868,ok
Foraging guild,Diurnal raptors,7,single_predictor,Cropland,1776,100000,-11457.282268234632,0.16072041040670798,0.2034760837944299,0.22596919531959223,0.5401183728898036,7.817012528966555,ok
Foraging guild,Diurnal raptors,7,single_predictor,Forest,1776,100000,-11417.634966018039,0.1642293394629638,0.18501178807704266,0.1861430371299856,0.4799692899169751,5.224620838958698,ok
Foraging guild,Diurnal raptors,7,single_predictor,Grass/Shrubland,1776,100000,-11437.45497097858,0.16238729157798587,0.1961791463083768,0.20768105549494026,0.5510708366123999,6.653223828461577,ok
Foraging guild,Diurnal raptors,7,single_predictor,Pasture,1776,100000,-11443.345534873828,0.16176885924164766,0.19640661094325723,0.21061464184186593,0.5829236912218816,6.399377283216792,ok
Foraging guild,Diurnal raptors,7,single_predictor,Urban,1776,100000,-11398.836533231966,0.16607050276212193,0.17378325771753508,0.1618140292834788,0.5083807741899554,4.592326391140047,ok
Foraging guild,Diurnal raptors,7,single_predictor,Precipitation,1776,100000,-11422.829230291849,0.1641173331625414,0.18274031119107298,0.17980840129332176,0.5677296904143673,11.379218940179685,ok
Foraging guild,Diurnal raptors,7,single_predictor,Temperature,1776,100000,-11397.682460641689,0.16694640101077435,0.17080249263712471,0.16257606206672975,0.48359423195488455,10.0315819404105,ok
Foraging guild,Foliage gleaners,9,single_predictor,Land-use heterogeneity,1776,100000,-8494.376504766624,0.8522265782007172,0.11665076195329072,0.10051698142686114,0.4584224210563206,7.8038627137795205,ok
Foraging guild,Foliage gleaners,9,single_predictor,Cropland,1776,100000,-8523.973566730412,0.8382396653519903,0.12737375251989652,0.11002202204298525,0.4990609777128064,9.399705174587439,ok
Foraging guild,Foliage gleaners,9,single_predictor,Forest,1776,100000,-8463.617427282084,0.8665865822882602,0.1067441909073262,0.08500209436369922,0.4250430538800543,3.8386602392350495,ok
Foraging guild,Foliage gleaners,9,single_predictor,Grass/Shrubland,1776,100000,-8488.414018489106,0.854468982287265,0.11344223381258149,0.0921175015382988,0.4523911905435055,7.756673003835728,ok
Foraging guild,Foliage gleaners,9,single_predictor,Pasture,1776,100000,-8456.1061394746,0.8697211870782324,0.10314566186123154,0.08639739244030037,0.4115157716427862,4.0211350790393405,ok
Foraging guild,Foliage gleaners,9,single_predictor,Urban,1776,100000,-8451.685840005997,0.8729201716600734,0.09823302475421179,0.07758251030854435,0.42826253486265725,4.3900723564512845,ok
Foraging guild,Foliage gleaners,9,single_predictor,Precipitation,1776,100000,-8550.111325366368,0.8272467027447644,0.1316218185723535,0.10524046324575334,0.5042978437157112,13.905584157661902,ok
Foraging guild,Foliage gleaners,9,single_predictor,Temperature,1776,100000,-8518.733391603524,0.8444644927615418,0.11772401151941593,0.0920506010847625,0.5144254871513563,14.368008795251288,ok
Foraging guild,Gulls,5,single_predictor,Land-use heterogeneity,1776,100000,-12468.84679059214,0.09091954686996848,0.07528578286705549,0.06904296634021581,0.24990425707677222,2.9552246946009357,ok
Foraging guild,Gulls,5,single_predictor,Cropland,1776,100000,-12478.455126713116,0.09043953957410163,0.0798527065846094,0.07505047208758235,0.23837854078266185,4.786223760508548,ok
Foraging guild,Gulls,5,single_predictor,Forest,1776,100000,-12461.17410274933,0.09125753090866501,0.07207267589703584,0.0660012944351003,0.23055374535097845,2.7285695812329123,ok
Foraging guild,Gulls,5,single_predictor,Grass/Shrubland,1776,100000,-12471.836279830693,0.09070044493691701,0.07675663412595196,0.06742057198108356,0.23743793187050172,4.087972205783488,ok
Foraging guild,Gulls,5,single_predictor,Pasture,1776,100000,-12476.203029183936,0.09043258148603658,0.07973518583379577,0.07718242454496405,0.3763645554498869,4.315978236701877,ok
Foraging guild,Gulls,5,single_predictor,Urban,1776,100000,-12490.562618919888,0.08981048965522577,0.08892463886200158,0.08322022406031698,0.47401777978760423,5.274526732629277,ok
Foraging guild,Gulls,5,single_predictor,Precipitation,1776,100000,-12469.076256825549,0.09105635154843016,0.07149633291681833,0.05634171742038599,0.237938003025173,5.243224112688626,ok
Foraging guild,Gulls,5,single_predictor,Temperature,1776,100000,-12478.792692476982,0.0908254534100742,0.07274435711967357,0.0602994498844026,0.2446725926380089,6.622771001218794,ok
Foraging guild,Low flycatching feeders,9,single_predictor,Land-use heterogeneity,1776,100000,-10237.955792973791,0.3192924115737099,0.265673244162442,0.24899296742178256,0.7851857565288318,3.4336793342340606,ok
Foraging guild,Low flycatching feeders,9,single_predictor,Cropland,1776,100000,-10238.193708223911,0.31928688121544074,0.26581414684019655,0.24799763360799243,0.8018662539819679,3.8734679313841602,ok
Foraging guild,Low flycatching feeders,9,single_predictor,Forest,1776,100000,-10237.941293730888,0.31910040258545735,0.2645230968939413,0.24070707707458416,0.8286558720208396,3.3782463930334314,ok
Foraging guild,Low flycatching feeders,9,single_predictor,Grass/Shrubland,1776,100000,-10247.03188486434,0.31743321191892493,0.26817591016293546,0.2505963189397859,0.784960438617374,3.8789862770917103,ok
Foraging guild,Low flycatching feeders,9,single_predictor,Pasture,1776,100000,-10262.097900854904,0.31459479089925646,0.27290115273160565,0.25266921967523615,0.7845837292611704,5.750527609647065,ok
Foraging guild,Low flycatching feeders,9,single_predictor,Urban,1776,100000,-10233.623891224574,0.32005748265337175,0.2633131749364453,0.24637302917915502,0.7847683498841826,3.7562152104225763,ok
Foraging guild,Low flycatching feeders,9,single_predictor,Precipitation,1776,100000,-10281.728487922497,0.31202811545574943,0.2736450028232247,0.2505825726149177,0.7864977082702101,8.595156707109744,ok
Foraging guild,Low flycatching feeders,9,single_predictor,Temperature,1776,100000,-10259.94096789796,0.3168070833493381,0.2671464999714145,0.2458838732788629,0.7850036659402942,9.758025766403362,ok
Foraging guild,Marsh warblers,6,single_predictor,Land-use heterogeneity,1776,100000,-11135.843674532056,0.19258542715975804,0.18688603137175783,0.17255852883725087,0.552655855293487,5.016134397474456,ok
Foraging guild,Marsh warblers,6,single_predictor,Cropland,1776,100000,-11146.598409714265,0.19144506087460528,0.19097412000125477,0.18074096524140176,0.5554003767444071,5.632373411659136,ok
Foraging guild,Marsh warblers,6,single_predictor,Forest,1776,100000,-11136.500187331532,0.19239690886993205,0.18882315365018368,0.17377985463671874,0.5526317053152929,4.8432815303908034,ok
Foraging guild,Marsh warblers,6,single_predictor,Grass/Shrubland,1776,100000,-11123.092800339326,0.1938316303707946,0.18122189433188898,0.15811496375830408,0.5521972974994735,3.7146148144409556,ok
Foraging guild,Marsh warblers,6,single_predictor,Pasture,1776,100000,-11112.096075919731,0.19493825289207908,0.17666651957149299,0.15415643875648838,0.5624830680989429,2.7592320939155948,ok
Foraging guild,Marsh warblers,6,single_predictor,Urban,1776,100000,-11115.509342977637,0.19479417517946687,0.17718465486716006,0.15564427266099068,0.560697649545602,2.5364351778299867,ok
Foraging guild,Marsh warblers,6,single_predictor,Precipitation,1776,100000,-11131.852667295148,0.1933340985667064,0.1812094426100398,0.15352599475288997,0.5871351242277867,5.366257506806697,ok
Foraging guild,Marsh warblers,6,single_predictor,Temperature,1776,100000,-11130.209772272905,0.1940812333575226,0.18016772316127366,0.15467459143781653,0.5651986298142616,8.322839254584357,ok
Foraging guild,Omnivorous corvids,7,single_predictor,Land-use heterogeneity,1776,100000,-10951.872627424655,0.21360470500923734,0.23310003392983591,0.18110775525544448,0.5207072687832742,3.0259875984469926,ok
Foraging guild,Omnivorous corvids,7,single_predictor,Cropland,1776,100000,-10961.694995731337,0.2124513799021404,0.2376501513573426,0.1859476570307818,0.5218663602001586,4.1018930289066,ok
Foraging guild,Omnivorous corvids,7,single_predictor,Forest,1776,100000,-10980.984283737633,0.2100038225079362,0.24398531745082125,0.1955461626495552,0.5361487185972403,4.603185890125928,ok
Foraging guild,Omnivorous corvids,7,single_predictor,Grass/Shrubland,1776,100000,-10951.864753968255,0.2134498874296526,0.23258557610701405,0.17911802469748184,0.5181087430500763,3.021472516996586,ok
Foraging guild,Omnivorous corvids,7,single_predictor,Pasture,1776,100000,-10948.64957773686,0.21373000134853704,0.23181534686431557,0.1833209685610443,0.5233883057937615,2.923326941745529,ok
Foraging guild,Omnivorous corvids,7,single_predictor,Urban,1776,100000,-10971.779565045643,0.21121412265631617,0.24182216175286794,0.19006448275745375,0.518378245939627,5.506034543190329,ok
Foraging guild,Omnivorous corvids,7,single_predictor,Precipitation,1776,100000,-10968.391210667196,0.21197299435286854,0.2355192687326638,0.18364078308414322,0.5189979976082957,6.131408644509537,ok
Foraging guild,Omnivorous corvids,7,single_predictor,Temperature,1776,100000,-10961.145881132927,0.21346447651249864,0.23123932571008796,0.1869404820596669,0.5217892789485833,8.953480139308205,ok
Foraging guild,Open-land insectivores,6,single_predictor,Land-use heterogeneity,1776,100000,-12531.802963590717,0.08775305877141244,0.09128042294946524,0.08108096306281135,0.35151416835586907,3.8713614613507983,ok
Foraging guild,Open-land insectivores,6,single_predictor,Cropland,1776,100000,-12533.133133065408,0.08769758752243415,0.0907280683935535,0.08309075943510423,0.3508455504264223,4.964668725096162,ok
Foraging guild,Open-land insectivores,6,single_predictor,Forest,1776,100000,-12520.653077769777,0.0882518894427359,0.08692541401522243,0.08155831163021539,0.3358883204956262,4.509441403777797,ok
Foraging guild,Open-land insectivores,6,single_predictor,Grass/Shrubland,1776,100000,-12541.80181484319,0.08719676697431865,0.09483322096562596,0.08784630386178327,0.3420434426856506,4.716219856016403,ok
Foraging guild,Open-land insectivores,6,single_predictor,Pasture,1776,100000,-12536.444045035158,0.08741659390258423,0.09673641197085912,0.08976929049270546,0.4024654639349452,5.34757529457307,ok
Foraging guild,Open-land insectivores,6,single_predictor,Urban,1776,100000,-12523.37002153746,0.08816668258537291,0.08552663881196988,0.07888095415882979,0.33921211444608224,4.147508290292316,ok
Foraging guild,Open-land insectivores,6,single_predictor,Precipitation,1776,100000,-12573.632479744309,0.08585044883910223,0.10105007290369743,0.08443627283051089,0.45425469560981,10.456563286734546,ok
Foraging guild,Open-land insectivores,6,single_predictor,Temperature,1776,100000,-12538.66040597485,0.08781481938307974,0.08745038215106812,0.072868331424054,0.3585703164467991,8.705653588735816,ok
Foraging guild,Owls,5,single_predictor,Land-use heterogeneity,1776,100000,-13945.922582682886,0.0395785852419178,0.2629826159727813,0.19858607642234732,0.7795169263868856,4.223561074435247,ok
Foraging guild,Owls,5,single_predictor,Cropland,1776,100000,-13957.621883407262,0.03932330680785461,0.2685896861623648,0.21411239621594558,0.7522102567388698,4.974491341715518,ok
Foraging guild,Owls,5,single_predictor,Forest,1776,100000,-13909.324875063066,0.040378009195643154,0.25162679414603,0.18852146951350787,0.742423318335881,3.443826331411184,ok
Foraging guild,Owls,5,single_predictor,Grass/Shrubland,1776,100000,-13935.43826949479,0.0397838894754315,0.2593340116120873,0.19483468212760613,0.7573433877251754,3.9732080422324665,ok
Foraging guild,Owls,5,single_predictor,Pasture,1776,100000,-13914.882256458772,0.0402269626972276,0.2540464806695566,0.18631097066904828,0.78799270496626606,3.2570288858454024,ok
Foraging guild,Owls,5,single_predictor,Urban,1776,100000,-13911.72860193143,0.04034613923686786,0.25125656306054683,0.1840256895001403,0.7601975760480192,3.4270336139063047,ok
Foraging guild,Owls,5,single_predictor,Precipitation,1776,100000,-13939.82830371277,0.03977952808051005,0.25920894117571497,0.19248534016018592,0.8167423741209032,5.311259192088067,ok
Foraging guild,Owls,5,single_predictor,Temperature,1776,100000,-13927.644458936658,0.04017097245938395,0.25476165460868677,0.1918801919601117,0.7482188991976498,8.578214872979235,ok
Foraging guild,Passerine seedeaters,12,single_predictor,Land-use heterogeneity,1776,100000,-11404.521624356841,0.165547341179408,0.29026604089057534,0.27945007868854876,0.5887603031078303,5.601063909180346,ok
Foraging guild,Passerine seedeaters,12,single_predictor,Cropland,1776,100000,-11419.487109644297,0.16417736409468936,0.29725407699796724,0.2862227599223756,0.5983111695062401,6.697118181694592,ok
Foraging guild,Passerine seedeaters,12,single_predictor,Forest,1776,100000,-11366.555786468267,0.16902128633107671,0.27685866321905805,0.27000889436956876,0.5885700871734386,3.850293923279691,ok
Foraging guild,Passerine seedeaters,12,single_predictor,Grass/Shrubland,1776,100000,-11403.674850424073,0.1655055135867089,0.2901014623942344,0.27601508233346217,0.598677912350536,5.761193941137803,ok
Foraging guild,Passerine seedeaters,12,single_predictor,Pasture,1776,100000,-11414.340636404188,0.16443249291529455,0.29911493319381655,0.3018962581528294,0.5933003401312892,7.257852766611459,ok
Foraging guild,Passerine seedeaters,12,single_predictor,Urban,1776,100000,-11358.529074580118,0.16988267551430522,0.2727739272845273,0.2680750904644661,0.5881566296475934,3.5503422044454216,ok
Foraging guild,Passerine seedeaters,12,single_predictor,Precipitation,1776,100000,-11354.798323479718,0.17052592004616124,0.26982013375980085,0.2587933664937496,0.5921721522161918,6.987025600280777,ok
Foraging guild,Passerine seedeaters,12,single_predictor,Temperature,1776,100000,-11361.99652521444,0.1703348560253796,0.270152757284933,0.25909184075557873,0.5908635785352752,13.787824843971173,ok
Foraging guild,Plovers,6,single_predictor,Land-use heterogeneity,1776,100000,-11056.513133384598,0.20138287164822571,0.14213733284426877,0.1307590708945317,0.7686531472086198,6.54578313658217,ok
Foraging guild,Plovers,6,single_predictor,Cropland,1776,100000,-11081.677663707991,0.19857271454606643,0.15529918450848898,0.1477918480337675,0.7678717006262081,7.334599169735383,ok
Foraging guild,Plovers,6,single_predictor,Forest,1776,100000,-11025.30097304445,0.2048284177623805,0.13043476518963074,0.12121658728559812,0.7567956061057647,5.951159389377175,ok
Foraging guild,Plovers,6,single_predictor,Grass/Shrubland,1776,100000,-11001.460868421309,0.2075716011015108,0.11665693521502901,0.11157796384984786,0.7705802174938303,4.146380445369571,ok
Foraging guild,Plovers,6,single_predictor,Pasture,1776,100000,-11015.20104598025,0.20586916979293066,0.12648425418027193,0.11792542379971249,0.789430990112535,5.685138008359162,ok
Foraging guild,Plovers,6,single_predictor,Urban,1776,100000,-10992.80531506467,0.20872833940658866,0.11619768281923228,0.11212174181826232,0.7617935477574909,4.09416757358677,ok
Foraging guild,Plovers,6,single_predictor,Precipitation,1776,100000,-11082.636704006298,0.19876663815324114,0.1474284566782628,0.12564434906603922,0.7597831085284655,10.97337299999836,ok
Foraging guild,Plovers,6,single_predictor,Temperature,1776,100000,-11025.635293246809,0.2058522804870112,0.11839506519430633,0.10439747129378221,0.7975210312881401,8.579845938022784,ok
Foraging guild,Rails,5,single_predictor,Land-use heterogeneity,1776,100000,-12031.353550066711,0.11631607838779803,0.20723769468679976,0.1963161897040991,0.4040641158276734,4.29049502690465,ok
Foraging guild,Rails,5,single_predictor,Cropland,1776,100000,-12037.104725591127,0.11595354829600438,0.21033486926288017,0.20196932803770998,0.41977772839349525,4.7220485660573335,ok
Foraging guild,Rails,5,single_predictor,Forest,1776,100000,-12039.368552859742,0.11572175483685895,0.2124469334962477,0.20300481206990806,0.4400490791692582,5.166839556416217,ok
Foraging guild,Rails,5,single_predictor,Grass/Shrubland,1776,100000,-12024.479135470234,0.11668203044629841,0.20503157915116169,0.1910789571067632,0.39640660734168387,3.394869961445659,ok
Foraging guild,Rails,5,single_predictor,Pasture,1776,100000,-12019.87735830975,0.11692640819678557,0.2023456817821058,0.18330639849328098,0.3959392007279241,2.9839926655145192,ok
Foraging guild,Rails,5,single_predictor,Urban,1776,100000,-12024.81498924828,0.11673974632346965,0.20324831901552073,0.18612873904947674,0.4067296753730348,3.794278960081749,ok
Foraging guild,Rails,5,single_predictor,Precipitation,1776,100000,-12027.830272654151,0.11673750625981401,0.20568694165132467,0.1901636020009293,0.40935834609145516,8.006202419260637,ok
Foraging guild,Rails,5,single_predictor,Temperature,1776,100000,-12035.159926558481,0.11659807848982733,0.20511908694561148,0.1843117146369447,0.45803856246235947,14.992751940597566,ok
Foraging guild,Scolopacids,9,single_predictor,Land-use heterogeneity,1776,100000,-11039.044164764695,0.20337347381351717,0.1526957590614151,0.13804984744344803,0.8760009782808604,5.844168739167638,ok
Foraging guild,Scolopacids,9,single_predictor,Cropland,1776,100000,-11079.004807981943,0.19887178876226722,0.17240222195795024,0.16237050847056855,0.8758740538084901,8.062155708678523,ok
Foraging guild,Scolopacids,9,single_predictor,Forest,1776,100000,-11040.985020297592,0.20302751961447466,0.15663039476643625,0.13791726291224327,0.8769379169999226,5.170582886792417,ok
Foraging guild,Scolopacids,9,single_predictor,Grass/Shrubland,1776,100000,-11051.950727089306,0.20175364445974478,0.15200087163121528,0.14279836894403902,0.8796626722242207,7.621359444540443,ok
Foraging guild,Scolopacids,9,single_predictor,Pasture,1776,100000,-11022.312056817855,0.20504652844164528,0.1430013345037144,0.13141040959172273,0.8774008720498153,4.015729539482469,ok
Foraging guild,Scolopacids,9,single_predictor,Urban,1776,100000,-10991.755824246757,0.20885171959378224,0.1282066039264322,0.11500274074899175,0.8756888939221467,2.233469942672635,ok
Foraging guild,Scolopacids,9,single_predictor,Precipitation,1776,100000,-11097.67192350357,0.19709102685356433,0.15425121036774206,0.131823962768766,0.8801620386044617,12.683501278745016,ok
Foraging guild,Scolopacids,9,single_predictor,Temperature,1776,100000,-11067.777976953115,0.20102511248136923,0.15041721324114668,0.1426405136234617,0.8871946086432927,11.704617954026997,ok
Foraging guild,Terns,5,single_predictor,Land-use heterogeneity,1776,100000,-13239.59050196417,0.058909225023093995,0.15020399161641518,0.1423093361625912,0.9045087915698403,7.433720642044891,ok
Foraging guild,Terns,5,single_predictor,Cropland,1776,100000,-13276.365588227387,0.05770868302720416,0.16474111109336723,0.1645509950755145,0.9074797903801576,9.094899876043444,ok
Foraging guild,Terns,5,single_predictor,Forest,1776,100000,-13198.32999723103,0.06025709131753409,0.12980881335366937,0.11295969966562133,0.9071509960422635,5.322448338032242,ok
Foraging guild,Terns,5,single_predictor,Grass/Shrubland,1776,100000,-13207.399968676184,0.059942964531292955,0.13095970025721412,0.10276642676218788,0.9042378945414429,8.362791843179082,ok
Foraging guild,Terns,5,single_predictor,Pasture,1776,100000,-13189.44907188942,0.06052170830335213,0.12530431459586475,0.11374477301723028,0.9111282898855276,7.146266183318083,ok
Foraging guild,Terns,5,single_predictor,Urban,1776,100000,-13146.158394365368,0.06208845205110418,0.105341247657881,0.07985505986048916,0.9040203585202408,2.576645120480634,ok
Foraging guild,Terns,5,single_predictor,Precipitation,1776,100000,-13250.14279013517,0.058655939953199884,0.15110000601587037,0.1069477365991777,0.9066909085452222,12.738850133220568,ok
Foraging guild,Terns,5,single_predictor,Temperature,1776,100000,-13201.290964841904,0.06046879700017785,0.1184756223512554,0.09426233026234634,0.925597079445728,10.402485344696956,ok
Foraging guild,Tit-like birds,12,single_predictor,Land-use heterogeneity,1776,100000,-9562.345836207205,0.4670883122781352,0.10485144010459627,0.07589437749839903,0.8453323284809107,4.6564739619973325,ok
Foraging guild,Tit-like birds,12,single_predictor,Cropland,1776,100000,-9562.07681715214,0.46721356252727636,0.1046947341968555,0.07611407329079814,0.8170431698670376,5.254535560909486,ok
Foraging guild,Tit-like birds,12,single_predictor,Forest,1776,100000,-9560.308391311166,0.46733944312739834,0.10712894105104037,0.08131232716321542,0.7865795408762951,4.099880531491163,ok
Foraging guild,Tit-like birds,12,single_predictor,Grass/Shrubland,1776,100000,-9563.217355326135,0.46651871790677635,0.1061018421060174,0.07824318849918963,0.8224068436930425,4.546188557851159,ok
Foraging guild,Tit-like birds,12,single_predictor,Pasture,1776,100000,-9552.574273499196,0.46908874841192105,0.10174071155901963,0.07151555728578309,0.8192909975786647,3.1874891392302764,ok
Foraging guild,Tit-like birds,12,single_predictor,Urban,1776,100000,-9542.252140139297,0.4723813049092025,0.09545391785586423,0.06872675663008106,0.7977764154538928,1.971381068483194,ok
Foraging guild,Tit-like birds,12,single_predictor,Precipitation,1776,100000,-9554.817671971203,0.4698389272525088,0.09841622960520614,0.07197867923071667,0.8067808612715419,6.373329639197545,ok
Foraging guild,Tit-like birds,12,single_predictor,Temperature,1776,100000,-9560.0123379511,0.4698422391860567,0.09872858358980417,0.06586112823802703,0.7869539977791193,7.426207038690935,ok
Foraging guild,Woodpeckers,5,single_predictor,Land-use heterogeneity,1776,100000,-13254.909961713076,0.05840326981485638,0.12191078028135988,0.11442236482207692,0.7865247713714619,6.91984036042537,ok
Foraging guild,Woodpeckers,5,single_predictor,Cropland,1776,100000,-13277.118818304096,0.05768421303884473,0.13359413342327017,0.13247635941063104,0.7624918152558542,8.4628327881917,ok
Foraging guild,Woodpeckers,5,single_predictor,Forest,1776,100000,-13267.795573211468,0.05794572309355324,0.13532540103040586,0.132785572607238,0.7535283061778069,7.924988062116831,ok
Foraging guild,Woodpeckers,5,single_predictor,Grass/Shrubland,1776,100000,-13235.60024100025,0.05899867507305606,0.11231029658967442,0.10175551321963139,0.7699157472695071,4.592074156310711,ok
Foraging guild,Woodpeckers,5,single_predictor,Pasture,1776,100000,-13208.999763687589,0.059859122505290324,0.1032130542451084,0.09439559771541792,0.7741381453100806,2.4341199132165388,ok
Foraging guild,Woodpeckers,5,single_predictor,Urban,1776,100000,-13218.725461270362,0.05960265853503992,0.10817455533819818,0.09267656728874114,0.7632656341341598,3.5311202237455417,ok
Foraging guild,Woodpeckers,5,single_predictor,Precipitation,1776,100000,-13218.715897163056,0.059703113446123765,0.10226377397743426,0.08853532459258409,0.7517301515027495,5.870248493227572,ok
Foraging guild,Woodpeckers,5,single_predictor,Temperature,1776,100000,-13211.418845668515,0.06012494684358813,0.0992304195718547,0.09307784046108497,0.7697181893087601,5.84057361377748,ok
Migratory strategy,long-distance,44,single_predictor,Land-use heterogeneity,1776,100000,-8379.011896605405,0.9094226776077801,0.3684131773195079,0.322671171076614,0.6332122148785656,2.5497583307381126,ok
Migratory strategy,long-distance,44,single_predictor,Cropland,1776,100000,-8382.179643451584,0.9079079321937651,0.36951726056721823,0.3260055203125926,0.6326648069231107,3.633784829690531,ok
Migratory strategy,long-distance,44,single_predictor,Forest,1776,100000,-8399.49904306054,0.8984443069589045,0.37428115063656436,0.3364137396311728,0.6337593050489311,5.599063810946806,ok
Migratory strategy,long-distance,44,single_predictor,Grass/Shrubland,1776,100000,-8379.136124381255,0.9086959487724782,0.3683760252781214,0.3226717131390726,0.632401863069094,2.9524380217560307,ok
Migratory strategy,long-distance,44,single_predictor,Pasture,1776,100000,-8387.565331498441,0.903942256633663,0.3731628801305875,0.3268928365634748,0.6332586977266788,3.657257396605195,ok
Migratory strategy,long-distance,44,single_predictor,Urban,1776,100000,-8392.476383774303,0.9025127053420781,0.37347762584170924,0.3287454135681033,0.632911632079822,4.079950975024329,ok
Migratory strategy,long-distance,44,single_predictor,Precipitation,1776,100000,-8409.906731723382,0.8951998495576721,0.37125548237381445,0.33350072612101295,0.631635979680642,7.013278555648782,ok
Migratory strategy,long-distance,44,single_predictor,Temperature,1776,100000,-8399.238035614082,0.9032380240881628,0.369362518221254,0.3176884511825142,0.6329531920912304,15.122257277219129,ok
Migratory strategy,sedentary,35,single_predictor,Land-use heterogeneity,1776,100000,-7396.551428747367,1.5812914701923377,0.11292761462592073,0.0843315946469102,0.6491683796795856,2.5447044972151773,ok
Migratory strategy,sedentary,35,single_predictor,Cropland,1776,100000,-7401.796643921801,1.5768121036415508,0.11569415852325496,0.08720628489724525,0.6000608302287413,3.213737632344812,ok
Migratory strategy,sedentary,35,single_predictor,Forest,1776,100000,-7400.082235600518,1.5771889702372877,0.11388439201138661,0.0890995214389175,0.5846302161675512,4.038431566325241,ok
Migratory strategy,sedentary,35,single_predictor,Grass/Shrubland,1776,100000,-7398.55102152688,1.5783602963569094,0.11311125162841167,0.08542648950156737,0.6176002798745035,2.5311760727723795,ok
Migratory strategy,sedentary,35,single_predictor,Pasture,1776,100000,-7398.996456735413,1.5771774455959706,0.11578466901311052,0.0866118572796045,0.5855130762339209,3.7266516624047377,ok
Migratory strategy,sedentary,35,single_predictor,Urban,1776,100000,-7391.587313368796,1.5856448259300409,0.11001742783852499,0.08012293566356898,0.5876709966070071,3.0746784302664167,ok
Migratory strategy,sedentary,35,single_predictor,Precipitation,1776,100000,-7408.382348207196,1.5733594290872959,0.11221254143332637,0.08629983063087335,0.5835061934857321,4.788296590936676,ok
Migratory strategy,sedentary,35,single_predictor,Temperature,1776,100000,-7405.181675465747,1.5808256143186894,0.11295120652623931,0.09058111784677547,0.5847652698547412,5.789689460702051,ok
Migratory strategy,sedentary and short-distance,31,single_predictor,Land-use heterogeneity,1776,100000,-9463.767083380397,0.4937475725411703,0.28694559466065234,0.2980332440589253,0.49279611210977886,7.158525707951706,ok
Migratory strategy,sedentary and short-distance,31,single_predictor,Cropland,1776,100000,-9458.391558691861,0.4953020605036112,0.2836329551299329,0.2872488412462678,0.45924355103341047,6.21038788623738,ok
Migratory strategy,sedentary and short-distance,31,single_predictor,Forest,1776,100000,-9448.153625702065,0.49780381739768875,0.2831018852768274,0.2861987385942607,0.46603235230909723,6.0783611234991675,ok
Migratory strategy,sedentary and short-distance,31,single_predictor,Grass/Shrubland,1776,100000,-9447.10523969904,0.4980381034733882,0.28049804193950745,0.2807702331195785,0.46787782360362573,5.262513827347271,ok
Migratory strategy,sedentary and short-distance,31,single_predictor,Pasture,1776,100000,-9416.759550015073,0.5063682815923168,0.2718455519547877,0.27089181110903554,0.45734620542648835,2.9636576332569637,ok
Migratory strategy,sedentary and short-distance,31,single_predictor,Urban,1776,100000,-9427.330724245387,0.5039587972692063,0.2749600041473675,0.2723053646740589,0.4552242844384125,4.561510400641409,ok
Migratory strategy,sedentary and short-distance,31,single_predictor,Precipitation,1776,100000,-9460.331064136404,0.49551213645429715,0.28378420580348007,0.27996511223492687,0.4940630568397242,10.253137958247796,ok
Migratory strategy,sedentary and short-distance,31,single_predictor,Temperature,1776,100000,-9427.182108533205,0.5063300720339872,0.2704905871683674,0.2648736631359423,0.46459255047799014,16.30251357333661,ok
Migratory strategy,short-and long-distance,8,single_predictor,Land-use heterogeneity,1776,100000,-13568.054931900215,0.04896234396454163,0.10019003714568718,0.09440183486561983,0.5069171283579151,7.121297469525405,ok
Migratory strategy,short-and long-distance,8,single_predictor,Cropland,1776,100000,-13568.116401395693,0.04896636047449891,0.10085023785709078,0.09798384981336114,0.5063627662087798,7.077583830202028,ok
Migratory strategy,short-and long-distance,8,single_predictor,Forest,1776,100000,-13509.071663958897,0.0505848998071099,0.07385559506594314,0.054034562276289694,0.5090161817171533,4.576460076059652,ok
Migratory strategy,short-and long-distance,8,single_predictor,Grass/Shrubland,1776,100000,-13504.25395985885,0.05071623120235491,0.068965289884691,0.052149730774562,0.49162215441552337,4.229167756985415,ok
Migratory strategy,short-and long-distance,8,single_predictor,Pasture,1776,100000,-13589.660875940575,0.048310920448579986,0.11815965985028855,0.10787881924302876,0.49350906624573115,7.475789691125028,ok
Migratory strategy,short-and long-distance,8,single_predictor,Urban,1776,100000,-13492.62413853592,0.05108433789853469,0.062072263478366856,0.04760309892626217,0.49910784372871,3.711315282269897,ok
Migratory strategy,short-and long-distance,8,single_predictor,Precipitation,1776,100000,-13555.456446032516,0.04939148325872391,0.08601544493742189,0.05821344794770425,0.513600638611689,7.9996965535261735,ok
Migratory strategy,short-and long-distance,8,single_predictor,Temperature,1776,100000,-13513.307006879095,0.05072621162480112,0.0684731780801703,0.050836589348370854,0.5359455076155047,6.6877030303645775,ok
Migratory strategy,short-distance,39,single_predictor,Land-use heterogeneity,1776,100000,-9414.694366137865,0.5075805585177795,0.08450824859390889,0.06751658626975672,0.7049319556994137,5.832327967943129,ok
Migratory strategy,short-distance,39,single_predictor,Cropland,1776,100000,-9440.400255867655,0.5003450887076089,0.09911647017743738,0.08988485578496125,0.7104696542026036,6.737695830877079,ok
Migratory strategy,short-distance,39,single_predictor,Forest,1776,100000,-9397.915727955706,0.5120862987221806,0.07430543471493053,0.06065894274825237,0.7101671306885912,5.616098365081637,ok
Migratory strategy,short-distance,39,single_predictor,Grass/Shrubland,1776,100000,-9397.57766142333,0.5121224399751743,0.07608845525182988,0.06157936362585979,0.7048002765971746,5.850073051534004,ok
Migratory strategy,short-distance,39,single_predictor,Pasture,1776,100000,-9393.990868940256,0.5129018170513382,0.07703058635767966,0.0648017488146406,0.725816863990966,4.802480384012687,ok
Migratory strategy,short-distance,39,single_predictor,Urban,1776,100000,-9363.818163673122,0.5223072886095175,0.05708201756117679,0.04256892389566337,0.7103513608783995,2.74335187751763,ok
Migratory strategy,short-distance,39,single_predictor,Precipitation,1776,100000,-9423.575765631394,0.5058738843358132,0.08166855698161765,0.04561869988394648,0.7152538728407911,10.29211001627139,ok
Migratory strategy,short-distance,39,single_predictor,Temperature,1776,100000,-9392.646714426823,0.5162723197297546,0.062262929451900276,0.03653712770653186,0.7838509501982704,6.176257986794413,ok
