"","kvadratkod","survey","tmean_year"
"AD90","AD90","AD90_3",9.92801227071647
"AD91","AD91","AD91_3",9.91260547744505
"AD92","AD92","AD92_3",9.82114527240381
"AD93","AD93","AD93_3",9.85073517587911
"AD94","AD94","AD94_3",9.9154604337557
"AD95","AD95","AD95_3",9.92232383983183
"AD96","AD96","AD96_3",9.92795421112598
"AE81","AE81","AE81_3",10.0269529553182
"AE82","AE82","AE82_3",10.0055871280197
"AE83","AE83","AE83_3",9.99370807262903
"AE90","AE90","AE90_3",10.0345545720633
"AE91","AE91","AE91_3",10.0226740390073
"AE92","AE92","AE92_3",10.0093401840767
"AE93","AE93","AE93_3",9.98969182212685
"AE94","AE94","AE94_3",9.97107481581364
"AE95","AE95","AE95_3",9.96386593170838
"AE96","AE96","AE96_3",9.94127663307476
"AE97","AE97","AE97_3",9.89842129988964
"AE98","AE98","AE98_3",9.91671991200946
"AE99","AE99","AE99_3",9.93149496917266
"AF81","AF81","AF81_3",10.2274215074076
"AF82","AF82","AF82_3",10.2063588770928
"AF90","AF90","AF90_3",10.2341226720672
"AF91","AF91","AF91_3",10.1895525677323
"AF92","AF92","AF92_3",10.1656274619093
"AF93","AF93","AF93_3",10.1449477803264
"AF94","AF94","AF94_3",10.1280877085296
"AF95","AF95","AF95_3",10.1005313811425
"AF96","AF96","AF96_3",10.0723014210458
"AF97","AF97","AF97_3",10.0803125574408
"AF98","AF98","AF98_3",10.0593593271174
"AF99","AF99","AF99_3",10.0464892125588
"BC10","BC10","BC10_3",9.80396372480935
"BC11","BC11","BC11_3",9.83022874967035
"BC20","BC20","BC20_3",9.79493446060953
"BC21","BC21","BC21_3",9.78499893138178
"BC22","BC22","BC22_3",9.79938254997252
"BC23","BC23","BC23_3",9.8354192837634
"BC30","BC30","BC30_3",9.75732810737682
"BC31","BC31","BC31_3",9.77592586182219
"BC32","BC32","BC32_3",9.7488706361594
"BC33","BC33","BC33_3",9.748214785356
"BC34","BC34","BC34_3",9.8109140062907
"BC40","BC40","BC40_3",9.70866004172251
"BC41","BC41","BC41_3",9.72590950410732
"BC42","BC42","BC42_3",9.71346385980922
"BC43","BC43","BC43_3",9.66321761843499
"BC44","BC44","BC44_3",9.76518719755173
"BC45","BC45","BC45_3",9.79682555753715
"BC50","BC50","BC50_3",9.74265284050556
"BC51","BC51","BC51_3",9.73328003917459
"BC52","BC52","BC52_3",9.68218933271973
"BC53","BC53","BC53_3",9.64441010083265
"BC54","BC54","BC54_3",9.68678679350752
"BC55","BC55","BC55_3",9.70517783159246
"BC56","BC56","BC56_3",9.72237330250922
"BC60","BC60","BC60_3",9.64850834795551
"BC61","BC61","BC61_3",9.80828477579508
"BC62","BC62","BC62_3",9.74959020832641
"BC63","BC63","BC63_3",9.70943995837506
"BC64","BC64","BC64_3",9.76270064366551
"BC65","BC65","BC65_3",9.73253424752255
"BC70","BC70","BC70_3",9.71534824476094
"BC71","BC71","BC71_3",9.74811831705098
"BC72","BC72","BC72_3",9.76673861120337
"BC73","BC73","BC73_3",9.74390186712073
"BC74","BC74","BC74_3",9.76568459887315
"BC75","BC75","BC75_3",9.77613228104297
"BC80","BC80","BC80_3",9.78631869338751
"BC81","BC81","BC81_3",9.71065856103353
"BC82","BC82","BC82_3",9.76459501007959
"BC83","BC83","BC83_3",9.78630285623674
"BC84","BC84","BC84_3",9.74356082145981
"BC85","BC85","BC85_3",9.73208949900059
"BC86","BC86","BC86_3",9.77123548241647
"BC91","BC91","BC91_3",9.77961088188249
"BC92","BC92","BC92_3",9.77830507331883
"BC93","BC93","BC93_3",9.76916017316836
"BC94","BC94","BC94_3",9.76028497939304
"BC95","BC95","BC95_3",9.73280999996989
"BC96","BC96","BC96_3",9.73158410617461
"BD00","BD00","BD00_3",9.88331316167388
"BD01","BD01","BD01_3",9.84860665386257
"BD02","BD02","BD02_3",9.72446593641235
"BD03","BD03","BD03_3",9.74165527378382
"BD04","BD04","BD04_3",9.85060364181597
"BD05","BD05","BD05_3",9.91158688845681
"BD06","BD06","BD06_3",9.91197164192329
"BD07","BD07","BD07_3",9.91284472499683
"BD08","BD08","BD08_3",9.91132803339501
"BD09","BD09","BD09_3",9.88753856025579
"BD10","BD10","BD10_3",9.82630310684744
"BD11","BD11","BD11_3",9.77397134549736
"BD12","BD12","BD12_3",9.68471914855904
"BD13","BD13","BD13_3",9.67320035164411
"BD14","BD14","BD14_3",9.82368323512364
"BD16","BD16","BD16_3",9.82848453962929
"BD17","BD17","BD17_3",9.67646238111881
"BD18","BD18","BD18_3",9.809673995263
"BD19","BD19","BD19_3",9.8500548182079
"BD20","BD20","BD20_3",9.73958479038648
"BD21","BD21","BD21_3",9.69091200284828
"BD22","BD22","BD22_3",9.65342167611808
"BD23","BD23","BD23_3",9.54579018838793
"BD24","BD24","BD24_3",9.74529093653399
"BD26","BD26","BD26_3",9.80824068628683
"BD27","BD27","BD27_3",9.57614219124995
"BD28","BD28","BD28_3",9.66374963738781
"BD29","BD29","BD29_3",9.77951055590635
"BD30","BD30","BD30_3",9.65335300756392
"BD31","BD31","BD31_3",9.60759926932733
"BD32","BD32","BD32_3",9.62418778560396
"BD33","BD33","BD33_3",9.69905706556298
"BD34","BD34","BD34_3",9.78451625862349
"BD35","BD35","BD35_3",9.78887140280829
"BD36","BD36","BD36_3",9.78430453462498
"BD37","BD37","BD37_3",9.74966909435453
"BD38","BD38","BD38_3",9.75802674283111
"BD39","BD39","BD39_3",9.75341659006903
"BD40","BD40","BD40_3",9.56017277882273
"BD41","BD41","BD41_3",9.6097477758484
"BD42","BD42","BD42_3",9.70012047927483
"BD43","BD43","BD43_3",9.75052885001474
"BD44","BD44","BD44_3",9.78155829052979
"BD45","BD45","BD45_3",9.71367074410611
"BD46","BD46","BD46_3",9.79807092745633
"BD47","BD47","BD47_3",9.80435725103935
"BD48","BD48","BD48_3",9.82115023754551
"BD49","BD49","BD49_3",9.78412518371069
"BD50","BD50","BD50_3",9.55032622188945
"BD51","BD51","BD51_3",9.66826513258094
"BD52","BD52","BD52_3",9.77402160435086
"BD53","BD53","BD53_3",9.77576206002177
"BD54","BD54","BD54_3",9.79178361576262
"BD55","BD55","BD55_3",9.78907659048273
"BD56","BD56","BD56_3",9.79155519020796
"BD57","BD57","BD57_3",9.73690245211857
"BD58","BD58","BD58_3",9.69399487284266
"BD59","BD59","BD59_3",9.80484191805589
"BD60","BD60","BD60_3",9.57039762017532
"BD61","BD61","BD61_3",9.65188923258297
"BD62","BD62","BD62_3",9.75513413633529
"BD63","BD63","BD63_3",9.75472257512177
"BD64","BD64","BD64_3",9.67788056831589
"BD65","BD65","BD65_3",9.76484799591144
"BD66","BD66","BD66_3",9.74874820191817
"BD67","BD67","BD67_3",9.67249809624022
"BD68","BD68","BD68_3",9.58597315903872
"BD69","BD69","BD69_3",9.73790062323019
"BD70","BD70","BD70_3",9.46026546127281
"BD71","BD71","BD71_3",9.52253753118121
"BD72","BD72","BD72_3",9.6937484299614
"BD73","BD73","BD73_3",9.71953608047108
"BD74","BD74","BD74_3",9.63672946629948
"BD75","BD75","BD75_3",9.69098654613444
"BD76","BD76","BD76_3",9.75521613762571
"BD77","BD77","BD77_3",9.69698981165016
"BD78","BD78","BD78_3",9.65797409338151
"BD79","BD79","BD79_3",9.69904520731592
"BD80","BD80","BD80_3",9.45431314373206
"BD81","BD81","BD81_3",9.55825182619227
"BD82","BD82","BD82_3",9.65225333570083
"BD83","BD83","BD83_3",9.68138185967865
"BD84","BD84","BD84_3",9.5811565208477
"BD85","BD85","BD85_3",9.60059073458639
"BD86","BD86","BD86_3",9.69746032218404
"BD87","BD87","BD87_3",9.67829750737405
"BD88","BD88","BD88_3",9.74724751788751
"BD89","BD89","BD89_3",9.76918681718887
"BD90","BD90","BD90_3",9.56533808115888
"BD91","BD91","BD91_3",9.62247694553508
"BD92","BD92","BD92_3",9.65483541299563
"BD93","BD93","BD93_3",9.64285282394339
"BD94","BD94","BD94_3",9.52842139327862
"BD95","BD95","BD95_3",9.53927867685771
"BD96","BD96","BD96_3",9.60338356223028
"BD97","BD97","BD97_3",9.59891010982842
"BD98","BD98","BD98_3",9.72553320640977
"BD99","BD99","BD99_3",9.74228899558648
"BE02","BE02","BE02_3",9.97608005743829
"BE03","BE03","BE03_3",9.94774496953949
"BE04","BE04","BE04_3",9.94066339158949
"BE05","BE05","BE05_3",9.92615374915427
"BE06","BE06","BE06_3",9.90215153630294
"BE07","BE07","BE07_3",9.88815394535459
"BE08","BE08","BE08_3",9.89600661215605
"BE09","BE09","BE09_3",9.88960886874166
"BE10","BE10","BE10_3",9.97356731235654
"BE11","BE11","BE11_3",9.95290816003603
"BE12","BE12","BE12_3",9.92224205318835
"BE13","BE13","BE13_3",9.86965009596854
"BE14","BE14","BE14_3",9.85376846497609
"BE15","BE15","BE15_3",9.85066942179975
"BE16","BE16","BE16_3",9.80682575390688
"BE17","BE17","BE17_3",9.81461234669804
"BE18","BE18","BE18_3",9.85293404312137
"BE19","BE19","BE19_3",9.82683047499951
"BE20","BE20","BE20_3",9.91550182229577
"BE21","BE21","BE21_3",9.83907736781802
"BE22","BE22","BE22_3",9.75058198873933
"BE23","BE23","BE23_3",9.72279040138171
"BE24","BE24","BE24_3",9.71103216391849
"BE25","BE25","BE25_3",9.67982326551044
"BE26","BE26","BE26_3",9.67004151682001
"BE27","BE27","BE27_3",9.68195706229979
"BE28","BE28","BE28_3",9.75811643607268
"BE29","BE29","BE29_3",9.77999293228651
"BE30","BE30","BE30_3",9.84430672523978
"BE31","BE31","BE31_3",9.6811557308519
"BE32","BE32","BE32_3",9.53184096931246
"BE33","BE33","BE33_3",9.54800999226684
"BE34","BE34","BE34_3",9.6040715961621
"BE35","BE35","BE35_3",9.61484173095153
"BE36","BE36","BE36_3",9.55636695923516
"BE37","BE37","BE37_3",9.58235683009234
"BE38","BE38","BE38_3",9.64960292763404
"BE39","BE39","BE39_3",9.72755361224193
"BE40","BE40","BE40_3",9.79769232974888
"BE41","BE41","BE41_3",9.67604730908275
"BE42","BE42","BE42_3",9.57613269361019
"BE43","BE43","BE43_3",9.50042363402203
"BE44","BE44","BE44_3",9.50525568863594
"BE45","BE45","BE45_3",9.49029757889191
"BE46","BE46","BE46_3",9.495529436074
"BE47","BE47","BE47_3",9.51660566698189
"BE48","BE48","BE48_3",9.61915591409412
"BE49","BE49","BE49_3",9.67739265445319
"BE50","BE50","BE50_3",9.73090004153878
"BE51","BE51","BE51_3",9.62474547291556
"BE52","BE52","BE52_3",9.59604014529869
"BE53","BE53","BE53_3",9.57439073648671
"BE54","BE54","BE54_3",9.5158132174729
"BE55","BE55","BE55_3",9.3915519956554
"BE56","BE56","BE56_3",9.38752528238979
"BE57","BE57","BE57_3",9.48871477367589
"BE58","BE58","BE58_3",9.58486476250745
"BE59","BE59","BE59_3",9.61277136448484
"BE60","BE60","BE60_3",9.70969749854786
"BE61","BE61","BE61_3",9.64797402581519
"BE62","BE62","BE62_3",9.59595417449031
"BE63","BE63","BE63_3",9.57055194115293
"BE64","BE64","BE64_3",9.51267302699768
"BE65","BE65","BE65_3",9.45951617052329
"BE66","BE66","BE66_3",9.43978373404998
"BE67","BE67","BE67_3",9.45994954039806
"BE68","BE68","BE68_3",9.56530893617124
"BE69","BE69","BE69_3",9.5694403349061
"BE70","BE70","BE70_3",9.64231620955353
"BE71","BE71","BE71_3",9.57162350321549
"BE72","BE72","BE72_3",9.4678284428781
"BE73","BE73","BE73_3",9.48277812848785
"BE74","BE74","BE74_3",9.44929141158307
"BE75","BE75","BE75_3",9.46353721190217
"BE76","BE76","BE76_3",9.47589167712153
"BE77","BE77","BE77_3",9.49589446312845
"BE78","BE78","BE78_3",9.57429181294364
"BE79","BE79","BE79_3",9.56465856270317
"BE80","BE80","BE80_3",9.61390937481724
"BE81","BE81","BE81_3",9.49345688891832
"BE82","BE82","BE82_3",9.40656288337864
"BE83","BE83","BE83_3",9.43101101300455
"BE84","BE84","BE84_3",9.41682019005918
"BE85","BE85","BE85_3",9.4520612751062
"BE86","BE86","BE86_3",9.49864858206398
"BE87","BE87","BE87_3",9.51536356179281
"BE88","BE88","BE88_3",9.54309952527496
"BE89","BE89","BE89_3",9.50521698700847
"BE90","BE90","BE90_3",9.56597968969206
"BE91","BE91","BE91_3",9.51381224047878
"BE92","BE92","BE92_3",9.40481854422208
"BE93","BE93","BE93_3",9.42296753823114
"BE94","BE94","BE94_3",9.43311600650628
"BE95","BE95","BE95_3",9.438706650061
"BE96","BE96","BE96_3",9.47064639073261
"BE97","BE97","BE97_3",9.47224080057207
"BE98","BE98","BE98_3",9.49776779306536
"BE99","BE99","BE99_3",9.49831992654088
"BF00","BF00","BF00_3",10.2142340868414
"BF01","BF01","BF01_3",10.1750406214203
"BF02","BF02","BF02_3",10.1316372398157
"BF03","BF03","BF03_3",10.0555853762827
"BF04","BF04","BF04_3",10.1180094130599
"BF05","BF05","BF05_3",10.0340321492591
"BF06","BF06","BF06_3",10.0584520877281
"BF07","BF07","BF07_3",10.0572130306948
"BF08","BF08","BF08_3",10.0422558202445
"BF10","BF10","BF10_3",10.1641763834119
"BF11","BF11","BF11_3",10.0978279337828
"BF12","BF12","BF12_3",10.1027153531451
"BF13","BF13","BF13_3",10.0495143204519
"BF14","BF14","BF14_3",10.0179015986473
"BF15","BF15","BF15_3",10.0005608842143
"BF16","BF16","BF16_3",10.0131657319894
"BF17","BF17","BF17_3",10.0113785770828
"BF18","BF18","BF18_3",10.0135104590598
"BF20","BF20","BF20_3",10.0881812534725
"BF21","BF21","BF21_3",10.0457517795412
"BF22","BF22","BF22_3",10.0840676888181
"BF23","BF23","BF23_3",10.0001274971095
"BF24","BF24","BF24_3",9.93736892275412
"BF25","BF25","BF25_3",9.9057525711385
"BF26","BF26","BF26_3",9.91219241609796
"BF27","BF27","BF27_3",9.92600258045331
"BF28","BF28","BF28_3",9.94033303599831
"BF29","BF29","BF29_3",9.95583926532853
"BF30","BF30","BF30_3",9.98460730935165
"BF31","BF31","BF31_3",9.99131489292262
"BF32","BF32","BF32_3",9.98500861449363
"BF33","BF33","BF33_3",9.94489129553193
"BF34","BF34","BF34_3",9.84236802518972
"BF35","BF35","BF35_3",9.79839747343222
"BF36","BF36","BF36_3",9.80120204312939
"BF37","BF37","BF37_3",9.79986854493707
"BF38","BF38","BF38_3",9.83133501555606
"BF39","BF39","BF39_3",9.90582973507699
"BF40","BF40","BF40_3",9.92512706883686
"BF41","BF41","BF41_3",9.93154298330199
"BF42","BF42","BF42_3",9.8875365180848
"BF43","BF43","BF43_3",9.94783825092297
"BF44","BF44","BF44_3",9.87989307756893
"BF45","BF45","BF45_3",9.78827767126009
"BF46","BF46","BF46_3",9.71695658815634
"BF47","BF47","BF47_3",9.71877814912131
"BF48","BF48","BF48_3",9.80989404792398
"BF49","BF49","BF49_3",9.85697624790873
"BF50","BF50","BF50_3",9.94375801275322
"BF51","BF51","BF51_3",9.86072180220746
"BF52","BF52","BF52_3",9.86198105959184
"BF53","BF53","BF53_3",9.87924880838443
"BF54","BF54","BF54_3",9.83824131149299
"BF55","BF55","BF55_3",9.75765058391523
"BF56","BF56","BF56_3",9.71497274343018
"BF57","BF57","BF57_3",9.66572489114208
"BF58","BF58","BF58_3",9.75801774573099
"BF59","BF59","BF59_3",9.80124162246593
"BF60","BF60","BF60_3",9.92790730002693
"BF61","BF61","BF61_3",9.85334996178541
"BF62","BF62","BF62_3",9.79451695936326
"BF63","BF63","BF63_3",9.7946044526975
"BF64","BF64","BF64_3",9.7897571777033
"BF65","BF65","BF65_3",9.74198722329495
"BF66","BF66","BF66_3",9.71374273426268
"BF67","BF67","BF67_3",9.7051816491723
"BF68","BF68","BF68_3",9.7426539223033
"BF69","BF69","BF69_3",9.73593653666247
"BF70","BF70","BF70_3",9.83951150788374
"BF71","BF71","BF71_3",9.8224124912988
"BF72","BF72","BF72_3",9.76183929628876
"BF73","BF73","BF73_3",9.73245317844547
"BF74","BF74","BF74_3",9.73048339690119
"BF75","BF75","BF75_3",9.72019281437377
"BF76","BF76","BF76_3",9.70871147263336
"BF77","BF77","BF77_3",9.69412367358225
"BF78","BF78","BF78_3",9.67948882702341
"BF79","BF79","BF79_3",9.69472379989962
"BF80","BF80","BF80_3",9.76251127688237
"BF81","BF81","BF81_3",9.71874745225512
"BF82","BF82","BF82_3",9.67011015524372
"BF83","BF83","BF83_3",9.66165001338052
"BF84","BF84","BF84_3",9.66803519356189
"BF85","BF85","BF85_3",9.65020307246482
"BF86","BF86","BF86_3",9.64009444092199
"BF87","BF87","BF87_3",9.62870450037847
"BF88","BF88","BF88_3",9.57907505249279
"BF89","BF89","BF89_3",9.62220336269008
"BF90","BF90","BF90_3",9.65205297165777
"BF91","BF91","BF91_3",9.56834616146185
"BF92","BF92","BF92_3",9.5835638760936
"BF93","BF93","BF93_3",9.58414951280993
"BF94","BF94","BF94_3",9.53557202696791
"BF95","BF95","BF95_3",9.56939609859487
"BF96","BF96","BF96_3",9.56809028557591
"BF97","BF97","BF97_3",9.56573403831926
"BF98","BF98","BF98_3",9.54483232847639
"BF99","BF99","BF99_3",9.57681976900624
"BG09","BG09","BG09_3",10.2245176903052
"BG19","BG19","BG19_3",10.2111650304368
"BG26","BG26","BG26_3",10.1851400495052
"BG27","BG27","BG27_3",10.1738618526236
"BG28","BG28","BG28_3",10.1763016032476
"BG29","BG29","BG29_3",10.1570585230275
"BG30","BG30","BG30_3",10.2651025826159
"BG31","BG31","BG31_3",10.2502414547786
"BG32","BG32","BG32_3",10.2393499873055
"BG33","BG33","BG33_3",10.2250872299594
"BG36","BG36","BG36_3",10.1725282987228
"BG37","BG37","BG37_3",10.1697775219943
"BG38","BG38","BG38_3",10.1673140169876
"BG39","BG39","BG39_3",10.05958477329
"BG40","BG40","BG40_3",10.236797120053
"BG41","BG41","BG41_3",10.2123321278598
"BG42","BG42","BG42_3",10.2022371939525
"BG43","BG43","BG43_3",10.1992079956183
"BG45","BG45","BG45_3",10.1661514594658
"BG48","BG48","BG48_3",10.094547136514
"BG49","BG49","BG49_3",10.0437476015553
"BG50","BG50","BG50_3",10.1489462613208
"BG51","BG51","BG51_3",10.1577067907359
"BG52","BG52","BG52_3",10.1524620181271
"BG53","BG53","BG53_3",10.1356828378307
"BG54","BG54","BG54_3",10.1307636893228
"BG55","BG55","BG55_3",10.1124450717328
"BG56","BG56","BG56_3",10.0988932613784
"BG57","BG57","BG57_3",10.0806328035916
"BG58","BG58","BG58_3",10.0558967595947
"BG59","BG59","BG59_3",10.0217201979408
"BG60","BG60","BG60_3",10.1275955734731
"BG61","BG61","BG61_3",10.1355497568434
"BG62","BG62","BG62_3",10.1130083939072
"BG63","BG63","BG63_3",10.1008371620648
"BG64","BG64","BG64_3",10.0743765880746
"BG65","BG65","BG65_3",10.0534699873679
"BG66","BG66","BG66_3",10.0704072483325
"BG67","BG67","BG67_3",10.0433858722555
"BG68","BG68","BG68_3",9.97565509814281
"BG69","BG69","BG69_3",9.94885270281439
"BG70","BG70","BG70_3",10.0888637736622
"BG71","BG71","BG71_3",10.088042773775
"BG72","BG72","BG72_3",10.0055623715646
"BG73","BG73","BG73_3",10.0063196132327
"BG74","BG74","BG74_3",9.99163040528532
"BG75","BG75","BG75_3",9.98091464998711
"BG76","BG76","BG76_3",10.0212416833724
"BG77","BG77","BG77_3",9.98149205735388
"BG78","BG78","BG78_3",9.9031413993553
"BG79","BG79","BG79_3",9.87606215177934
"BG80","BG80","BG80_3",10.0251785962672
"BG81","BG81","BG81_3",9.95157033415615
"BG82","BG82","BG82_3",9.94222518023236
"BG83","BG83","BG83_3",9.92894692966642
"BG84","BG84","BG84_3",9.86919090749156
"BG85","BG85","BG85_3",9.94093268999797
"BG86","BG86","BG86_3",9.96058019568037
"BG87","BG87","BG87_3",9.90667274118308
"BG88","BG88","BG88_3",9.86011127359702
"BG89","BG89","BG89_3",9.7570015601165
"BG90","BG90","BG90_3",9.97351995521064
"BG91","BG91","BG91_3",9.91681962650052
"BG92","BG92","BG92_3",9.83998186148253
"BG93","BG93","BG93_3",9.81202414648881
"BG94","BG94","BG94_3",9.83369910254678
"BG95","BG95","BG95_3",9.8903424497365
"BG96","BG96","BG96_3",9.82900183499832
"BG97","BG97","BG97_3",9.79846746483305
"BG98","BG98","BG98_3",9.79616545215311
"BG99","BG99","BG99_3",9.63720741594765
"BH49","BH49","BH49_3",10.2673999468486
"BH57","BH57","BH57_3",10.2215811204107
"BH58","BH58","BH58_3",10.1827477721881
"BH59","BH59","BH59_3",10.1484762902426
"BH66","BH66","BH66_3",10.2079444819816
"BH67","BH67","BH67_3",10.193125849362
"BH68","BH68","BH68_3",10.1527009498391
"BH69","BH69","BH69_3",10.1187253245312
"BH76","BH76","BH76_3",10.165088187457
"BH77","BH77","BH77_3",10.1398892330198
"BH78","BH78","BH78_3",10.0731904477917
"BH79","BH79","BH79_3",10.0689896950749
"BH86","BH86","BH86_3",10.1230394991521
"BH87","BH87","BH87_3",10.1133640047222
"BH88","BH88","BH88_3",10.0441888969517
"BH89","BH89","BH89_3",10.0205207597582
"BH96","BH96","BH96_3",10.0699411361823
"BH97","BH97","BH97_3",10.0623991026248
"BH98","BH98","BH98_3",10.0199747921988
"BH99","BH99","BH99_3",9.97699294295564
"CB70","CB70","CB70_3",9.64960541787556
"CB80","CB80","CB80_3",9.63845050358615
"CB81","CB81","CB81_3",9.68994755032298
"CB82","CB82","CB82_3",9.6735603436988
"CB90","CB90","CB90_3",9.66646649798835
"CB91","CB91","CB91_3",9.64076070311769
"CB92","CB92","CB92_3",9.6174827462573
"CB93","CB93","CB93_3",9.56411685090998
"CB94","CB94","CB94_3",9.63737962948097
"CC01","CC01","CC01_3",9.76283293860759
"CC03","CC03","CC03_3",9.76996774178413
"CC04","CC04","CC04_3",9.75564854428193
"CC05","CC05","CC05_3",9.76640736590763
"CC06","CC06","CC06_3",9.70863289731108
"CC10","CC10","CC10_3",9.74634609835161
"CC11","CC11","CC11_3",9.7514947823101
"CC14","CC14","CC14_3",9.77052472381278
"CC15","CC15","CC15_3",9.75812526584866
"CC16","CC16","CC16_3",9.7242119571825
"CC20","CC20","CC20_3",9.71132325988706
"CC21","CC21","CC21_3",9.63354409994136
"CC22","CC22","CC22_3",9.73171465359007
"CC23","CC23","CC23_3",9.75049700228256
"CC24","CC24","CC24_3",9.74036318998436
"CC25","CC25","CC25_3",9.73074720137463
"CC26","CC26","CC26_3",9.71902965205166
"CC30","CC30","CC30_3",9.64130905133424
"CC31","CC31","CC31_3",9.64001824264013
"CC32","CC32","CC32_3",9.60716493521557
"CC33","CC33","CC33_3",9.70804683371839
"CC34","CC34","CC34_3",9.65232013626832
"CC35","CC35","CC35_3",9.59316076451027
"CC36","CC36","CC36_3",9.60541856507125
"CC40","CC40","CC40_3",9.54763574332296
"CC41","CC41","CC41_3",9.58337018953412
"CC42","CC42","CC42_3",9.63702471994405
"CC43","CC43","CC43_3",9.70902159450187
"CC44","CC44","CC44_3",9.66782739285823
"CC45","CC45","CC45_3",9.52048499929595
"CC46","CC46","CC46_3",9.55029831919375
"CC47","CC47","CC47_3",9.73123329270115
"CC50","CC50","CC50_3",9.48931875992419
"CC51","CC51","CC51_3",9.50378302227268
"CC52","CC52","CC52_3",9.57804300418036
"CC53","CC53","CC53_3",9.65015652760154
"CC54","CC54","CC54_3",9.68507207543704
"CC55","CC55","CC55_3",9.59202589423188
"CC56","CC56","CC56_3",9.60181416242205
"CC57","CC57","CC57_3",9.69787645231288
"CC60","CC60","CC60_3",9.52290211787854
"CC61","CC61","CC61_3",9.5345558830615
"CC62","CC62","CC62_3",9.5952463274251
"CC63","CC63","CC63_3",9.62943844176687
"CC64","CC64","CC64_3",9.70718923314318
"CC65","CC65","CC65_3",9.68967803925902
"CC66","CC66","CC66_3",9.69760059777996
"CC67","CC67","CC67_3",9.65043052145834
"CC68","CC68","CC68_3",9.67877797420438
"CC70","CC70","CC70_3",9.46792921163351
"CC71","CC71","CC71_3",9.486682126577
"CC72","CC72","CC72_3",9.55222513373939
"CC73","CC73","CC73_3",9.68637116556895
"CC74","CC74","CC74_3",9.69704967752273
"CC75","CC75","CC75_3",9.68471396856333
"CC76","CC76","CC76_3",9.69370008389582
"CC77","CC77","CC77_3",9.6620489480774
"CC78","CC78","CC78_3",9.6580623794057
"CC79","CC79","CC79_3",9.64273483372877
"CC80","CC80","CC80_3",9.4029388967218
"CC81","CC81","CC81_3",9.36512667189514
"CC82","CC82","CC82_3",9.36297015603598
"CC83","CC83","CC83_3",9.58655763464841
"CC84","CC84","CC84_3",9.66999158073689
"CC85","CC85","CC85_3",9.67694667451971
"CC86","CC86","CC86_3",9.69774659702653
"CC87","CC87","CC87_3",9.67688610264836
"CC88","CC88","CC88_3",9.68362413724648
"CC89","CC89","CC89_3",9.63173516617249
"CC90","CC90","CC90_3",9.28708131389294
"CC91","CC91","CC91_3",9.34204956352809
"CC92","CC92","CC92_3",9.41338983418305
"CC93","CC93","CC93_3",9.51410467016615
"CC94","CC94","CC94_3",9.67509706094113
"CC95","CC95","CC95_3",9.68632673451232
"CC96","CC96","CC96_3",9.67465953941478
"CC97","CC97","CC97_3",9.65544484763996
"CC98","CC98","CC98_3",9.6721366239594
"CC99","CC99","CC99_3",9.68166796619063
"CD00","CD00","CD00_3",9.522291930867
"CD01","CD01","CD01_3",9.5134755302071
"CD02","CD02","CD02_3",9.58735263249124
"CD03","CD03","CD03_3",9.65330960490517
"CD04","CD04","CD04_3",9.63781610287889
"CD05","CD05","CD05_3",9.60361774784305
"CD06","CD06","CD06_3",9.52560056759239
"CD07","CD07","CD07_3",9.62804595925261
"CD08","CD08","CD08_3",9.67887432078265
"CD09","CD09","CD09_3",9.70224101082199
"CD10","CD10","CD10_3",9.43435103870166
"CD11","CD11","CD11_3",9.47903214225597
"CD12","CD12","CD12_3",9.51103942567495
"CD13","CD13","CD13_3",9.61819752351641
"CD14","CD14","CD14_3",9.65454549486299
"CD15","CD15","CD15_3",9.68623994738063
"CD16","CD16","CD16_3",9.61079142594551
"CD17","CD17","CD17_3",9.62888112464808
"CD18","CD18","CD18_3",9.69473062856254
"CD20","CD20","CD20_3",9.39730559349903
"CD21","CD21","CD21_3",9.45378292625786
"CD22","CD22","CD22_3",9.57329564056664
"CD23","CD23","CD23_3",9.57164381856042
"CD24","CD24","CD24_3",9.52234704233096
"CD25","CD25","CD25_3",9.68203799663079
"CD26","CD26","CD26_3",9.6401776929756
"CD27","CD27","CD27_3",9.6931794531034
"CD28","CD28","CD28_3",9.68404223302449
"CD29","CD29","CD29_3",9.64889241342629
"CD30","CD30","CD30_3",9.34724720038534
"CD31","CD31","CD31_3",9.49708771154961
"CD32","CD32","CD32_3",9.52042364235991
"CD33","CD33","CD33_3",9.59306668090604
"CD34","CD34","CD34_3",9.61853934813433
"CD35","CD35","CD35_3",9.67300021929033
"CD36","CD36","CD36_3",9.66554769969073
"CD37","CD37","CD37_3",9.57020855200299
"CD38","CD38","CD38_3",9.56731042714515
"CD39","CD39","CD39_3",9.60197744902174
"CD40","CD40","CD40_3",9.48300998022632
"CD41","CD41","CD41_3",9.44097912294652
"CD42","CD42","CD42_3",9.41677093300898
"CD43","CD43","CD43_3",9.61731147947876
"CD44","CD44","CD44_3",9.5034107552614
"CD45","CD45","CD45_3",9.50373905160278
"CD46","CD46","CD46_3",9.5616610585024
"CD47","CD47","CD47_3",9.55471907880824
"CD48","CD48","CD48_3",9.53742340878025
"CD49","CD49","CD49_3",9.56852081000999
"CD50","CD50","CD50_3",9.48418222648322
"CD51","CD51","CD51_3",9.42043781103794
"CD52","CD52","CD52_3",9.39798268605155
"CD53","CD53","CD53_3",9.53399857005537
"CD54","CD54","CD54_3",9.51627651937764
"CD55","CD55","CD55_3",9.47998181249279
"CD56","CD56","CD56_3",9.50563577484975
"CD57","CD57","CD57_3",9.49902662183799
"CD58","CD58","CD58_3",9.52077424873485
"CD59","CD59","CD59_3",9.4968913159024
"CD60","CD60","CD60_3",9.37656461817197
"CD61","CD61","CD61_3",9.35603873037894
"CD62","CD62","CD62_3",9.38434757575249
"CD63","CD63","CD63_3",9.50672081109714
"CD64","CD64","CD64_3",9.4743496900228
"CD65","CD65","CD65_3",9.43007484125568
"CD66","CD66","CD66_3",9.47516374577874
"CD67","CD67","CD67_3",9.46200282314239
"CD68","CD68","CD68_3",9.48772216425178
"CD69","CD69","CD69_3",9.47741539523687
"CD70","CD70","CD70_3",9.32907399018355
"CD71","CD71","CD71_3",9.43149341063906
"CD72","CD72","CD72_3",9.3640009923481
"CD73","CD73","CD73_3",9.468129589197
"CD74","CD74","CD74_3",9.45189971865496
"CD75","CD75","CD75_3",9.3956505538771
"CD76","CD76","CD76_3",9.44607532063339
"CD77","CD77","CD77_3",9.39505480040844
"CD78","CD78","CD78_3",9.43927659306197
"CD79","CD79","CD79_3",9.46092178618868
"CD80","CD80","CD80_3",9.24833739267214
"CD81","CD81","CD81_3",9.4717303704725
"CD82","CD82","CD82_3",9.35920501489647
"CD83","CD83","CD83_3",9.44383865972162
"CD84","CD84","CD84_3",9.4837402977871
"CD85","CD85","CD85_3",9.37529740204256
"CD86","CD86","CD86_3",9.3899231522164
"CD87","CD87","CD87_3",9.26201815425431
"CD88","CD88","CD88_3",9.33505609742058
"CD89","CD89","CD89_3",9.4015106981135
"CD90","CD90","CD90_3",9.33266488912197
"CD91","CD91","CD91_3",9.43824135712834
"CD92","CD92","CD92_3",9.3481463017535
"CD93","CD93","CD93_3",9.45533596783661
"CD94","CD94","CD94_3",9.4071767204626
"CD95","CD95","CD95_3",9.38655482310006
"CD96","CD96","CD96_3",9.31015532717391
"CD97","CD97","CD97_3",9.26194410763313
"CD98","CD98","CD98_3",9.21668362045504
"CD99","CD99","CD99_3",9.25847574134585
"CE00","CE00","CE00_3",9.49022145804019
"CE01","CE01","CE01_3",9.47980569384713
"CE02","CE02","CE02_3",9.43840609821838
"CE03","CE03","CE03_3",9.39135538510431
"CE04","CE04","CE04_3",9.38377363941993
"CE05","CE05","CE05_3",9.42039680414507
"CE06","CE06","CE06_3",9.41752697388335
"CE07","CE07","CE07_3",9.42145595266579
"CE08","CE08","CE08_3",9.46711895698665
"CE09","CE09","CE09_3",9.53305608473697
"CE10","CE10","CE10_3",9.43071672169438
"CE11","CE11","CE11_3",9.40094294981899
"CE12","CE12","CE12_3",9.381010323395
"CE13","CE13","CE13_3",9.34412241891893
"CE14","CE14","CE14_3",9.29589413830685
"CE15","CE15","CE15_3",9.33935180838067
"CE16","CE16","CE16_3",9.33662928751057
"CE17","CE17","CE17_3",9.37225770299846
"CE18","CE18","CE18_3",9.46050676309
"CE19","CE19","CE19_3",9.46618439077344
"CE20","CE20","CE20_3",9.36458522065857
"CE21","CE21","CE21_3",9.32610039537633
"CE22","CE22","CE22_3",9.25186814815755
"CE23","CE23","CE23_3",9.27882142645467
"CE24","CE24","CE24_3",9.2678155015382
"CE25","CE25","CE25_3",9.27336850570203
"CE26","CE26","CE26_3",9.30416379342679
"CE27","CE27","CE27_3",9.3656717559892
"CE28","CE28","CE28_3",9.35628531883613
"CE29","CE29","CE29_3",9.31349047310306
"CE30","CE30","CE30_3",9.29184313959968
"CE31","CE31","CE31_3",9.29018564773612
"CE32","CE32","CE32_3",9.2278919913324
"CE33","CE33","CE33_3",9.20031572356053
"CE34","CE34","CE34_3",9.17042540037922
"CE35","CE35","CE35_3",9.22205559765023
"CE36","CE36","CE36_3",9.21178830736676
"CE37","CE37","CE37_3",9.26592587113165
"CE38","CE38","CE38_3",9.25612964140117
"CE39","CE39","CE39_3",9.24742873057838
"CE40","CE40","CE40_3",9.18669871516068
"CE41","CE41","CE41_3",9.20357157917147
"CE42","CE42","CE42_3",9.14652356692745
"CE43","CE43","CE43_3",9.11350007241808
"CE44","CE44","CE44_3",9.09163662927602
"CE45","CE45","CE45_3",9.16834533137577
"CE46","CE46","CE46_3",9.18797071774531
"CE47","CE47","CE47_3",9.2490132470747
"CE48","CE48","CE48_3",9.25517662511386
"CE49","CE49","CE49_3",9.36187664531142
"CE50","CE50","CE50_3",9.06391256063062
"CE51","CE51","CE51_3",9.11934072587061
"CE52","CE52","CE52_3",9.12330748275264
"CE53","CE53","CE53_3",9.04490405547811
"CE54","CE54","CE54_3",9.13801329565565
"CE55","CE55","CE55_3",9.14307140371417
"CE56","CE56","CE56_3",9.22594142323102
"CE57","CE57","CE57_3",9.27284372768609
"CE58","CE58","CE58_3",9.34456990911838
"CE59","CE59","CE59_3",9.40648486951839
"CE60","CE60","CE60_3",9.1036644838391
"CE61","CE61","CE61_3",9.12009434288661
"CE62","CE62","CE62_3",9.15716312526984
"CE63","CE63","CE63_3",9.00136662923859
"CE64","CE64","CE64_3",9.34089115239268
"CE65","CE65","CE65_3",9.29587052535597
"CE66","CE66","CE66_3",9.27165707807264
"CE67","CE67","CE67_3",9.29014658965394
"CE68","CE68","CE68_3",9.32930657417979
"CE69","CE69","CE69_3",9.34504189524838
"CE70","CE70","CE70_3",9.05995193384122
"CE71","CE71","CE71_3",9.00608631820875
"CE72","CE72","CE72_3",9.23833368826786
"CE73","CE73","CE73_3",9.11271423791016
"CE74","CE74","CE74_3",9.34796230226918
"CE75","CE75","CE75_3",9.32035041080573
"CE76","CE76","CE76_3",9.21100593449422
"CE77","CE77","CE77_3",9.33069039056585
"CE78","CE78","CE78_3",9.44406840846351
"CE79","CE79","CE79_3",9.40732560350559
"CE80","CE80","CE80_3",9.24685652704489
"CE81","CE81","CE81_3",9.25658982304473
"CE82","CE82","CE82_3",9.37292637686556
"CE83","CE83","CE83_3",9.10781236547026
"CE84","CE84","CE84_3",9.22920790308246
"CE85","CE85","CE85_3",9.32389000408872
"CE86","CE86","CE86_3",9.35192497519683
"CE87","CE87","CE87_3",9.3898227395379
"CE88","CE88","CE88_3",9.37442398121135
"CE89","CE89","CE89_3",9.39699049353615
"CE90","CE90","CE90_3",9.25705813688746
"CE91","CE91","CE91_3",9.24915636601255
"CE92","CE92","CE92_3",9.45320798994338
"CE93","CE93","CE93_3",9.33751956298453
"CE94","CE94","CE94_3",9.12466963177642
"CE95","CE95","CE95_3",9.10609657265086
"CE96","CE96","CE96_3",9.28267954951472
"CE97","CE97","CE97_3",9.27406643566246
"CE98","CE98","CE98_3",9.28070873808844
"CE99","CE99","CE99_3",9.27522006995077
"CF00","CF00","CF00_3",9.6195282024095
"CF01","CF01","CF01_3",9.47932407749096
"CF02","CF02","CF02_3",9.45751405535098
"CF03","CF03","CF03_3",9.47998135505254
"CF04","CF04","CF04_3",9.46659559122269
"CF05","CF05","CF05_3",9.50437496894761
"CF06","CF06","CF06_3",9.48570853499522
"CF07","CF07","CF07_3",9.49611655505546
"CF08","CF08","CF08_3",9.45906201677918
"CF09","CF09","CF09_3",9.49077673202762
"CF10","CF10","CF10_3",9.5751039276373
"CF11","CF11","CF11_3",9.49763354403295
"CF12","CF12","CF12_3",9.44150785326568
"CF13","CF13","CF13_3",9.41672535001201
"CF14","CF14","CF14_3",9.43979223426071
"CF15","CF15","CF15_3",9.41541811147013
"CF16","CF16","CF16_3",9.40705306274264
"CF17","CF17","CF17_3",9.40504431442072
"CF18","CF18","CF18_3",9.43941400601278
"CF19","CF19","CF19_3",9.38908089552865
"CF20","CF20","CF20_3",9.5993295378644
"CF21","CF21","CF21_3",9.53595521168266
"CF22","CF22","CF22_3",9.43692780986084
"CF23","CF23","CF23_3",9.38168828535714
"CF24","CF24","CF24_3",9.3582470998299
"CF25","CF25","CF25_3",9.28319314356692
"CF26","CF26","CF26_3",9.31457670980412
"CF27","CF27","CF27_3",9.28004416823055
"CF28","CF28","CF28_3",9.30620575750986
"CF29","CF29","CF29_3",9.36744014160299
"CF30","CF30","CF30_3",9.57042789800428
"CF31","CF31","CF31_3",9.48308782756638
"CF32","CF32","CF32_3",9.43782387913728
"CF33","CF33","CF33_3",9.52095044132937
"CF34","CF34","CF34_3",9.35216643818493
"CF35","CF35","CF35_3",9.18548510073575
"CF36","CF36","CF36_3",9.24697956197177
"CF37","CF37","CF37_3",9.1941179899202
"CF38","CF38","CF38_3",9.17844758425576
"CF39","CF39","CF39_3",9.28449998061671
"CF40","CF40","CF40_3",9.59833416217883
"CF41","CF41","CF41_3",9.46102995004873
"CF42","CF42","CF42_3",9.41289003952328
"CF43","CF43","CF43_3",9.4201690767027
"CF44","CF44","CF44_3",9.35202242067374
"CF45","CF45","CF45_3",9.27044974547422
"CF46","CF46","CF46_3",9.24963399692365
"CF47","CF47","CF47_3",9.15632489610428
"CF48","CF48","CF48_3",9.06340120141207
"CF49","CF49","CF49_3",9.17448646346298
"CF50","CF50","CF50_3",9.61262407083212
"CF51","CF51","CF51_3",9.55694703336174
"CF52","CF52","CF52_3",9.43431871535789
"CF53","CF53","CF53_3",9.3553951595542
"CF54","CF54","CF54_3",9.50192698178647
"CF55","CF55","CF55_3",9.25000603770849
"CF56","CF56","CF56_3",9.17803083799044
"CF57","CF57","CF57_3",9.1990738277592
"CF58","CF58","CF58_3",9.20593611043619
"CF59","CF59","CF59_3",9.09988414692952
"CF60","CF60","CF60_3",9.63873343626797
"CF61","CF61","CF61_3",9.48647204814118
"CF62","CF62","CF62_3",9.41418308851467
"CF63","CF63","CF63_3",9.35675828494366
"CF64","CF64","CF64_3",9.53024281625824
"CF65","CF65","CF65_3",9.3176111804743
"CF66","CF66","CF66_3",9.23151836790954
"CF67","CF67","CF67_3",9.28011634816658
"CF68","CF68","CF68_3",9.2946121560972
"CF69","CF69","CF69_3",9.13728510276313
"CF70","CF70","CF70_3",9.76069748261535
"CF71","CF71","CF71_3",9.60503426961517
"CF72","CF72","CF72_3",9.49863183335074
"CF73","CF73","CF73_3",9.44277223843794
"CF74","CF74","CF74_3",9.54058645320624
"CF75","CF75","CF75_3",9.28616489777091
"CF76","CF76","CF76_3",9.24262902236913
"CF77","CF77","CF77_3",9.33294876689286
"CF78","CF78","CF78_3",9.36095128681154
"CF79","CF79","CF79_3",9.27176220853201
"CF80","CF80","CF80_3",9.75964131184332
"CF81","CF81","CF81_3",9.68820491646116
"CF82","CF82","CF82_3",9.70188335422055
"CF83","CF83","CF83_3",9.585658517551
"CF84","CF84","CF84_3",9.63955598439255
"CF85","CF85","CF85_3",9.36796285538322
"CF86","CF86","CF86_3",9.35261543321164
"CF87","CF87","CF87_3",9.41732615880953
"CF88","CF88","CF88_3",9.40953428576785
"CF89","CF89","CF89_3",9.26377125840838
"CF90","CF90","CF90_3",9.77360135389965
"CF91","CF91","CF91_3",9.77706178281976
"CF92","CF92","CF92_3",9.69281932655935
"CF93","CF93","CF93_3",9.73011236854531
"CF94","CF94","CF94_3",9.51695596565114
"CF95","CF95","CF95_3",9.47807327103411
"CF96","CF96","CF96_3",9.41962128540459
"CF97","CF97","CF97_3",9.47782902652605
"CF98","CF98","CF98_3",9.52886351461304
"CF99","CF99","CF99_3",9.46240786201024
"CG00","CG00","CG00_3",9.91612339031684
"CG01","CG01","CG01_3",9.88039633693536
"CG02","CG02","CG02_3",9.78026800296528
"CG03","CG03","CG03_3",9.80604507087403
"CG04","CG04","CG04_3",9.86622287104019
"CG05","CG05","CG05_3",9.77688802910677
"CG06","CG06","CG06_3",9.65099010031143
"CG07","CG07","CG07_3",9.72256189930519
"CG08","CG08","CG08_3",9.70371013090087
"CG09","CG09","CG09_3",9.61520140213688
"CG10","CG10","CG10_3",9.85505780392879
"CG11","CG11","CG11_3",9.7506768993988
"CG12","CG12","CG12_3",9.68354104004613
"CG13","CG13","CG13_3",9.77711082244782
"CG14","CG14","CG14_3",9.7899956438369
"CG15","CG15","CG15_3",9.72950476772517
"CG16","CG16","CG16_3",9.61090289892116
"CG17","CG17","CG17_3",9.64478777199699
"CG18","CG18","CG18_3",9.68704732295527
"CG19","CG19","CG19_3",9.61152783945024
"CG20","CG20","CG20_3",9.78863364584892
"CG21","CG21","CG21_3",9.61893523881511
"CG22","CG22","CG22_3",9.65637476308107
"CG23","CG23","CG23_3",9.74547019536289
"CG24","CG24","CG24_3",9.70503652804457
"CG25","CG25","CG25_3",9.73666895694623
"CG26","CG26","CG26_3",9.67756509874624
"CG27","CG27","CG27_3",9.61529205034015
"CG28","CG28","CG28_3",9.68213307569204
"CG29","CG29","CG29_3",9.68370380112928
"CG30","CG30","CG30_3",9.75771295750754
"CG31","CG31","CG31_3",9.68505009640607
"CG32","CG32","CG32_3",9.6882307073019
"CG33","CG33","CG33_3",9.71112325584326
"CG34","CG34","CG34_3",9.69217481116856
"CG35","CG35","CG35_3",9.71028207179173
"CG36","CG36","CG36_3",9.66536596215498
"CG37","CG37","CG37_3",9.63722567493658
"CG38","CG38","CG38_3",9.65578000055431
"CG39","CG39","CG39_3",9.63366354891332
"CG40","CG40","CG40_3",9.71569595143903
"CG41","CG41","CG41_3",9.68192636253815
"CG42","CG42","CG42_3",9.66343319229897
"CG43","CG43","CG43_3",9.66165961783528
"CG44","CG44","CG44_3",9.69841110490685
"CG45","CG45","CG45_3",9.63572992931195
"CG46","CG46","CG46_3",9.6185891950865
"CG47","CG47","CG47_3",9.62190780276809
"CG48","CG48","CG48_3",9.60163501675727
"CG49","CG49","CG49_3",9.5322594337707
"CG50","CG50","CG50_3",9.71497930396635
"CG51","CG51","CG51_3",9.70117841784791
"CG52","CG52","CG52_3",9.66095019013982
"CG53","CG53","CG53_3",9.74524416413717
"CG54","CG54","CG54_3",9.77762855826553
"CG55","CG55","CG55_3",9.60511281760559
"CG56","CG56","CG56_3",9.63731154641097
"CG57","CG57","CG57_3",9.60413269069729
"CG58","CG58","CG58_3",9.56963809173189
"CG59","CG59","CG59_3",9.58548238104405
"CG60","CG60","CG60_3",9.79594879099697
"CG61","CG61","CG61_3",9.86362833831584
"CG62","CG62","CG62_3",9.88226679701782
"CG63","CG63","CG63_3",9.72521479050765
"CG64","CG64","CG64_3",9.78211514360651
"CG65","CG65","CG65_3",9.7287693135653
"CG66","CG66","CG66_3",9.74177167406113
"CG67","CG67","CG67_3",9.68196343624098
"CG68","CG68","CG68_3",9.59318990482758
"CG69","CG69","CG69_3",9.6894785216861
"CG71","CG71","CG71_3",9.94706430437873
"CG73","CG73","CG73_3",9.82741607831057
"CG74","CG74","CG74_3",9.80157718483739
"CG75","CG75","CG75_3",9.80392133725725
"CG76","CG76","CG76_3",9.75745630217964
"CG77","CG77","CG77_3",9.81274487766199
"CG78","CG78","CG78_3",9.71213827873121
"CG79","CG79","CG79_3",9.72985203728749
"CG80","CG80","CG80_3",9.94481166623392
"CG83","CG83","CG83_3",9.90348991211522
"CG84","CG84","CG84_3",9.86186721944325
"CG85","CG85","CG85_3",9.88865614113959
"CG86","CG86","CG86_3",9.86489174563041
"CG88","CG88","CG88_3",9.86589201402635
"CG89","CG89","CG89_3",9.80391110732308
"CG90","CG90","CG90_3",9.92302204802331
"CG94","CG94","CG94_3",9.93576293645215
"CG95","CG95","CG95_3",9.93576599135447
"CG98","CG98","CG98_3",9.87643901558626
"CG99","CG99","CG99_3",9.82428871898399
"CH06","CH06","CH06_3",10.0376471744323
"CH07","CH07","CH07_3",10.0061190727169
"CH08","CH08","CH08_3",9.97394831294106
"CH09","CH09","CH09_3",9.9453465193286
"CH16","CH16","CH16_3",9.98511014352091
"CH17","CH17","CH17_3",9.96419676318566
"CH18","CH18","CH18_3",9.92576544185273
"CH19","CH19","CH19_3",9.89016926741729
"CH25","CH25","CH25_3",9.89779250677077
"CH26","CH26","CH26_3",9.9330026180831
"CH27","CH27","CH27_3",9.91935501116466
"CH28","CH28","CH28_3",9.88875168940185
"CH29","CH29","CH29_3",9.8490994232684
"CH34","CH34","CH34_3",9.89800773848336
"CH35","CH35","CH35_3",9.86994780527259
"CH36","CH36","CH36_3",9.89845683466763
"CH37","CH37","CH37_3",9.88651293419915
"CH38","CH38","CH38_3",9.83573106943828
"CH39","CH39","CH39_3",9.80244893625273
"CH45","CH45","CH45_3",9.81985538937134
"CH46","CH46","CH46_3",9.84824711856256
"CH47","CH47","CH47_3",9.83920270547599
"CH48","CH48","CH48_3",9.77833739638864
"CH49","CH49","CH49_3",9.69225486532952
"CH55","CH55","CH55_3",9.83995926469145
"CH56","CH56","CH56_3",9.79068386972623
"CH57","CH57","CH57_3",9.7664619800699
"CH58","CH58","CH58_3",9.7549649365006
"CH59","CH59","CH59_3",9.81361695632731
"CH65","CH65","CH65_3",9.96292936256374
"CH66","CH66","CH66_3",9.81963705647448
"CH67","CH67","CH67_3",9.7405656541088
"CH68","CH68","CH68_3",9.72718100541585
"CH69","CH69","CH69_3",9.8480834631378
"CH76","CH76","CH76_3",9.9743613419579
"CH77","CH77","CH77_3",9.86314584528674
"CH78","CH78","CH78_3",9.76587462820229
"CH79","CH79","CH79_3",9.86575618149986
"CH85","CH85","CH85_3",9.99512881150564
"CH86","CH86","CH86_3",9.95774936012235
"CH87","CH87","CH87_3",9.90163758919292
"CH88","CH88","CH88_3",9.86758054359556
"CH89","CH89","CH89_3",9.97202777506651
"CH95","CH95","CH95_3",9.99969804623633
"CH96","CH96","CH96_3",9.95735397827968
"CH97","CH97","CH97_3",9.89571196847069
"CH98","CH98","CH98_3",9.9677852027587
"CH99","CH99","CH99_3",9.95458226950109
"DA80","DA80","DA80_3",9.64144028120198
"DA90","DA90","DA90_3",9.63918445547243
"DB00","DB00","DB00_3",9.59704339928869
"DB01","DB01","DB01_3",9.62182079710812
"DB02","DB02","DB02_3",9.62706838861827
"DB03","DB03","DB03_3",9.57876686280787
"DB04","DB04","DB04_3",9.5997955772022
"DB05","DB05","DB05_3",9.63756585265728
"DB10","DB10","DB10_3",9.57855285989851
"DB11","DB11","DB11_3",9.57877231868622
"DB12","DB12","DB12_3",9.60134189907652
"DB13","DB13","DB13_3",9.5715795810698
"DB14","DB14","DB14_3",9.5584584751834
"DB15","DB15","DB15_3",9.50833029263843
"DB16","DB16","DB16_3",9.56515890434247
"DB20","DB20","DB20_3",9.51183791040224
"DB21","DB21","DB21_3",9.51663110407724
"DB22","DB22","DB22_3",9.56833955574489
"DB23","DB23","DB23_3",9.5592118372278
"DB24","DB24","DB24_3",9.51068721838463
"DB25","DB25","DB25_3",9.4709551590391
"DB26","DB26","DB26_3",9.61175909187799
"DB30","DB30","DB30_3",9.36281061375948
"DB31","DB31","DB31_3",9.38326668232925
"DB32","DB32","DB32_3",9.47179629840612
"DB33","DB33","DB33_3",9.52903568892888
"DB34","DB34","DB34_3",9.4115478601801
"DB35","DB35","DB35_3",9.55210475665502
"DB36","DB36","DB36_3",9.6396571056526
"DB40","DB40","DB40_3",9.33059328612857
"DB41","DB41","DB41_3",9.44485971875668
"DB42","DB42","DB42_3",9.36321362936785
"DB43","DB43","DB43_3",9.5216093593557
"DB44","DB44","DB44_3",9.5312374696053
"DB45","DB45","DB45_3",9.58746683807068
"DB46","DB46","DB46_3",9.61684577676465
"DB47","DB47","DB47_3",9.65842992598282
"DB50","DB50","DB50_3",9.51864170700109
"DB51","DB51","DB51_3",9.4316733217126
"DB52","DB52","DB52_3",9.37729793019605
"DB53","DB53","DB53_3",9.32968376228386
"DB54","DB54","DB54_3",9.46282959017192
"DB55","DB55","DB55_3",9.58071051815674
"DB56","DB56","DB56_3",9.6158318923942
"DB57","DB57","DB57_3",9.60841331744504
"DB60","DB60","DB60_3",9.50093754096619
"DB61","DB61","DB61_3",9.42578206131969
"DB62","DB62","DB62_3",9.36924389937155
"DB63","DB63","DB63_3",9.43755246420622
"DB64","DB64","DB64_3",9.55859936231604
"DB65","DB65","DB65_3",9.63741082906065
"DB66","DB66","DB66_3",9.63488516867315
"DB67","DB67","DB67_3",9.59457218961824
"DB68","DB68","DB68_3",9.61234569699816
"DB70","DB70","DB70_3",9.57103149605297
"DB71","DB71","DB71_3",9.48183176069979
"DB72","DB72","DB72_3",9.37459054697626
"DB73","DB73","DB73_3",9.43079268732501
"DB74","DB74","DB74_3",9.65194929675395
"DB75","DB75","DB75_3",9.68435053628946
"DB76","DB76","DB76_3",9.67887617343675
"DB77","DB77","DB77_3",9.64195030671609
"DB78","DB78","DB78_3",9.62360236703686
"DB79","DB79","DB79_3",9.63290599219059
"DB80","DB80","DB80_3",9.62940375532083
"DB81","DB81","DB81_3",9.62277035583165
"DB82","DB82","DB82_3",9.55098509986193
"DB83","DB83","DB83_3",9.63902356597207
"DB84","DB84","DB84_3",9.6894840183627
"DB89","DB89","DB89_3",9.62984293749077
"DB94","DB94","DB94_3",9.68774820678998
"DB99","DB99","DB99_3",9.64640265776069
"DC00","DC00","DC00_3",9.41354993599338
"DC01","DC01","DC01_3",9.49209175278654
"DC02","DC02","DC02_3",9.47169345370835
"DC03","DC03","DC03_3",9.56626322112892
"DC04","DC04","DC04_3",9.63663347132025
"DC05","DC05","DC05_3",9.6770181973527
"DC06","DC06","DC06_3",9.64692130138978
"DC07","DC07","DC07_3",9.65838503176868
"DC08","DC08","DC08_3",9.6674694929034
"DC09","DC09","DC09_3",9.66293876972037
"DC10","DC10","DC10_3",9.36424879049272
"DC11","DC11","DC11_3",9.45797747038209
"DC12","DC12","DC12_3",9.40459073010113
"DC13","DC13","DC13_3",9.50954689213572
"DC14","DC14","DC14_3",9.57267419626877
"DC15","DC15","DC15_3",9.63825636753549
"DC16","DC16","DC16_3",9.62295275394558
"DC17","DC17","DC17_3",9.63092082778442
"DC18","DC18","DC18_3",9.64367200066487
"DC19","DC19","DC19_3",9.60034206858644
"DC20","DC20","DC20_3",9.47803003924057
"DC21","DC21","DC21_3",9.50346189542857
"DC22","DC22","DC22_3",9.46090542708209
"DC23","DC23","DC23_3",9.55563628326457
"DC24","DC24","DC24_3",9.64342868850184
"DC25","DC25","DC25_3",9.6681637879776
"DC26","DC26","DC26_3",9.48403080813275
"DC27","DC27","DC27_3",9.60879800312398
"DC28","DC28","DC28_3",9.59930996588983
"DC29","DC29","DC29_3",9.53053090078707
"DC30","DC30","DC30_3",9.47933982035772
"DC31","DC31","DC31_3",9.54706532007644
"DC32","DC32","DC32_3",9.60826602210414
"DC33","DC33","DC33_3",9.59245081026196
"DC34","DC34","DC34_3",9.67186351878821
"DC35","DC35","DC35_3",9.60707974299818
"DC36","DC36","DC36_3",9.61427710039122
"DC37","DC37","DC37_3",9.59462506482824
"DC38","DC38","DC38_3",9.55530260910459
"DC39","DC39","DC39_3",9.46540194688214
"DC40","DC40","DC40_3",9.6061635423133
"DC41","DC41","DC41_3",9.62669267814771
"DC42","DC42","DC42_3",9.63155643321418
"DC43","DC43","DC43_3",9.65758238199469
"DC44","DC44","DC44_3",9.65045880046634
"DC45","DC45","DC45_3",9.5981734365133
"DC46","DC46","DC46_3",9.61366850061239
"DC47","DC47","DC47_3",9.5043892187298
"DC48","DC48","DC48_3",9.40659217674706
"DC49","DC49","DC49_3",9.35209508818289
"DC50","DC50","DC50_3",9.60443021007757
"DC51","DC51","DC51_3",9.62957820850929
"DC52","DC52","DC52_3",9.63766133157096
"DC53","DC53","DC53_3",9.65730673020808
"DC54","DC54","DC54_3",9.63435246428126
"DC55","DC55","DC55_3",9.62852777128704
"DC56","DC56","DC56_3",9.62834278760978
"DC57","DC57","DC57_3",9.43996366033078
"DC58","DC58","DC58_3",9.41035090721606
"DC59","DC59","DC59_3",9.58483139681159
"DC63","DC63","DC63_3",9.65639378838597
"DC64","DC64","DC64_3",9.64275071436789
"DC65","DC65","DC65_3",9.65551121100218
"DC66","DC66","DC66_3",9.64793969408021
"DC67","DC67","DC67_3",9.57937048410881
"DC68","DC68","DC68_3",9.61467651830868
"DC69","DC69","DC69_3",9.60153631716252
"DC76","DC76","DC76_3",9.69359168398668
"DC77","DC77","DC77_3",9.66599965408702
"DC78","DC78","DC78_3",9.59836607319986
"DC79","DC79","DC79_3",9.50392201910469
"DC88","DC88","DC88_3",9.65341466267652
"DC89","DC89","DC89_3",9.62535173359051
"DD00","DD00","DD00_3",9.37220424724294
"DD01","DD01","DD01_3",9.40377069291722
"DD02","DD02","DD02_3",9.44563963813342
"DD03","DD03","DD03_3",9.44349259912839
"DD04","DD04","DD04_3",9.40504580539878
"DD05","DD05","DD05_3",9.38481105134127
"DD06","DD06","DD06_3",9.25773890577672
"DD07","DD07","DD07_3",9.21755446891648
"DD08","DD08","DD08_3",9.20281331899299
"DD09","DD09","DD09_3",9.1942730417659
"DD10","DD10","DD10_3",9.4462007981262
"DD11","DD11","DD11_3",9.45550036887248
"DD12","DD12","DD12_3",9.3949367698279
"DD13","DD13","DD13_3",9.35950063138915
"DD14","DD14","DD14_3",9.35083111069663
"DD15","DD15","DD15_3",9.36949462617438
"DD16","DD16","DD16_3",9.37396366220378
"DD17","DD17","DD17_3",9.37348945411429
"DD18","DD18","DD18_3",9.3834725829093
"DD19","DD19","DD19_3",9.31663332287984
"DD20","DD20","DD20_3",9.3331673202426
"DD21","DD21","DD21_3",9.47943637994364
"DD22","DD22","DD22_3",9.34330649156569
"DD23","DD23","DD23_3",9.32681005382657
"DD24","DD24","DD24_3",9.30246197600524
"DD25","DD25","DD25_3",9.25345629199432
"DD26","DD26","DD26_3",9.51566325601025
"DD27","DD27","DD27_3",9.43434468324205
"DD28","DD28","DD28_3",9.39660183853633
"DD29","DD29","DD29_3",9.40833756528753
"DD30","DD30","DD30_3",9.41888720377463
"DD31","DD31","DD31_3",9.49726784306028
"DD32","DD32","DD32_3",9.3531536354124
"DD33","DD33","DD33_3",9.23199149298143
"DD34","DD34","DD34_3",9.34526499588789
"DD35","DD35","DD35_3",9.43947514024814
"DD36","DD36","DD36_3",9.46842382657762
"DD37","DD37","DD37_3",9.483991068122
"DD38","DD38","DD38_3",9.50687667081697
"DD39","DD39","DD39_3",9.4518126187622
"DD40","DD40","DD40_3",9.43329315362175
"DD41","DD41","DD41_3",9.48087295553275
"DD42","DD42","DD42_3",9.41184925014859
"DD43","DD43","DD43_3",9.43186740674376
"DD44","DD44","DD44_3",9.424662999714
"DD45","DD45","DD45_3",9.42511405807154
"DD46","DD46","DD46_3",9.48941045871383
"DD47","DD47","DD47_3",9.59075785035261
"DD48","DD48","DD48_3",9.58342716735352
"DD49","DD49","DD49_3",9.57934554784229
"DD50","DD50","DD50_3",9.50373927157746
"DD51","DD51","DD51_3",9.50314185132096
"DD52","DD52","DD52_3",9.59375409032057
"DD53","DD53","DD53_3",9.55913355263953
"DD54","DD54","DD54_3",9.56098434684991
"DD55","DD55","DD55_3",9.56218650571119
"DD56","DD56","DD56_3",9.5890248910431
"DD57","DD57","DD57_3",9.6177949561068
"DD58","DD58","DD58_3",9.61177307112208
"DD59","DD59","DD59_3",9.609511376514
"DD60","DD60","DD60_3",9.48309867618806
"DD61","DD61","DD61_3",9.55594351168341
"DD62","DD62","DD62_3",9.54963315582035
"DD63","DD63","DD63_3",9.51544256981186
"DD64","DD64","DD64_3",9.56026781300776
"DD65","DD65","DD65_3",9.60915153639025
"DD66","DD66","DD66_3",9.62708376114571
"DD67","DD67","DD67_3",9.61594164200688
"DD70","DD70","DD70_3",9.46319118190619
"DD71","DD71","DD71_3",9.48644363174863
"DD72","DD72","DD72_3",9.57445547100956
"DD73","DD73","DD73_3",9.60408923507274
"DD80","DD80","DD80_3",9.41635262694062
"DD81","DD81","DD81_3",9.44627482259839
"DD82","DD82","DD82_3",9.47571676133184
"DD90","DD90","DD90_3",9.47726360836732
"DD91","DD91","DD91_3",9.44229082841007
"DD92","DD92","DD92_3",9.46567163643014
"DD93","DD93","DD93_3",9.64583628960664
"DE00","DE00","DE00_3",9.1344234217782
"DE01","DE01","DE01_3",9.24018524000155
"DE02","DE02","DE02_3",9.36182711259599
"DE03","DE03","DE03_3",9.23236896059089
"DE04","DE04","DE04_3",9.20431447568495
"DE05","DE05","DE05_3",9.17387971443188
"DE06","DE06","DE06_3",9.21850125406074
"DE07","DE07","DE07_3",9.20402753232658
"DE08","DE08","DE08_3",9.1165222938994
"DE09","DE09","DE09_3",9.28547355735041
"DE10","DE10","DE10_3",9.16404110858165
"DE11","DE11","DE11_3",9.40450133062378
"DE12","DE12","DE12_3",9.30527264544669
"DE13","DE13","DE13_3",9.16281329488167
"DE14","DE14","DE14_3",9.39496502915656
"DE15","DE15","DE15_3",9.21760609368896
"DE16","DE16","DE16_3",9.14072820287954
"DE17","DE17","DE17_3",9.12400691574487
"DE18","DE18","DE18_3",9.31034793183148
"DE19","DE19","DE19_3",9.36556605018519
"DE20","DE20","DE20_3",9.27574397268055
"DE21","DE21","DE21_3",9.30668850241637
"DE22","DE22","DE22_3",9.16905503531314
"DE23","DE23","DE23_3",9.24142813509546
"DE24","DE24","DE24_3",9.46530788967266
"DE25","DE25","DE25_3",9.33525933218466
"DE26","DE26","DE26_3",9.18652048869424
"DE27","DE27","DE27_3",9.17193981014074
"DE28","DE28","DE28_3",9.35817729991909
"DE29","DE29","DE29_3",9.29872024701565
"DE30","DE30","DE30_3",9.2786819563207
"DE31","DE31","DE31_3",9.17709891075099
"DE32","DE32","DE32_3",9.27135138570742
"DE33","DE33","DE33_3",9.26216490266288
"DE34","DE34","DE34_3",9.44719631094041
"DE35","DE35","DE35_3",9.2960384278122
"DE36","DE36","DE36_3",9.32423624482156
"DE37","DE37","DE37_3",9.30034366417621
"DE38","DE38","DE38_3",9.30107573484465
"DE39","DE39","DE39_3",9.30082584723916
"DE40","DE40","DE40_3",9.54786370134642
"DE41","DE41","DE41_3",9.45397025146445
"DE42","DE42","DE42_3",9.32050751082737
"DE43","DE43","DE43_3",9.27081260467635
"DE44","DE44","DE44_3",9.49566364263405
"DE45","DE45","DE45_3",9.28204878750884
"DE46","DE46","DE46_3",9.3000808655528
"DE47","DE47","DE47_3",9.27744947634842
"DE48","DE48","DE48_3",9.21517975217488
"DE49","DE49","DE49_3",9.331030532952
"DE50","DE50","DE50_3",9.63711568150061
"DE51","DE51","DE51_3",9.63488346341843
"DE52","DE52","DE52_3",9.46342789016639
"DE53","DE53","DE53_3",9.4120053287203
"DE54","DE54","DE54_3",9.57301190907408
"DE55","DE55","DE55_3",9.52724764754996
"DE56","DE56","DE56_3",9.49594714427502
"DE57","DE57","DE57_3",9.16874939987659
"DE58","DE58","DE58_3",9.26850548395505
"DE59","DE59","DE59_3",9.38813908728317
"DE65","DE65","DE65_3",9.64871428798401
"DE66","DE66","DE66_3",9.60527512862707
"DE67","DE67","DE67_3",9.4029544825352
"DE68","DE68","DE68_3",9.4026924293083
"DE69","DE69","DE69_3",9.42025354390258
"DE70","DE70","DE70_3",9.70010039889874
"DE75","DE75","DE75_3",9.54228198583961
"DE76","DE76","DE76_3",9.64545283927461
"DE77","DE77","DE77_3",9.60567763925595
"DE78","DE78","DE78_3",9.35370304069854
"DE79","DE79","DE79_3",9.53075957333561
"DE80","DE80","DE80_3",9.71572612572594
"DE83","DE83","DE83_3",9.59950237779337
"DE84","DE84","DE84_3",9.5337588348976
"DE85","DE85","DE85_3",9.540288919838
"DE86","DE86","DE86_3",9.4368035034675
"DE87","DE87","DE87_3",9.56806394066551
"DE88","DE88","DE88_3",9.47228032408637
"DE89","DE89","DE89_3",9.58104234396817
"DE90","DE90","DE90_3",9.65618802257494
"DE91","DE91","DE91_3",9.65182596789447
"DE93","DE93","DE93_3",9.58662266769923
"DE94","DE94","DE94_3",9.60047767827864
"DE95","DE95","DE95_3",9.53682207629308
"DE96","DE96","DE96_3",9.38377148686538
"DE97","DE97","DE97_3",9.46893044560207
"DE98","DE98","DE98_3",9.55039839465963
"DE99","DE99","DE99_3",9.58661372641313
"DF00","DF00","DF00_3",9.74230961797298
"DF01","DF01","DF01_3",9.69128481318171
"DF02","DF02","DF02_3",9.69643169946494
"DF04","DF04","DF04_3",9.50157664130142
"DF05","DF05","DF05_3",9.34054502977648
"DF06","DF06","DF06_3",9.40781866014687
"DF07","DF07","DF07_3",9.47285136282299
"DF08","DF08","DF08_3",9.63837082734779
"DF09","DF09","DF09_3",9.40663052080876
"DF10","DF10","DF10_3",9.73060632708629
"DF14","DF14","DF14_3",9.59306479391282
"DF15","DF15","DF15_3",9.36111151793379
"DF16","DF16","DF16_3",9.48212933178745
"DF17","DF17","DF17_3",9.57271180810237
"DF18","DF18","DF18_3",9.58961324797219
"DF19","DF19","DF19_3",9.33532013382057
"DF20","DF20","DF20_3",9.78160394123636
"DF21","DF21","DF21_3",9.82890384556482
"DF24","DF24","DF24_3",9.71452126717016
"DF25","DF25","DF25_3",9.68726152503661
"DF26","DF26","DF26_3",9.63197962294412
"DF27","DF27","DF27_3",9.65243621073843
"DF28","DF28","DF28_3",9.66653458441681
"DF29","DF29","DF29_3",9.32587189705023
"DF30","DF30","DF30_3",9.70635041548959
"DF31","DF31","DF31_3",9.81880098627783
"DF32","DF32","DF32_3",9.85277779897054
"DF36","DF36","DF36_3",9.69265395598433
"DF37","DF37","DF37_3",9.71534343603752
"DF38","DF38","DF38_3",9.67867116393204
"DF39","DF39","DF39_3",9.42516017551078
"DF40","DF40","DF40_3",9.6584200768057
"DF41","DF41","DF41_3",9.79887239596968
"DF42","DF42","DF42_3",9.84816202846739
"DF43","DF43","DF43_3",9.79314444553882
"DF47","DF47","DF47_3",9.72194874854332
"DF48","DF48","DF48_3",9.70546457172524
"DF49","DF49","DF49_3",9.60423922999784
"DF50","DF50","DF50_3",9.66986857380157
"DF51","DF51","DF51_3",9.78108201731126
"DF52","DF52","DF52_3",9.83924819430149
"DF55","DF55","DF55_3",9.77425864365353
"DF58","DF58","DF58_3",9.7261004532533
"DF59","DF59","DF59_3",9.64823747161497
"DF60","DF60","DF60_3",9.75705966323992
"DF61","DF61","DF61_3",9.76301945787043
"DF62","DF62","DF62_3",9.83494310478966
"DF65","DF65","DF65_3",9.78602448702794
"DF66","DF66","DF66_3",9.77588552029385
"DF69","DF69","DF69_3",9.7277058761904
"DF70","DF70","DF70_3",9.83943020614156
"DF71","DF71","DF71_3",9.82942462414643
"DF72","DF72","DF72_3",9.85168442574226
"DF80","DF80","DF80_3",9.88329896916119
"DF81","DF81","DF81_3",9.86539250274845
"DF90","DF90","DF90_3",9.88203259415335
"DF91","DF91","DF91_3",9.87922014177406
"DF96","DF96","DF96_3",9.75991593970797
"DF97","DF97","DF97_3",9.67727796216067
"DF98","DF98","DF98_3",9.7350561003532
"DG00","DG00","DG00_3",9.93646851913878
"DG05","DG05","DG05_3",9.93318602834956
"DG06","DG06","DG06_3",9.91810737563526
"DG07","DG07","DG07_3",9.86978219936713
"DG08","DG08","DG08_3",9.84970869448586
"DG09","DG09","DG09_3",9.78016836041371
"DG14","DG14","DG14_3",9.86384344857289
"DG15","DG15","DG15_3",9.81555423768764
"DG16","DG16","DG16_3",9.87826963150149
"DG17","DG17","DG17_3",9.79106604579439
"DG18","DG18","DG18_3",9.73922498153398
"DG19","DG19","DG19_3",9.71532773953873
"DG21","DG21","DG21_3",9.95282293113577
"DG22","DG22","DG22_3",9.96192097155089
"DG23","DG23","DG23_3",9.94413716328025
"DG24","DG24","DG24_3",9.76071195156756
"DG25","DG25","DG25_3",9.6894618858505
"DG26","DG26","DG26_3",9.70583604035336
"DG27","DG27","DG27_3",9.62183025993202
"DG28","DG28","DG28_3",9.69336318040154
"DG29","DG29","DG29_3",9.7713564792216
"DG30","DG30","DG30_3",9.93163982387838
"DG31","DG31","DG31_3",9.96032000888665
"DG32","DG32","DG32_3",9.97159955734982
"DG33","DG33","DG33_3",9.86701635236152
"DG34","DG34","DG34_3",9.6509806906256
"DG35","DG35","DG35_3",9.52055062618538
"DG36","DG36","DG36_3",9.55756076649113
"DG37","DG37","DG37_3",9.59187480672759
"DG38","DG38","DG38_3",9.53972768118485
"DG39","DG39","DG39_3",9.69331883312606
"DG40","DG40","DG40_3",9.98896606580216
"DG41","DG41","DG41_3",9.87293068503892
"DG42","DG42","DG42_3",9.93324701519833
"DG43","DG43","DG43_3",9.74489674320059
"DG44","DG44","DG44_3",9.77090519691568
"DG45","DG45","DG45_3",9.59478707887958
"DG46","DG46","DG46_3",9.48995819827294
"DG47","DG47","DG47_3",9.48586881649363
"DG48","DG48","DG48_3",9.50794728956467
"DG49","DG49","DG49_3",9.6499645079971
"DG50","DG50","DG50_3",9.97654219755871
"DG51","DG51","DG51_3",9.90335700076546
"DG52","DG52","DG52_3",9.66178720976843
"DG53","DG53","DG53_3",9.61049760401003
"DG54","DG54","DG54_3",9.76966738847956
"DG55","DG55","DG55_3",9.78283085070633
"DG56","DG56","DG56_3",9.63298060736123
"DG57","DG57","DG57_3",9.51656203289313
"DG58","DG58","DG58_3",9.70800780720628
"DG59","DG59","DG59_3",9.74152215527815
"DG60","DG60","DG60_3",9.95838859367368
"DG61","DG61","DG61_3",9.69551743868981
"DG62","DG62","DG62_3",9.66017458920945
"DG63","DG63","DG63_3",9.74894055895617
"DG64","DG64","DG64_3",9.78837402479542
"DG65","DG65","DG65_3",9.79143394918856
"DG66","DG66","DG66_3",9.76276799376429
"DG67","DG67","DG67_3",9.68547332670888
"DG68","DG68","DG68_3",9.82680150578168
"DG69","DG69","DG69_3",9.80163579628954
"DG70","DG70","DG70_3",9.95748896677055
"DG71","DG71","DG71_3",9.7490404083972
"DG72","DG72","DG72_3",9.7162657123759
"DG73","DG73","DG73_3",9.73248424466695
"DG74","DG74","DG74_3",9.70814883929553
"DG75","DG75","DG75_3",9.69440294682907
"DG76","DG76","DG76_3",9.75212042892727
"DG77","DG77","DG77_3",9.81328788528367
"DG78","DG78","DG78_3",9.86163385192521
"DG79","DG79","DG79_3",9.86860973624187
"DG80","DG80","DG80_3",9.90431385475193
"DG81","DG81","DG81_3",9.71823062922302
"DG82","DG82","DG82_3",9.64421857710137
"DG83","DG83","DG83_3",9.61765584326065
"DG84","DG84","DG84_3",9.57663167004366
"DG85","DG85","DG85_3",9.58288658539483
"DG86","DG86","DG86_3",9.71594923269376
"DG87","DG87","DG87_3",9.82853712141936
"DG88","DG88","DG88_3",9.88499737888932
"DG89","DG89","DG89_3",9.90287547532621
"DG90","DG90","DG90_3",9.84820570834404
"DG91","DG91","DG91_3",9.59449301278109
"DG92","DG92","DG92_3",9.56431853606064
"DG93","DG93","DG93_3",9.45658787144351
"DG94","DG94","DG94_3",9.49688492604945
"DG95","DG95","DG95_3",9.57291675642838
"DG96","DG96","DG96_3",9.71830905395705
"DG97","DG97","DG97_3",9.85243489772167
"DG98","DG98","DG98_3",9.88265348998768
"DG99","DG99","DG99_3",9.88705707509412
"DH06","DH06","DH06_3",9.97520064874423
"DH07","DH07","DH07_3",9.97242328339777
"DH08","DH08","DH08_3",9.96552578275172
"DH09","DH09","DH09_3",9.85704122443333
"DH16","DH16","DH16_3",10.0175136844983
"DH17","DH17","DH17_3",9.92580768266005
"DH18","DH18","DH18_3",9.9149217382828
"DH19","DH19","DH19_3",9.88459112613446
"DH25","DH25","DH25_3",10.0325761126317
"DH26","DH26","DH26_3",9.98030919067294
"DH27","DH27","DH27_3",9.83294541267743
"DH28","DH28","DH28_3",9.81448557871193
"DH29","DH29","DH29_3",9.92132130185239
"DH36","DH36","DH36_3",10.0239447426724
"DH37","DH37","DH37_3",9.90302206033463
"DH38","DH38","DH38_3",9.98707973592689
"DH49","DH49","DH49_3",9.99967297962251
"DH57","DH57","DH57_3",10.0119151373902
"DH58","DH58","DH58_3",10.0039312293824
"DH59","DH59","DH59_3",10.0154205396025
"DH66","DH66","DH66_3",9.91260471870408
"DH67","DH67","DH67_3",9.94597206586326
"DH69","DH69","DH69_3",10.0074205570247
"DH75","DH75","DH75_3",9.96622376815641
"DH76","DH76","DH76_3",9.91915960577188
"DH77","DH77","DH77_3",10.0177612380782
"DH78","DH78","DH78_3",10.0237634809027
"DH79","DH79","DH79_3",10.0144556174953
"DH85","DH85","DH85_3",9.98877064555487
"DH86","DH86","DH86_3",10.0011925377658
"DH87","DH87","DH87_3",10.0398833065226
"DH88","DH88","DH88_3",10.0297056076191
"DH89","DH89","DH89_3",10.0253476692387
"DH95","DH95","DH95_3",10.0214021064166
"DH96","DH96","DH96_3",10.0304499341426
"DH97","DH97","DH97_3",10.0396199207857
"DH98","DH98","DH98_3",10.0263208946254
"DH99","DH99","DH99_3",9.99901487940688
"EB01","EB01","EB01_3",9.69908514957447
"EB02","EB02","EB02_3",9.70542502093369
"EB03","EB03","EB03_3",9.67695854868853
"EB04","EB04","EB04_3",9.65956495626506
"EB05","EB05","EB05_3",9.69210220619319
"EB06","EB06","EB06_3",9.69578579397721
"EB07","EB07","EB07_3",9.66894691887626
"EB08","EB08","EB08_3",9.62989211741085
"EB09","EB09","EB09_3",9.67381695375575
"EB10","EB10","EB10_3",9.65437569695673
"EB11","EB11","EB11_3",9.66284234902992
"EB12","EB12","EB12_3",9.66816949201132
"EB13","EB13","EB13_3",9.66702608016715
"EB14","EB14","EB14_3",9.71115563800618
"ED00","ED00","ED00_3",9.52119236739515
"ED01","ED01","ED01_3",9.50535113406435
"ED02","ED02","ED02_3",9.49776284481164
"ED03","ED03","ED03_3",9.62599711976607
"ED10","ED10","ED10_3",9.59443121003494
"ED11","ED11","ED11_3",9.49327112790767
"ED12","ED12","ED12_3",9.47626684119738
"ED13","ED13","ED13_3",9.55331927951044
"ED20","ED20","ED20_3",9.65899510551195
"ED21","ED21","ED21_3",9.57783335245732
"ED22","ED22","ED22_3",9.58507312024655
"ED23","ED23","ED23_3",9.65828116995868
"ED30","ED30","ED30_3",9.68947201565155
"ED31","ED31","ED31_3",9.65048428390712
"ED32","ED32","ED32_3",9.67881435428432
"ED41","ED41","ED41_3",9.70757448644035
"EE04","EE04","EE04_3",9.70264849590858
"EE05","EE05","EE05_3",9.61097489347805
"EE06","EE06","EE06_3",9.55333536309664
"EE07","EE07","EE07_3",9.5593248123226
"EE08","EE08","EE08_3",9.52544827200743
"EE09","EE09","EE09_3",9.62745165437414
"EE14","EE14","EE14_3",9.70356620723429
"EE15","EE15","EE15_3",9.58257216830319
"EE16","EE16","EE16_3",9.64932754238474
"EE17","EE17","EE17_3",9.60097978052919
"EE18","EE18","EE18_3",9.54026221950542
"EE19","EE19","EE19_3",9.57607939913519
"EE20","EE20","EE20_3",9.77247194503321
"EE24","EE24","EE24_3",9.72666967482794
"EE26","EE26","EE26_3",9.70100707526062
"EE27","EE27","EE27_3",9.59649823343906
"EE28","EE28","EE28_3",9.58336131193428
"EE29","EE29","EE29_3",9.53731076819035
"EE38","EE38","EE38_3",9.64008583995083
"EE39","EE39","EE39_3",9.6394985309569
"EE81","EE81","EE81_3",9.79907974591675
"EE90","EE90","EE90_3",9.74424500719914
"EE91","EE91","EE91_3",9.7594893141184
"EF00","EF00","EF00_3",9.87648554617636
"EF01","EF01","EF01_3",9.86304487544541
"EF02","EF02","EF02_3",9.85984733326354
"EF06","EF06","EF06_3",9.76845344659658
"EF07","EF07","EF07_3",9.72546659977296
"EF08","EF08","EF08_3",9.74545940932016
"EF09","EF09","EF09_3",9.76347597567565
"EF10","EF10","EF10_3",9.83759067058358
"EF11","EF11","EF11_3",9.84126448198465
"EF19","EF19","EF19_3",9.77394643000405
"EF20","EF20","EF20_3",9.88873922052126
"EF35","EF35","EF35_3",9.78855872340404
"EF44","EF44","EF44_3",9.83230756992655
"EF45","EF45","EF45_3",9.72723944662345
"EF53","EF53","EF53_3",9.82603643343578
"EF54","EF54","EF54_3",9.78105420253183
"EF55","EF55","EF55_3",9.75259456510263
"EF60","EF60","EF60_3",9.8968454962456
"EF61","EF61","EF61_3",9.88576806174025
"EF63","EF63","EF63_3",9.79640074234423
"EF64","EF64","EF64_3",9.79263291711601
"EF65","EF65","EF65_3",9.82104990915346
"EF66","EF66","EF66_3",9.85144715179937
"EF68","EF68","EF68_3",9.81208704825664
"EF69","EF69","EF69_3",9.81671211624904
"EF70","EF70","EF70_3",9.85117240637311
"EF71","EF71","EF71_3",9.86404814970477
"EF72","EF72","EF72_3",9.80451895219048
"EF73","EF73","EF73_3",9.7310574348239
"EF74","EF74","EF74_3",9.76979078302963
"EF75","EF75","EF75_3",9.8483107293304
"EF76","EF76","EF76_3",9.84361958715265
"EF78","EF78","EF78_3",9.81337895346204
"EF79","EF79","EF79_3",9.81802974283118
"EF80","EF80","EF80_3",9.81501635895242
"EF81","EF81","EF81_3",9.83368630778939
"EF82","EF82","EF82_3",9.82239582743186
"EF83","EF83","EF83_3",9.66972621081118
"EF84","EF84","EF84_3",9.80040010239632
"EF85","EF85","EF85_3",9.80131951087019
"EF86","EF86","EF86_3",9.80257909423852
"EF87","EF87","EF87_3",9.80386772421766
"EF90","EF90","EF90_3",9.69390097115227
"EF91","EF91","EF91_3",9.66422684227095
"EF92","EF92","EF92_3",9.65487487517209
"EF93","EF93","EF93_3",9.71396795948062
"EF94","EF94","EF94_3",9.61930721010745
"EF95","EF95","EF95_3",9.65150152472058
"EF96","EF96","EF96_3",9.78182318273531
"EF97","EF97","EF97_3",9.65462254016882
"EF98","EF98","EF98_3",9.80395569992602
"EG00","EG00","EG00_3",9.8696339954808
"EG01","EG01","EG01_3",9.58590194408239
"EG02","EG02","EG02_3",9.49731637963555
"EG03","EG03","EG03_3",9.38834768359745
"EG04","EG04","EG04_3",9.5076655238165
"EG05","EG05","EG05_3",9.61448579245723
"EG06","EG06","EG06_3",9.7669553846318
"EG07","EG07","EG07_3",9.84438513298076
"EG08","EG08","EG08_3",9.86326272145417
"EG09","EG09","EG09_3",9.88537241243377
"EG10","EG10","EG10_3",9.90544721386854
"EG11","EG11","EG11_3",9.68437011583411
"EG12","EG12","EG12_3",9.60944601771411
"EG13","EG13","EG13_3",9.50342231585277
"EG14","EG14","EG14_3",9.60252651213787
"EG15","EG15","EG15_3",9.70614922966508
"EG16","EG16","EG16_3",9.84646452190055
"EG17","EG17","EG17_3",9.86394737259433
"EG18","EG18","EG18_3",9.89745001974076
"EG19","EG19","EG19_3",9.8811990768479
"EG21","EG21","EG21_3",9.89775416081039
"EG22","EG22","EG22_3",9.82754456742411
"EG23","EG23","EG23_3",9.81207799213967
"EG24","EG24","EG24_3",9.78930086937913
"EG25","EG25","EG25_3",9.84391832241827
"EG26","EG26","EG26_3",9.88153570519064
"EG27","EG27","EG27_3",9.87945475899377
"EG30","EG30","EG30_3",9.96881293231085
"EG31","EG31","EG31_3",9.98041734408417
"EG33","EG33","EG33_3",9.96646738042268
"EG34","EG34","EG34_3",9.95157248293943
"EG35","EG35","EG35_3",9.95444481225492
"EG36","EG36","EG36_3",9.94732722531554
"EG40","EG40","EG40_3",9.9582111033657
"EG41","EG41","EG41_3",9.94774841396889
"EG42","EG42","EG42_3",9.94807186408691
"EG44","EG44","EG44_3",9.96867848381585
"EG46","EG46","EG46_3",9.95104895232619
"EG67","EG67","EG67_3",9.93261874202938
"EG72","EG72","EG72_3",9.9781634195664
"EG73","EG73","EG73_3",9.9727729249443
"EG74","EG74","EG74_3",9.9597021261
"EG76","EG76","EG76_3",9.91421541811893
"EG77","EG77","EG77_3",9.92346542417872
"EG78","EG78","EG78_3",9.90797303136918
"EG79","EG79","EG79_3",9.86244059084393
"EG83","EG83","EG83_3",9.9637128934546
"EG84","EG84","EG84_3",9.93496910698887
"EG85","EG85","EG85_3",9.90135431633897
"EG86","EG86","EG86_3",9.84282218945965
"EG87","EG87","EG87_3",9.89444261930028
"EG88","EG88","EG88_3",9.883761655935
"EG89","EG89","EG89_3",9.8252675520151
"EG93","EG93","EG93_3",9.93962563375808
"EG94","EG94","EG94_3",9.91598163725176
"EG95","EG95","EG95_3",9.85199146277449
"EG96","EG96","EG96_3",9.82887523580075
"EG97","EG97","EG97_3",9.72926352949293
"EG98","EG98","EG98_3",9.69553326466081
"EG99","EG99","EG99_3",9.75133125486981
"EH05","EH05","EH05_3",10.0396029057723
"EH06","EH06","EH06_3",10.0466441364788
"EH07","EH07","EH07_3",10.0369599949374
"EH08","EH08","EH08_3",10.009992167192
"EH09","EH09","EH09_3",9.93233908965322
"EH13","EH13","EH13_3",10.059098497743
"EH14","EH14","EH14_3",10.038555419304
"EH15","EH15","EH15_3",10.0122418983702
"EH16","EH16","EH16_3",10.0437172342676
"EH17","EH17","EH17_3",10.0328717852915
"EH18","EH18","EH18_3",10.0321790606909
"EH19","EH19","EH19_3",10.0055626560141
"EH23","EH23","EH23_3",10.0532001184863
"EH24","EH24","EH24_3",10.0354303676289
"EH25","EH25","EH25_3",10.0025536443074
"EH26","EH26","EH26_3",9.98969493035551
"EH27","EH27","EH27_3",9.97262683430674
"EH28","EH28","EH28_3",9.97571592529565
"EH36","EH36","EH36_3",10.0360614602958
"EH37","EH37","EH37_3",9.99730491497575
"EH38","EH38","EH38_3",9.97470331290062
"EH39","EH39","EH39_3",9.97109597789533
"EH49","EH49","EH49_3",10.0081157755224
"EH54","EH54","EH54_3",10.0694715794078
"EH55","EH55","EH55_3",10.062014828525
"EH56","EH56","EH56_3",10.0482312879546
"EH57","EH57","EH57_3",10.0355651177705
"EH63","EH63","EH63_3",10.0604680325479
"EH64","EH64","EH64_3",10.0667157768048
"EH65","EH65","EH65_3",10.0532811677046
"EH66","EH66","EH66_3",10.0294017757484
"EH67","EH67","EH67_3",10.0070064913355
"EH68","EH68","EH68_3",10.0282816132722
"EH73","EH73","EH73_3",10.061010238896
"EH74","EH74","EH74_3",10.0654809511235
"EH75","EH75","EH75_3",10.046448878751
"EH76","EH76","EH76_3",10.0146014386277
"EH77","EH77","EH77_3",10.0079896020667
"EH78","EH78","EH78_3",10.0217974850802
"EH83","EH83","EH83_3",10.0735261163183
"EH84","EH84","EH84_3",10.0609752025889
"EH85","EH85","EH85_3",10.0396413974873
"EH86","EH86","EH86_3",10.0039247190498
"EH87","EH87","EH87_3",9.97242467162445
"EH88","EH88","EH88_3",10.0054587883656
"EH92","EH92","EH92_3",10.074096746675
"EH93","EH93","EH93_3",10.0706929553913
"EH94","EH94","EH94_3",10.0426789588246
"EH95","EH95","EH95_3",10.01157632131
"EH96","EH96","EH96_3",9.98746185630997
"EH97","EH97","EH97_3",9.97492104239371
"EH98","EH98","EH98_3",9.99074980717977
"FE00","FE00","FE00_3",9.75666888031956
"FE10","FE10","FE10_3",9.70398144591745
"FE20","FE20","FE20_3",9.69961362565779
"FE30","FE30","FE30_3",9.69908757797893
"FE40","FE40","FE40_3",9.67799901380104
"FE41","FE41","FE41_3",9.68748203422059
"FE50","FE50","FE50_3",9.6301355998241
"FE51","FE51","FE51_3",9.62514367597936
"FE60","FE60","FE60_3",9.61274720353313
"FE61","FE61","FE61_3",9.6113866801327
"FE62","FE62","FE62_3",9.58624453481072
"FE70","FE70","FE70_3",9.58237918788533
"FE71","FE71","FE71_3",9.56478726491805
"FE72","FE72","FE72_3",9.55440358170131
"FE73","FE73","FE73_3",9.5694508508475
"FE80","FE80","FE80_3",9.54224492235081
"FE81","FE81","FE81_3",9.56359214944405
"FE82","FE82","FE82_3",9.51873234383045
"FE83","FE83","FE83_3",9.46791043736064
"FE90","FE90","FE90_3",9.51695296679324
"FE91","FE91","FE91_3",9.53679946980074
"FE92","FE92","FE92_3",9.41769700076375
"FE93","FE93","FE93_3",9.46311361811249
"FE94","FE94","FE94_3",9.48086720400448
"FF00","FF00","FF00_3",9.69119893013324
"FF01","FF01","FF01_3",9.60422276284575
"FF02","FF02","FF02_3",9.64851305499068
"FF03","FF03","FF03_3",9.53867386070911
"FF04","FF04","FF04_3",9.66990669512117
"FF05","FF05","FF05_3",9.75147764259042
"FF06","FF06","FF06_3",9.74229972249783
"FF07","FF07","FF07_3",9.6356851344452
"FF08","FF08","FF08_3",9.6386280702747
"FF10","FF10","FF10_3",9.63532678583853
"FF11","FF11","FF11_3",9.63062367747825
"FF12","FF12","FF12_3",9.63143864583562
"FF13","FF13","FF13_3",9.52190884816242
"FF14","FF14","FF14_3",9.71520960595675
"FF15","FF15","FF15_3",9.73600157955886
"FF16","FF16","FF16_3",9.79687004367711
"FF17","FF17","FF17_3",9.67986021231227
"FF18","FF18","FF18_3",9.64140037979063
"FF19","FF19","FF19_3",9.74620208380447
"FF20","FF20","FF20_3",9.60048989835713
"FF21","FF21","FF21_3",9.59957466698006
"FF22","FF22","FF22_3",9.62275686957673
"FF23","FF23","FF23_3",9.51437668204716
"FF24","FF24","FF24_3",9.66582914694979
"FF25","FF25","FF25_3",9.7355577214527
"FF26","FF26","FF26_3",9.76065477481142
"FF27","FF27","FF27_3",9.56103001037955
"FF28","FF28","FF28_3",9.64946215254489
"FF29","FF29","FF29_3",9.65472208392019
"FF30","FF30","FF30_3",9.56636200264508
"FF31","FF31","FF31_3",9.55248146224059
"FF32","FF32","FF32_3",9.5770508333232
"FF33","FF33","FF33_3",9.42272932774934
"FF34","FF34","FF34_3",9.59047488875402
"FF35","FF35","FF35_3",9.6670909125958
"FF36","FF36","FF36_3",9.63571239048308
"FF37","FF37","FF37_3",9.7032449478581
"FF38","FF38","FF38_3",9.56585648647381
"FF39","FF39","FF39_3",9.6258066862642
"FF40","FF40","FF40_3",9.58118859792633
"FF41","FF41","FF41_3",9.46128235414528
"FF42","FF42","FF42_3",9.52224194657859
"FF43","FF43","FF43_3",9.4705580241259
"FF44","FF44","FF44_3",9.55827424089555
"FF45","FF45","FF45_3",9.62307502689477
"FF46","FF46","FF46_3",9.67622671220103
"FF47","FF47","FF47_3",9.66913975432667
"FF48","FF48","FF48_3",9.64947099019676
"FF49","FF49","FF49_3",9.6850507510974
"FF50","FF50","FF50_3",9.48859572864072
"FF51","FF51","FF51_3",9.30839678033915
"FF52","FF52","FF52_3",9.34595134890145
"FF53","FF53","FF53_3",9.46850088059075
"FF54","FF54","FF54_3",9.56630584897729
"FF55","FF55","FF55_3",9.62799308635127
"FF56","FF56","FF56_3",9.65671922744087
"FF57","FF57","FF57_3",9.66865555314493
"FF60","FF60","FF60_3",9.47379404455568
"FF61","FF61","FF61_3",9.28953075605385
"FF62","FF62","FF62_3",9.30461805895827
"FF63","FF63","FF63_3",9.38958915723827
"FF64","FF64","FF64_3",9.51854336978384
"FF65","FF65","FF65_3",9.5745411215551
"FF66","FF66","FF66_3",9.52325951531731
"FF67","FF67","FF67_3",9.53022885769027
"FF68","FF68","FF68_3",9.64676444186845
"FF69","FF69","FF69_3",9.61873778727505
"FF70","FF70","FF70_3",9.49160520020352
"FF71","FF71","FF71_3",9.39245409079879
"FF72","FF72","FF72_3",9.46854698678038
"FF73","FF73","FF73_3",9.51216679079643
"FF74","FF74","FF74_3",9.62015922699267
"FF75","FF75","FF75_3",9.63057880425481
"FF76","FF76","FF76_3",9.58481073752948
"FF77","FF77","FF77_3",9.55619268431601
"FF78","FF78","FF78_3",9.56202485276711
"FF79","FF79","FF79_3",9.59635826508755
"FF80","FF80","FF80_3",9.51222394758497
"FF81","FF81","FF81_3",9.45300411821746
"FF82","FF82","FF82_3",9.47066098057491
"FF83","FF83","FF83_3",9.4322878849318
"FF84","FF84","FF84_3",9.56607415574169
"FF85","FF85","FF85_3",9.62721235162258
"FF86","FF86","FF86_3",9.60880717766168
"FF87","FF87","FF87_3",9.5943853872268
"FF88","FF88","FF88_3",9.56287758989757
"FF89","FF89","FF89_3",9.55216737244768
"FF90","FF90","FF90_3",9.58923289656378
"FF91","FF91","FF91_3",9.553229773263
"FF92","FF92","FF92_3",9.45817360505678
"FF93","FF93","FF93_3",9.37087805825561
"FF94","FF94","FF94_3",9.45296410673726
"FF95","FF95","FF95_3",9.55365450434746
"FF96","FF96","FF96_3",9.55378721626752
"FF97","FF97","FF97_3",9.50223856581749
"FF98","FF98","FF98_3",9.47805760150218
"FF99","FF99","FF99_3",9.49728112052903
"FG00","FG00","FG00_3",9.98551186543244
"FG03","FG03","FG03_3",9.92793332132871
"FG04","FG04","FG04_3",9.89733954106015
"FG05","FG05","FG05_3",9.80713492703716
"FG06","FG06","FG06_3",9.71963571802166
"FG07","FG07","FG07_3",9.67080224674864
"FG08","FG08","FG08_3",9.55163978866995
"FG09","FG09","FG09_3",9.70602255851665
"FG13","FG13","FG13_3",9.89722151483447
"FG14","FG14","FG14_3",9.83024955542591
"FG15","FG15","FG15_3",9.76617935332915
"FG16","FG16","FG16_3",9.66270186849597
"FG17","FG17","FG17_3",9.58428177325365
"FG18","FG18","FG18_3",9.49188012423713
"FG19","FG19","FG19_3",9.54465526060305
"FG23","FG23","FG23_3",9.8641059866927
"FG24","FG24","FG24_3",9.82979615292531
"FG25","FG25","FG25_3",9.7563582265316
"FG26","FG26","FG26_3",9.62261566792797
"FG27","FG27","FG27_3",9.65856140539272
"FG28","FG28","FG28_3",9.56787547747036
"FG29","FG29","FG29_3",9.58605018545044
"FG31","FG31","FG31_3",9.90960960238608
"FG33","FG33","FG33_3",9.85747298189079
"FG34","FG34","FG34_3",9.81350260661891
"FG35","FG35","FG35_3",9.74472165770728
"FG36","FG36","FG36_3",9.64485785641275
"FG37","FG37","FG37_3",9.66526793489284
"FG38","FG38","FG38_3",9.57058669194029
"FG39","FG39","FG39_3",9.58723064644696
"FG41","FG41","FG41_3",9.89899582933719
"FG42","FG42","FG42_3",9.86307087852304
"FG43","FG43","FG43_3",9.84947053858126
"FG44","FG44","FG44_3",9.80486611371144
"FG45","FG45","FG45_3",9.74693249657778
"FG46","FG46","FG46_3",9.71375701581318
"FG47","FG47","FG47_3",9.61019299071957
"FG48","FG48","FG48_3",9.63155853371091
"FG49","FG49","FG49_3",9.54598831785184
"FG50","FG50","FG50_3",9.8916788670937
"FG51","FG51","FG51_3",9.87859666922583
"FG52","FG52","FG52_3",9.86036552171454
"FG53","FG53","FG53_3",9.81073030736349
"FG54","FG54","FG54_3",9.70970383694044
"FG55","FG55","FG55_3",9.57701127259598
"FG56","FG56","FG56_3",9.58318459245279
"FG57","FG57","FG57_3",9.57803439812736
"FG58","FG58","FG58_3",9.56018207543267
"FG59","FG59","FG59_3",9.52815644855317
"FG60","FG60","FG60_3",9.88023124302551
"FG61","FG61","FG61_3",9.86060559214904
"FG62","FG62","FG62_3",9.75848675545747
"FG63","FG63","FG63_3",9.70670450097595
"FG64","FG64","FG64_3",9.56774644001007
"FG65","FG65","FG65_3",9.51412872064412
"FG66","FG66","FG66_3",9.5987535259624
"FG67","FG67","FG67_3",9.6069358476817
"FG68","FG68","FG68_3",9.5571019277236
"FG69","FG69","FG69_3",9.52509863320276
"FG70","FG70","FG70_3",9.79443709728344
"FG71","FG71","FG71_3",9.66158795262177
"FG72","FG72","FG72_3",9.68158710721371
"FG73","FG73","FG73_3",9.60627793059381
"FG74","FG74","FG74_3",9.29089011239257
"FG75","FG75","FG75_3",9.26886057013669
"FG76","FG76","FG76_3",9.49941949121913
"FG77","FG77","FG77_3",9.53798134571138
"FG78","FG78","FG78_3",9.50144433517861
"FG79","FG79","FG79_3",9.50776249127353
"FG80","FG80","FG80_3",9.585139068518
"FG81","FG81","FG81_3",9.63158179638771
"FG82","FG82","FG82_3",9.74695177716592
"FG83","FG83","FG83_3",9.69783083620283
"FG84","FG84","FG84_3",9.35231966747389
"FG85","FG85","FG85_3",9.42748104432179
"FG86","FG86","FG86_3",9.49259025050648
"FG87","FG87","FG87_3",9.54163995264216
"FG88","FG88","FG88_3",9.49396183847209
"FG89","FG89","FG89_3",9.47537347826545
"FG90","FG90","FG90_3",9.66176206881034
"FG91","FG91","FG91_3",9.72472360306616
"FG92","FG92","FG92_3",9.78946758894347
"FG93","FG93","FG93_3",9.78585257953203
"FG94","FG94","FG94_3",9.66295669506661
"FG95","FG95","FG95_3",9.55385192729896
"FG96","FG96","FG96_3",9.58848066148222
"FG97","FG97","FG97_3",9.62058220225027
"FG98","FG98","FG98_3",9.56550225314914
"FG99","FG99","FG99_3",9.53796102497288
"FH01","FH01","FH01_3",10.0775848070272
"FH02","FH02","FH02_3",10.0659399048025
"FH03","FH03","FH03_3",10.0483115156226
"FH04","FH04","FH04_3",9.97676600492021
"FH05","FH05","FH05_3",9.98937236762273
"FH06","FH06","FH06_3",9.9994061785032
"FH07","FH07","FH07_3",9.99529064554203
"FH08","FH08","FH08_3",9.98379625988812
"FH10","FH10","FH10_3",10.0887062426232
"FH11","FH11","FH11_3",10.0767656562693
"FH12","FH12","FH12_3",10.0478127234956
"FH13","FH13","FH13_3",10.0040060396786
"FH14","FH14","FH14_3",9.97681098207515
"FH15","FH15","FH15_3",9.98441962047695
"FH16","FH16","FH16_3",10.0021451184196
"FH17","FH17","FH17_3",10.0056790054724
"FH18","FH18","FH18_3",9.9708343309042
"FH20","FH20","FH20_3",10.0869047311778
"FH21","FH21","FH21_3",10.0636971790346
"FH22","FH22","FH22_3",10.0307385439778
"FH23","FH23","FH23_3",9.96008013544133
"FH24","FH24","FH24_3",9.97016900825721
"FH25","FH25","FH25_3",9.99114992078284
"FH27","FH27","FH27_3",10.0051963705981
"FH28","FH28","FH28_3",9.95873587197851
"FH29","FH29","FH29_3",9.95692000804068
"FH31","FH31","FH31_3",10.0599017265116
"FH32","FH32","FH32_3",10.0157439359214
"FH33","FH33","FH33_3",9.95134581899086
"FH34","FH34","FH34_3",9.96477997331888
"FH35","FH35","FH35_3",9.9830265034516
"FH36","FH36","FH36_3",9.9908419063293
"FH37","FH37","FH37_3",9.9783332517689
"FH42","FH42","FH42_3",9.9849115920919
"FH43","FH43","FH43_3",9.95278002335263
"FH44","FH44","FH44_3",9.97729896731157
"FH45","FH45","FH45_3",9.96249385572347
"FH46","FH46","FH46_3",9.94444681564167
"FH47","FH47","FH47_3",9.97416943525052
"FH48","FH48","FH48_3",9.93279551814769
"FH51","FH51","FH51_3",10.0257733868003
"FH52","FH52","FH52_3",9.97397437690821
"FH53","FH53","FH53_3",9.96459297169771
"FH54","FH54","FH54_3",9.97421679367427
"FH55","FH55","FH55_3",9.9627726824675
"FH56","FH56","FH56_3",9.95112636499096
"FH57","FH57","FH57_3",9.93051089171559
"FH58","FH58","FH58_3",9.92568704578553
"FH61","FH61","FH61_3",10.0314184106217
"FH62","FH62","FH62_3",9.99733086941881
"FH63","FH63","FH63_3",10.0101095132457
"FH64","FH64","FH64_3",9.97239411339951
"FH65","FH65","FH65_3",9.94487549928552
"FH66","FH66","FH66_3",9.92189807530478
"FH67","FH67","FH67_3",9.83697437925179
"FH68","FH68","FH68_3",9.89931115214218
"FH69","FH69","FH69_3",9.91132698789023
"FH70","FH70","FH70_3",10.0454271115328
"FH71","FH71","FH71_3",10.0305584920923
"FH72","FH72","FH72_3",10.0226500096929
"FH73","FH73","FH73_3",9.99773837126469
"FH74","FH74","FH74_3",9.95623987191755
"FH75","FH75","FH75_3",9.9174229985861
"FH76","FH76","FH76_3",9.88533779566587
"FH77","FH77","FH77_3",9.86955321866266
"FH78","FH78","FH78_3",9.90700534607721
"FH79","FH79","FH79_3",9.85073002103173
"FH80","FH80","FH80_3",10.0462011255579
"FH81","FH81","FH81_3",10.0278114034568
"FH82","FH82","FH82_3",10.0204377754541
"FH83","FH83","FH83_3",9.99819954211971
"FH84","FH84","FH84_3",9.93157175476669
"FH85","FH85","FH85_3",9.90695455605662
"FH86","FH86","FH86_3",9.87662808055694
"FH87","FH87","FH87_3",9.90411920064154
"FH88","FH88","FH88_3",9.90126523112544
"FH89","FH89","FH89_3",9.65908516119416
"FH94","FH94","FH94_3",9.95595468387102
"FH95","FH95","FH95_3",9.87474196146387
"FH96","FH96","FH96_3",9.89442612563684
"FH97","FH97","FH97_3",9.89949801061234
"FH98","FH98","FH98_3",9.87569297910554
"FH99","FH99","FH99_3",9.75701309793466
"GE00","GE00","GE00_3",9.42570001724238
"GE01","GE01","GE01_3",9.42958062649308
"GE02","GE02","GE02_3",9.38858935051799
"GE03","GE03","GE03_3",9.34994487563182
"GE04","GE04","GE04_3",9.44413726226878
"GE10","GE10","GE10_3",9.26285246129863
"GE11","GE11","GE11_3",9.26903156619212
"GE12","GE12","GE12_3",9.20991341275513
"GE13","GE13","GE13_3",9.36225188571744
"GE14","GE14","GE14_3",9.41901953227015
"GE20","GE20","GE20_3",9.26464415124781
"GE21","GE21","GE21_3",9.33208018471659
"GE22","GE22","GE22_3",9.36355505964446
"GE23","GE23","GE23_3",9.34531479304336
"GE24","GE24","GE24_3",9.40784891129664
"GE30","GE30","GE30_3",9.38319967083015
"GE31","GE31","GE31_3",9.30762944697853
"GE32","GE32","GE32_3",9.20093862977996
"GE33","GE33","GE33_3",9.22341466702538
"GE34","GE34","GE34_3",9.33148592077603
"GE40","GE40","GE40_3",9.43098274839401
"GE41","GE41","GE41_3",9.37316587778447
"GE42","GE42","GE42_3",9.25908254131072
"GE43","GE43","GE43_3",9.23177825211752
"GE44","GE44","GE44_3",9.36314501983014
"GF00","GF00","GF00_3",9.67110899694999
"GF01","GF01","GF01_3",9.63767732628938
"GF02","GF02","GF02_3",9.53125977563689
"GF03","GF03","GF03_3",9.45012975277265
"GF04","GF04","GF04_3",9.44242246451202
"GF05","GF05","GF05_3",9.5069564134412
"GF06","GF06","GF06_3",9.53487685076999
"GF07","GF07","GF07_3",9.43243862758223
"GF08","GF08","GF08_3",9.34785651211039
"GF09","GF09","GF09_3",9.41124272922459
"GF12","GF12","GF12_3",9.61765285740753
"GF13","GF13","GF13_3",9.57680978756589
"GF14","GF14","GF14_3",9.49848111425782
"GF15","GF15","GF15_3",9.47536585309265
"GF16","GF16","GF16_3",9.43749975006831
"GF17","GF17","GF17_3",9.41631627186725
"GF18","GF18","GF18_3",9.28932567868776
"GF19","GF19","GF19_3",9.28820631204606
"GF23","GF23","GF23_3",9.59874083220604
"GF24","GF24","GF24_3",9.53416052711657
"GF25","GF25","GF25_3",9.45905463661434
"GF26","GF26","GF26_3",9.37833704607507
"GF27","GF27","GF27_3",9.33366814411736
"GF28","GF28","GF28_3",9.27226646509727
"GF29","GF29","GF29_3",9.24661904370049
"GF33","GF33","GF33_3",9.59119822132921
"GF34","GF34","GF34_3",9.5272088219968
"GF35","GF35","GF35_3",9.46742724827944
"GF36","GF36","GF36_3",9.37225351639045
"GF37","GF37","GF37_3",9.34195233566955
"GF38","GF38","GF38_3",9.24762701900553
"GF39","GF39","GF39_3",9.27359523022758
"GF42","GF42","GF42_3",9.60672795985014
"GF43","GF43","GF43_3",9.59139698317109
"GF44","GF44","GF44_3",9.54932036317167
"GF45","GF45","GF45_3",9.46279976102778
"GF46","GF46","GF46_3",9.4172678691521
"GF47","GF47","GF47_3",9.3354092630738
"GF48","GF48","GF48_3",9.36272384464493
"GF49","GF49","GF49_3",9.37979013954628
"GF52","GF52","GF52_3",9.59497651016352
"GF53","GF53","GF53_3",9.56992267290622
"GF54","GF54","GF54_3",9.53801197569996
"GF55","GF55","GF55_3",9.52236697085889
"GF56","GF56","GF56_3",9.50657239471293
"GF57","GF57","GF57_3",9.47824964954207
"GF63","GF63","GF63_3",9.56001072676126
"GF64","GF64","GF64_3",9.54356011236636
"GF65","GF65","GF65_3",9.53034210205078
"GF73","GF73","GF73_3",9.54430791095384
"GF74","GF74","GF74_3",9.53589443409457
"GF75","GF75","GF75_3",9.52069278396387
"GG00","GG00","GG00_3",9.79535135646992
"GG01","GG01","GG01_3",9.83734077765294
"GG02","GG02","GG02_3",9.80101370197443
"GG04","GG04","GG04_3",9.76115381387363
"GG05","GG05","GG05_3",9.66355286528684
"GG06","GG06","GG06_3",9.64121722546186
"GG07","GG07","GG07_3",9.63631833247407
"GG08","GG08","GG08_3",9.59692708436912
"GG09","GG09","GG09_3",9.64899597320056
"GG10","GG10","GG10_3",9.8498336767904
"GG11","GG11","GG11_3",9.83313995716629
"GG15","GG15","GG15_3",9.71753270986585
"GG16","GG16","GG16_3",9.63887433782326
"GG17","GG17","GG17_3",9.64096468297477
"GG18","GG18","GG18_3",9.64581423399007
"GG19","GG19","GG19_3",9.67139317007866
"GG20","GG20","GG20_3",9.83439886414669
"GG25","GG25","GG25_3",9.70897708300268
"GG26","GG26","GG26_3",9.60228518784862
"GG27","GG27","GG27_3",9.5850195347505
"GG28","GG28","GG28_3",9.62517420242294
"GG30","GG30","GG30_3",9.76321775014453
"GG35","GG35","GG35_3",9.69620937734985
"GG36","GG36","GG36_3",9.58172971091464
"GG37","GG37","GG37_3",9.5676332454593
"GG38","GG38","GG38_3",9.62972183590749
"GG40","GG40","GG40_3",9.71726402873571
"GG50","GG50","GG50_3",9.65498378065077
"GH05","GH05","GH05_3",9.8977811172496
"GH06","GH06","GH06_3",9.87899282489673
"GH07","GH07","GH07_3",9.87704973560443
"GH08","GH08","GH08_3",9.84896102692016
"GH09","GH09","GH09_3",9.86589981862782
"GH17","GH17","GH17_3",9.85019393577829
"GH18","GH18","GH18_3",9.81566879167695
"GH19","GH19","GH19_3",9.84671416738919
"GH29","GH29","GH29_3",9.83334361500928
"GH39","GH39","GH39_3",9.80625952623972
"GH49","GH49","GH49_3",9.69238311947913
"GH59","GH59","GH59_3",9.45982071803552
"HA03","HA03","HA03_3",9.62149854659609
"HA04","HA04","HA04_3",9.52967019419359
"HA05","HA05","HA05_3",9.53385514863851
"HA06","HA06","HA06_3",9.26674671829774
"HA07","HA07","HA07_3",9.26059974399695
"HA08","HA08","HA08_3",9.44944144168856
"HA12","HA12","HA12_3",9.70284779471591
"HA13","HA13","HA13_3",9.48074807111961
"HA14","HA14","HA14_3",9.28546365209816
"HA15","HA15","HA15_3",9.15422854987518
"HA16","HA16","HA16_3",9.05247495033676
"HA17","HA17","HA17_3",9.20513513322809
"HA18","HA18","HA18_3",9.49058794279833
"HA22","HA22","HA22_3",9.6337167013321
"HA23","HA23","HA23_3",9.37873538273893
"HA24","HA24","HA24_3",9.04189573264799
"HA25","HA25","HA25_3",9.04821500155977
"HA26","HA26","HA26_3",9.09963675194879
"HA27","HA27","HA27_3",9.44963882892364
"HA31","HA31","HA31_3",9.6891633859746
"HA32","HA32","HA32_3",9.59443312517398
"HA33","HA33","HA33_3",9.29724909220988
"HA34","HA34","HA34_3",9.01713874168456
"HA35","HA35","HA35_3",9.06447466093684
"HA36","HA36","HA36_3",9.33694261624781
"HA41","HA41","HA41_3",9.7091151331005
"HA42","HA42","HA42_3",9.59160317980367
"HA43","HA43","HA43_3",9.29813332645871
"HA44","HA44","HA44_3",9.12717628470666
"HA45","HA45","HA45_3",9.29421268478647
"HA46","HA46","HA46_3",9.60157636377643
"HA51","HA51","HA51_3",9.72943090037029
"HA52","HA52","HA52_3",9.69278189806084
"HA53","HA53","HA53_3",9.52746987685102
"HA54","HA54","HA54_3",9.38438184911727
"HA55","HA55","HA55_3",9.5522980459094
"HA63","HA63","HA63_3",9.68843356382985
"HA64","HA64","HA64_3",9.69055201276325
"HA69","HA69","HA69_3",9.60681039736268
