"","kvadratkod","survey","tmean_winter"
"AD90","AD90","AD90_3",3.24730375713766
"AD91","AD91","AD91_3",3.26325985814128
"AD92","AD92","AD92_3",3.20768681326797
"AD93","AD93","AD93_3",3.26011360995889
"AD94","AD94","AD94_3",3.34597435655683
"AD95","AD95","AD95_3",3.39007893257882
"AD96","AD96","AD96_3",3.41553948113445
"AE81","AE81","AE81_3",3.36105206799557
"AE82","AE82","AE82_3",3.34944528277738
"AE83","AE83","AE83_3",3.34183269824009
"AE90","AE90","AE90_3",3.32723813162072
"AE91","AE91","AE91_3",3.29999339158829
"AE92","AE92","AE92_3",3.28212591903663
"AE93","AE93","AE93_3",3.25464172798997
"AE94","AE94","AE94_3",3.23511131124259
"AE95","AE95","AE95_3",3.22211576863013
"AE96","AE96","AE96_3",3.20148858003926
"AE97","AE97","AE97_3",3.1686625853117
"AE98","AE98","AE98_3",3.19536838803427
"AE99","AE99","AE99_3",3.23011141395149
"AF81","AF81","AF81_3",3.77624302894578
"AF82","AF82","AF82_3",3.74191169830653
"AF90","AF90","AF90_3",3.69113222411989
"AF91","AF91","AF91_3",3.65279421436681
"AF92","AF92","AF92_3",3.62104385274052
"AF93","AF93","AF93_3",3.58815198343362
"AF94","AF94","AF94_3",3.53240830396561
"AF95","AF95","AF95_3",3.47411146489442
"AF96","AF96","AF96_3",3.41275905298615
"AF97","AF97","AF97_3",3.40726766455649
"AF98","AF98","AF98_3",3.36208594606386
"AF99","AF99","AF99_3",3.35779242559705
"BC10","BC10","BC10_3",3.34008837031657
"BC11","BC11","BC11_3",3.39230552148606
"BC20","BC20","BC20_3",3.27267010876793
"BC21","BC21","BC21_3",3.29725306769989
"BC22","BC22","BC22_3",3.33510285703219
"BC23","BC23","BC23_3",3.38634421143104
"BC30","BC30","BC30_3",3.16119235417846
"BC31","BC31","BC31_3",3.22347803367681
"BC32","BC32","BC32_3",3.22680221117597
"BC33","BC33","BC33_3",3.25219763819146
"BC34","BC34","BC34_3",3.33022532950856
"BC40","BC40","BC40_3",3.05051305284048
"BC41","BC41","BC41_3",3.10989323731059
"BC42","BC42","BC42_3",3.13963069610144
"BC43","BC43","BC43_3",3.13478737358429
"BC44","BC44","BC44_3",3.25956026988713
"BC45","BC45","BC45_3",3.29956631181111
"BC50","BC50","BC50_3",3.02398008812075
"BC51","BC51","BC51_3",3.05682474793116
"BC52","BC52","BC52_3",3.06102950108758
"BC53","BC53","BC53_3",3.05516054891651
"BC54","BC54","BC54_3",3.12494196831326
"BC55","BC55","BC55_3",3.18084517623383
"BC56","BC56","BC56_3",3.22384787448087
"BC60","BC60","BC60_3",2.87229063414521
"BC61","BC61","BC61_3",3.06628580569802
"BC62","BC62","BC62_3",3.06163212082065
"BC63","BC63","BC63_3",3.05122685386157
"BC64","BC64","BC64_3",3.14054460906103
"BC65","BC65","BC65_3",3.15247885085043
"BC70","BC70","BC70_3",2.87531074210164
"BC71","BC71","BC71_3",2.94933027596888
"BC72","BC72","BC72_3",3.00383506440862
"BC73","BC73","BC73_3",3.03094329060057
"BC74","BC74","BC74_3",3.09830056509482
"BC75","BC75","BC75_3",3.13129759887399
"BC80","BC80","BC80_3",2.87341587268571
"BC81","BC81","BC81_3",2.83205469476379
"BC82","BC82","BC82_3",2.92641338461534
"BC83","BC83","BC83_3",3.01737563623426
"BC84","BC84","BC84_3",3.00881254545018
"BC85","BC85","BC85_3",3.03374208366389
"BC86","BC86","BC86_3",3.07714644426997
"BC91","BC91","BC91_3",2.83967041602271
"BC92","BC92","BC92_3",2.8948274758913
"BC93","BC93","BC93_3",2.93394208359119
"BC94","BC94","BC94_3",2.95462333565936
"BC95","BC95","BC95_3",2.9519483809137
"BC96","BC96","BC96_3",2.99512105461184
"BD00","BD00","BD00_3",3.10171905667451
"BD01","BD01","BD01_3",3.10234687089094
"BD02","BD02","BD02_3",3.01634838127576
"BD03","BD03","BD03_3",3.06782802489534
"BD04","BD04","BD04_3",3.21638125864648
"BD05","BD05","BD05_3",3.33674947147697
"BD06","BD06","BD06_3",3.3649850514116
"BD07","BD07","BD07_3",3.36895244664358
"BD08","BD08","BD08_3",3.41883748178103
"BD09","BD09","BD09_3",3.42679516493655
"BD10","BD10","BD10_3",2.94294015647698
"BD11","BD11","BD11_3",2.9361415677377
"BD12","BD12","BD12_3",2.88363662122946
"BD13","BD13","BD13_3",2.91391273135042
"BD14","BD14","BD14_3",3.09471316266096
"BD16","BD16","BD16_3",3.1923016586258
"BD17","BD17","BD17_3",3.06866656537997
"BD18","BD18","BD18_3",3.25913717773265
"BD19","BD19","BD19_3",3.3543903812086
"BD20","BD20","BD20_3",2.76635106891801
"BD21","BD21","BD21_3",2.76492258146002
"BD22","BD22","BD22_3",2.7786084981367
"BD23","BD23","BD23_3",2.70593404632762
"BD24","BD24","BD24_3",2.92450644748588
"BD26","BD26","BD26_3",3.09887642535565
"BD27","BD27","BD27_3",2.91505553547617
"BD28","BD28","BD28_3",3.05192460490269
"BD29","BD29","BD29_3",3.20521023744048
"BD30","BD30","BD30_3",2.59994097445385
"BD31","BD31","BD31_3",2.5987561287418
"BD32","BD32","BD32_3",2.66023052103261
"BD33","BD33","BD33_3",2.77091993104474
"BD34","BD34","BD34_3",2.8738981741934
"BD35","BD35","BD35_3",2.94493613955604
"BD36","BD36","BD36_3",3.00918797221173
"BD37","BD37","BD37_3",3.0164812236337
"BD38","BD38","BD38_3",3.08301816012206
"BD39","BD39","BD39_3",3.12042153428981
"BD40","BD40","BD40_3",2.4274424824341
"BD41","BD41","BD41_3",2.51813039202684
"BD42","BD42","BD42_3",2.65230811700185
"BD43","BD43","BD43_3",2.72830343267218
"BD44","BD44","BD44_3",2.81571381597807
"BD45","BD45","BD45_3",2.81268609527328
"BD46","BD46","BD46_3",2.94359714138181
"BD47","BD47","BD47_3",3.00948286113616
"BD48","BD48","BD48_3",3.07177821350443
"BD49","BD49","BD49_3",3.07956386949437
"BD50","BD50","BD50_3",2.33975155403995
"BD51","BD51","BD51_3",2.49932746008647
"BD52","BD52","BD52_3",2.64875887397295
"BD53","BD53","BD53_3",2.69397429892901
"BD54","BD54","BD54_3",2.75876137761848
"BD55","BD55","BD55_3",2.81817081273399
"BD56","BD56","BD56_3",2.87265082782222
"BD57","BD57","BD57_3",2.87489314647278
"BD58","BD58","BD58_3",2.88066089287846
"BD59","BD59","BD59_3",3.04009146943177
"BD60","BD60","BD60_3",2.28374381943657
"BD61","BD61","BD61_3",2.40969543370523
"BD62","BD62","BD62_3",2.55932806440171
"BD63","BD63","BD63_3",2.61365050177872
"BD64","BD64","BD64_3",2.58280691016856
"BD65","BD65","BD65_3",2.73312672902015
"BD66","BD66","BD66_3",2.77624042496702
"BD67","BD67","BD67_3",2.75326623202323
"BD68","BD68","BD68_3",2.70546964855553
"BD69","BD69","BD69_3",2.91396141396582
"BD70","BD70","BD70_3",2.11802381342088
"BD71","BD71","BD71_3",2.20916327311059
"BD72","BD72","BD72_3",2.42126031654639
"BD73","BD73","BD73_3",2.50530390234321
"BD74","BD74","BD74_3",2.48815020312977
"BD75","BD75","BD75_3",2.59081175480231
"BD76","BD76","BD76_3",2.71608257629255
"BD77","BD77","BD77_3",2.70437860948539
"BD78","BD78","BD78_3",2.70903540227188
"BD79","BD79","BD79_3",2.80308502024715
"BD80","BD80","BD80_3",2.0416650777569
"BD81","BD81","BD81_3",2.18249839490017
"BD82","BD82","BD82_3",2.32255212331209
"BD83","BD83","BD83_3",2.40911126374364
"BD84","BD84","BD84_3",2.3631832191992
"BD85","BD85","BD85_3",2.43363003751408
"BD86","BD86","BD86_3",2.57336102109954
"BD87","BD87","BD87_3",2.62508290136684
"BD88","BD88","BD88_3",2.73236843991603
"BD89","BD89","BD89_3",2.80729254754326
"BD90","BD90","BD90_3",2.09062895464641
"BD91","BD91","BD91_3",2.18366531378899
"BD92","BD92","BD92_3",2.26831329254631
"BD93","BD93","BD93_3",2.31495009280137
"BD94","BD94","BD94_3",2.24607093968089
"BD95","BD95","BD95_3",2.30785872989604
"BD96","BD96","BD96_3",2.42787935948269
"BD97","BD97","BD97_3",2.4789265015819
"BD98","BD98","BD98_3",2.65085994783937
"BD99","BD99","BD99_3",2.70998173558927
"BE02","BE02","BE02_3",3.13401405527145
"BE03","BE03","BE03_3",3.10191721540155
"BE04","BE04","BE04_3",3.09568807412525
"BE05","BE05","BE05_3",3.07514945706181
"BE06","BE06","BE06_3",3.05194235109769
"BE07","BE07","BE07_3",3.05101086681334
"BE08","BE08","BE08_3",3.08135923696373
"BE09","BE09","BE09_3",3.08406001515714
"BE10","BE10","BE10_3",3.05312554785356
"BE11","BE11","BE11_3",3.01821388290062
"BE12","BE12","BE12_3",2.97789752357677
"BE13","BE13","BE13_3",2.91692085322239
"BE14","BE14","BE14_3",2.89594321795597
"BE15","BE15","BE15_3",2.88835022123128
"BE16","BE16","BE16_3",2.85087070425389
"BE17","BE17","BE17_3",2.87302218628091
"BE18","BE18","BE18_3",2.93128943073758
"BE19","BE19","BE19_3",2.90714250415084
"BE20","BE20","BE20_3",2.88812095676894
"BE21","BE21","BE21_3",2.80340676450937
"BE22","BE22","BE22_3",2.6955773289704
"BE23","BE23","BE23_3",2.6616994675649
"BE24","BE24","BE24_3",2.65877457888584
"BE25","BE25","BE25_3",2.6264583312084
"BE26","BE26","BE26_3",2.61455834390826
"BE27","BE27","BE27_3",2.64625036957817
"BE28","BE28","BE28_3",2.73865913663576
"BE29","BE29","BE29_3",2.77303277526085
"BE30","BE30","BE30_3",2.71523272833777
"BE31","BE31","BE31_3",2.54219891677357
"BE32","BE32","BE32_3",2.3762642415873
"BE33","BE33","BE33_3",2.39179160039906
"BE34","BE34","BE34_3",2.45597878862433
"BE35","BE35","BE35_3",2.461295503353
"BE36","BE36","BE36_3",2.40500406991402
"BE37","BE37","BE37_3",2.44628427200663
"BE38","BE38","BE38_3",2.53890382451388
"BE39","BE39","BE39_3",2.64094789956798
"BE40","BE40","BE40_3",2.56603969779293
"BE41","BE41","BE41_3",2.44109456337648
"BE42","BE42","BE42_3",2.32697512770026
"BE43","BE43","BE43_3",2.25056578395328
"BE44","BE44","BE44_3",2.25929067334702
"BE45","BE45","BE45_3",2.25105302407919
"BE46","BE46","BE46_3",2.2665420334296
"BE47","BE47","BE47_3",2.30287876522361
"BE48","BE48","BE48_3",2.43175231230766
"BE49","BE49","BE49_3",2.50443437084112
"BE50","BE50","BE50_3",2.40314444678271
"BE51","BE51","BE51_3",2.29250655430432
"BE52","BE52","BE52_3",2.25238669026101
"BE53","BE53","BE53_3",2.2352390970012
"BE54","BE54","BE54_3",2.18011451145
"BE55","BE55","BE55_3",2.0727735643657
"BE56","BE56","BE56_3",2.08337581275793
"BE57","BE57","BE57_3",2.19412053191641
"BE58","BE58","BE58_3",2.31725935353133
"BE59","BE59","BE59_3",2.36493349559855
"BE60","BE60","BE60_3",2.29567641541712
"BE61","BE61","BE61_3",2.22037433223897
"BE62","BE62","BE62_3",2.16664826974418
"BE63","BE63","BE63_3",2.145614101605
"BE64","BE64","BE64_3",2.09907591177427
"BE65","BE65","BE65_3",2.05671038342756
"BE66","BE66","BE66_3",2.05042302070446
"BE67","BE67","BE67_3",2.09265357573708
"BE68","BE68","BE68_3",2.21764782595605
"BE69","BE69","BE69_3",2.25507124737852
"BE70","BE70","BE70_3",2.14299313911928
"BE71","BE71","BE71_3",2.06598173633715
"BE72","BE72","BE72_3",1.96894236921529
"BE73","BE73","BE73_3",1.99108669285957
"BE74","BE74","BE74_3",1.97350758153898
"BE75","BE75","BE75_3",1.99355613207056
"BE76","BE76","BE76_3",2.01501282391915
"BE77","BE77","BE77_3",2.05580367429581
"BE78","BE78","BE78_3",2.15373049163166
"BE79","BE79","BE79_3",2.17553361311886
"BE80","BE80","BE80_3",2.0362370596735
"BE81","BE81","BE81_3",1.91979603070687
"BE82","BE82","BE82_3",1.8437004863209
"BE83","BE83","BE83_3",1.87894199838058
"BE84","BE84","BE84_3",1.87303996739712
"BE85","BE85","BE85_3",1.90856228581738
"BE86","BE86","BE86_3",1.96818122901492
"BE87","BE87","BE87_3",2.00609561176771
"BE88","BE88","BE88_3",2.06122617222157
"BE89","BE89","BE89_3",2.05956114862745
"BE90","BE90","BE90_3",1.93179615839313
"BE91","BE91","BE91_3",1.88739372064544
"BE92","BE92","BE92_3",1.79242366965188
"BE93","BE93","BE93_3",1.81376777813976
"BE94","BE94","BE94_3",1.81939048382828
"BE95","BE95","BE95_3",1.83182382068439
"BE96","BE96","BE96_3",1.8760438834632
"BE97","BE97","BE97_3",1.89897348599823
"BE98","BE98","BE98_3",1.95694983748427
"BE99","BE99","BE99_3",1.98504096365363
"BF00","BF00","BF00_3",3.58369427845595
"BF01","BF01","BF01_3",3.54398025809767
"BF02","BF02","BF02_3",3.49820602626655
"BF03","BF03","BF03_3",3.39624871079754
"BF04","BF04","BF04_3",3.42720625356628
"BF05","BF05","BF05_3",3.3308689065063
"BF06","BF06","BF06_3",3.3341740083166
"BF07","BF07","BF07_3",3.30861221729704
"BF08","BF08","BF08_3",3.26889240100015
"BF10","BF10","BF10_3",3.43329882434167
"BF11","BF11","BF11_3",3.34552303779032
"BF12","BF12","BF12_3",3.34791980400187
"BF13","BF13","BF13_3",3.27395868722214
"BF14","BF14","BF14_3",3.23006849327752
"BF15","BF15","BF15_3",3.19496615117035
"BF16","BF16","BF16_3",3.16983827138786
"BF17","BF17","BF17_3",3.14207934256988
"BF18","BF18","BF18_3",3.11972725651309
"BF20","BF20","BF20_3",3.22922617071904
"BF21","BF21","BF21_3",3.18789210091046
"BF22","BF22","BF22_3",3.21703529213124
"BF23","BF23","BF23_3",3.11631464847355
"BF24","BF24","BF24_3",3.03490307133029
"BF25","BF25","BF25_3",2.98474172637589
"BF26","BF26","BF26_3",2.95267580975525
"BF27","BF27","BF27_3",2.94887382048327
"BF28","BF28","BF28_3",2.93653914925987
"BF29","BF29","BF29_3",2.93331729762239
"BF30","BF30","BF30_3",3.01639299615467
"BF31","BF31","BF31_3",3.02321837757796
"BF32","BF32","BF32_3",3.0030562106393
"BF33","BF33","BF33_3",2.95030822323547
"BF34","BF34","BF34_3",2.82786348139432
"BF35","BF35","BF35_3",2.76723670781241
"BF36","BF36","BF36_3",2.73862109828102
"BF37","BF37","BF37_3",2.71241866018153
"BF38","BF38","BF38_3",2.7264419222325
"BF39","BF39","BF39_3",2.78176018365999
"BF40","BF40","BF40_3",2.83831870110997
"BF41","BF41","BF41_3",2.8451373698956
"BF42","BF42","BF42_3",2.7944104691995
"BF43","BF43","BF43_3",2.82715804480319
"BF44","BF44","BF44_3",2.74095168258003
"BF45","BF45","BF45_3",2.6292957621752
"BF46","BF46","BF46_3",2.54023641772578
"BF47","BF47","BF47_3",2.52486722524866
"BF48","BF48","BF48_3",2.5947533065019
"BF49","BF49","BF49_3",2.62299774810493
"BF50","BF50","BF50_3",2.74466462744986
"BF51","BF51","BF51_3",2.67489568290695
"BF52","BF52","BF52_3",2.66133702559041
"BF53","BF53","BF53_3",2.65678390325373
"BF54","BF54","BF54_3",2.58800436978272
"BF55","BF55","BF55_3",2.48511309411118
"BF56","BF56","BF56_3",2.43269025335812
"BF57","BF57","BF57_3",2.37050404602303
"BF58","BF58","BF58_3",2.43799434840173
"BF59","BF59","BF59_3",2.4757647157413
"BF60","BF60","BF60_3",2.64075385806308
"BF61","BF61","BF61_3",2.56380256014541
"BF62","BF62","BF62_3",2.49219101138715
"BF63","BF63","BF63_3",2.4752813683952
"BF64","BF64","BF64_3",2.44548345389328
"BF65","BF65","BF65_3",2.37604340522922
"BF66","BF66","BF66_3",2.33894161672899
"BF67","BF67","BF67_3",2.32026580490587
"BF68","BF68","BF68_3",2.34219502452252
"BF69","BF69","BF69_3",2.3299935686695
"BF70","BF70","BF70_3",2.47546435945966
"BF71","BF71","BF71_3",2.44376464110294
"BF72","BF72","BF72_3",2.36892663827855
"BF73","BF73","BF73_3",2.32133389247186
"BF74","BF74","BF74_3",2.30200593910077
"BF75","BF75","BF75_3",2.27350315835665
"BF76","BF76","BF76_3",2.25386057759492
"BF77","BF77","BF77_3",2.22518846277314
"BF78","BF78","BF78_3",2.19353447844971
"BF79","BF79","BF79_3",2.20408347256491
"BF80","BF80","BF80_3",2.30520688541683
"BF81","BF81","BF81_3",2.25922777114467
"BF82","BF82","BF82_3",2.19263101614968
"BF83","BF83","BF83_3",2.17184234993906
"BF84","BF84","BF84_3",2.1639924558694
"BF85","BF85","BF85_3",2.13242079960015
"BF86","BF86","BF86_3",2.11513502707377
"BF87","BF87","BF87_3",2.08491385607403
"BF88","BF88","BF88_3",2.03626968092296
"BF89","BF89","BF89_3",2.06236760899258
"BF90","BF90","BF90_3",2.11810713531303
"BF91","BF91","BF91_3",2.02193173571299
"BF92","BF92","BF92_3",2.03074323698314
"BF93","BF93","BF93_3",2.0233374962385
"BF94","BF94","BF94_3",1.9692794565871
"BF95","BF95","BF95_3",1.9931340693915
"BF96","BF96","BF96_3",1.98031626310412
"BF97","BF97","BF97_3",1.96605851850182
"BF98","BF98","BF98_3",1.93530990725234
"BF99","BF99","BF99_3",1.95259810258967
"BG09","BG09","BG09_3",3.56254141526757
"BG19","BG19","BG19_3",3.49902066062045
"BG26","BG26","BG26_3",3.35384692924295
"BG27","BG27","BG27_3",3.35776342224063
"BG28","BG28","BG28_3",3.35149762563671
"BG29","BG29","BG29_3",3.31548244300613
"BG30","BG30","BG30_3",3.26723767239517
"BG31","BG31","BG31_3",3.26388920001995
"BG32","BG32","BG32_3",3.25841840606867
"BG33","BG33","BG33_3",3.25232472560723
"BG36","BG36","BG36_3",3.28943608953328
"BG37","BG37","BG37_3",3.28285474880972
"BG38","BG38","BG38_3",3.25920878957921
"BG39","BG39","BG39_3",3.09893528785662
"BG40","BG40","BG40_3",3.16932819367463
"BG41","BG41","BG41_3",3.15207778874296
"BG42","BG42","BG42_3",3.14982439179706
"BG43","BG43","BG43_3",3.15484710258629
"BG45","BG45","BG45_3",3.12424194613389
"BG48","BG48","BG48_3",2.97828451119494
"BG49","BG49","BG49_3",2.96008448813426
"BG50","BG50","BG50_3",2.8910594812607
"BG51","BG51","BG51_3",2.90460884052299
"BG52","BG52","BG52_3",2.91749830396278
"BG53","BG53","BG53_3",2.9127518958938
"BG54","BG54","BG54_3",2.91128977678519
"BG55","BG55","BG55_3",2.89678903457123
"BG56","BG56","BG56_3",2.88363451780013
"BG57","BG57","BG57_3",2.88331624336842
"BG58","BG58","BG58_3",2.86377091328753
"BG59","BG59","BG59_3",2.82510935367974
"BG60","BG60","BG60_3",2.77668062087941
"BG61","BG61","BG61_3",2.79168623358361
"BG62","BG62","BG62_3",2.79242944562726
"BG63","BG63","BG63_3",2.78842744249124
"BG64","BG64","BG64_3",2.77307253793332
"BG65","BG65","BG65_3",2.76019351264478
"BG66","BG66","BG66_3",2.78069327609979
"BG67","BG67","BG67_3",2.75551021351744
"BG68","BG68","BG68_3",2.69154855648759
"BG69","BG69","BG69_3",2.64991448497839
"BG70","BG70","BG70_3",2.62045983128964
"BG71","BG71","BG71_3",2.6369959593016
"BG72","BG72","BG72_3",2.58343670112832
"BG73","BG73","BG73_3",2.59799587329766
"BG74","BG74","BG74_3",2.58922147816329
"BG75","BG75","BG75_3",2.58238119334755
"BG76","BG76","BG76_3",2.62876385555771
"BG77","BG77","BG77_3",2.59710514934846
"BG78","BG78","BG78_3",2.52689436803847
"BG79","BG79","BG79_3",2.48840302394869
"BG80","BG80","BG80_3",2.46398268232932
"BG81","BG81","BG81_3",2.41735616429206
"BG82","BG82","BG82_3",2.42616707017379
"BG83","BG83","BG83_3",2.43031914770984
"BG84","BG84","BG84_3",2.38086939029588
"BG85","BG85","BG85_3",2.44226501344992
"BG86","BG86","BG86_3",2.46931265052095
"BG87","BG87","BG87_3",2.43243605932272
"BG88","BG88","BG88_3",2.38654942850692
"BG89","BG89","BG89_3",2.28738454063148
"BG90","BG90","BG90_3",2.33816441618213
"BG91","BG91","BG91_3",2.30481159206272
"BG92","BG92","BG92_3",2.24785661279235
"BG93","BG93","BG93_3",2.23462870311373
"BG94","BG94","BG94_3",2.26173636878863
"BG95","BG95","BG95_3",2.3217166624557
"BG96","BG96","BG96_3",2.27224799878564
"BG97","BG97","BG97_3",2.25705446070419
"BG98","BG98","BG98_3",2.24778592202691
"BG99","BG99","BG99_3",2.09170873331103
"BH49","BH49","BH49_3",3.18888886769613
"BH57","BH57","BH57_3",2.92269880123292
"BH58","BH58","BH58_3",2.89365819759223
"BH59","BH59","BH59_3",2.88385429829807
"BH66","BH66","BH66_3",2.79211606927698
"BH67","BH67","BH67_3",2.79146687765131
"BH68","BH68","BH68_3",2.76764476607955
"BH69","BH69","BH69_3",2.75129442919922
"BH76","BH76","BH76_3",2.63151334050147
"BH77","BH77","BH77_3",2.62891213231984
"BH78","BH78","BH78_3",2.58454873449115
"BH79","BH79","BH79_3",2.59613908518951
"BH86","BH86","BH86_3",2.48423112907264
"BH87","BH87","BH87_3",2.50153152467976
"BH88","BH88","BH88_3",2.45698800939183
"BH89","BH89","BH89_3",2.4452865442934
"BH96","BH96","BH96_3",2.34034856238577
"BH97","BH97","BH97_3",2.35697806847313
"BH98","BH98","BH98_3",2.34181405086991
"BH99","BH99","BH99_3",2.32244897708066
"CB70","CB70","CB70_3",2.5263702124665
"CB80","CB80","CB80_3",2.48766549098397
"CB81","CB81","CB81_3",2.56583815885291
"CB82","CB82","CB82_3",2.5626593172537
"CB90","CB90","CB90_3",2.48949972773835
"CB91","CB91","CB91_3",2.50137706025873
"CB92","CB92","CB92_3",2.50175547982628
"CB93","CB93","CB93_3",2.48894205889139
"CB94","CB94","CB94_3",2.5767881751038
"CC01","CC01","CC01_3",2.76319289402842
"CC03","CC03","CC03_3",2.86684293683168
"CC04","CC04","CC04_3",2.87584146125067
"CC05","CC05","CC05_3",2.92755486003016
"CC06","CC06","CC06_3",2.91815998261773
"CC10","CC10","CC10_3",2.63579168026191
"CC11","CC11","CC11_3",2.68902074861675
"CC14","CC14","CC14_3",2.82257037227567
"CC15","CC15","CC15_3",2.85154281656982
"CC16","CC16","CC16_3",2.85378642069845
"CC20","CC20","CC20_3",2.53171454619242
"CC21","CC21","CC21_3",2.49734605168795
"CC22","CC22","CC22_3",2.6339116889995
"CC23","CC23","CC23_3",2.69848324714317
"CC24","CC24","CC24_3",2.7313504446144
"CC25","CC25","CC25_3",2.74954143455119
"CC26","CC26","CC26_3",2.76506910579955
"CC30","CC30","CC30_3",2.38957146126728
"CC31","CC31","CC31_3",2.42385031518461
"CC32","CC32","CC32_3",2.44270818180636
"CC33","CC33","CC33_3",2.57310500833064
"CC34","CC34","CC34_3",2.57262611730193
"CC35","CC35","CC35_3",2.54574970629951
"CC36","CC36","CC36_3",2.59193775600085
"CC40","CC40","CC40_3",2.23058949617991
"CC41","CC41","CC41_3",2.30786506201128
"CC42","CC42","CC42_3",2.3959404217976
"CC43","CC43","CC43_3",2.49698882525731
"CC44","CC44","CC44_3",2.49648422245448
"CC45","CC45","CC45_3",2.39814840339865
"CC46","CC46","CC46_3",2.47283108471406
"CC47","CC47","CC47_3",2.65571167676784
"CC50","CC50","CC50_3",2.1140084353369
"CC51","CC51","CC51_3",2.16169598875902
"CC52","CC52","CC52_3",2.26850548840152
"CC53","CC53","CC53_3",2.36568119381117
"CC54","CC54","CC54_3",2.44720271320334
"CC55","CC55","CC55_3",2.39679052603504
"CC56","CC56","CC56_3",2.46450540919605
"CC57","CC57","CC57_3",2.57854115594002
"CC60","CC60","CC60_3",2.08987386171486
"CC61","CC61","CC61_3",2.13470533844152
"CC62","CC62","CC62_3",2.21914796113453
"CC63","CC63","CC63_3",2.28314872270911
"CC64","CC64","CC64_3",2.40239515190247
"CC65","CC65","CC65_3",2.43685260486189
"CC66","CC66","CC66_3",2.4933405862736
"CC67","CC67","CC67_3",2.48666698927739
"CC68","CC68","CC68_3",2.52262404576136
"CC70","CC70","CC70_3",1.98521552843666
"CC71","CC71","CC71_3",2.03506826978595
"CC72","CC72","CC72_3",2.13624372044626
"CC73","CC73","CC73_3",2.28219923418193
"CC74","CC74","CC74_3",2.35141657584774
"CC75","CC75","CC75_3",2.37778949320614
"CC76","CC76","CC76_3",2.42358236253306
"CC77","CC77","CC77_3",2.43355226434501
"CC78","CC78","CC78_3",2.46155300814558
"CC79","CC79","CC79_3",2.48404128909025
"CC80","CC80","CC80_3",1.87968704061558
"CC81","CC81","CC81_3",1.88004535110332
"CC82","CC82","CC82_3",1.90968885588861
"CC83","CC83","CC83_3",2.15945686289627
"CC84","CC84","CC84_3",2.28341379511407
"CC85","CC85","CC85_3",2.32854487921729
"CC86","CC86","CC86_3",2.40127436603187
"CC87","CC87","CC87_3",2.40748327848803
"CC88","CC88","CC88_3",2.44235617141759
"CC89","CC89","CC89_3",2.44464730963704
"CC90","CC90","CC90_3",1.75067666426774
"CC91","CC91","CC91_3",1.83729139264407
"CC92","CC92","CC92_3",1.92737090630985
"CC93","CC93","CC93_3",2.06433769775429
"CC94","CC94","CC94_3",2.26620609612007
"CC95","CC95","CC95_3",2.30884166995787
"CC96","CC96","CC96_3",2.34141471007627
"CC97","CC97","CC97_3",2.370362028955
"CC98","CC98","CC98_3",2.41211450782471
"CC99","CC99","CC99_3",2.46942294231373
"CD00","CD00","CD00_3",1.99281534065488
"CD01","CD01","CD01_3",2.02078684462426
"CD02","CD02","CD02_3",2.14713632950405
"CD03","CD03","CD03_3",2.24877082093396
"CD04","CD04","CD04_3",2.29984511425198
"CD05","CD05","CD05_3",2.30846390311187
"CD06","CD06","CD06_3",2.28321736723188
"CD07","CD07","CD07_3",2.4347845241981
"CD08","CD08","CD08_3",2.54206832506522
"CD09","CD09","CD09_3",2.61184683602528
"CD10","CD10","CD10_3",1.85633481114936
"CD11","CD11","CD11_3",1.93266256164728
"CD12","CD12","CD12_3",2.01403571834688
"CD13","CD13","CD13_3",2.16387221320071
"CD14","CD14","CD14_3",2.25427280870493
"CD15","CD15","CD15_3",2.34012245334697
"CD16","CD16","CD16_3",2.30855074349685
"CD17","CD17","CD17_3",2.3688993131439
"CD18","CD18","CD18_3",2.48096315488168
"CD20","CD20","CD20_3",1.77048427005272
"CD21","CD21","CD21_3",1.8573372193382
"CD22","CD22","CD22_3",2.01153782881325
"CD23","CD23","CD23_3",2.05336016077277
"CD24","CD24","CD24_3",2.05638448793789
"CD25","CD25","CD25_3",2.26857195578699
"CD26","CD26","CD26_3",2.269497302114
"CD27","CD27","CD27_3",2.36737427207592
"CD28","CD28","CD28_3",2.40508893000894
"CD29","CD29","CD29_3",2.41207169563215
"CD30","CD30","CD30_3",1.67223898440932
"CD31","CD31","CD31_3",1.86756949385554
"CD32","CD32","CD32_3",1.92238181122962
"CD33","CD33","CD33_3",2.0238634523878
"CD34","CD34","CD34_3",2.09109963991693
"CD35","CD35","CD35_3",2.19567586662388
"CD36","CD36","CD36_3",2.23665339440115
"CD37","CD37","CD37_3",2.18395983429567
"CD38","CD38","CD38_3",2.2142583392819
"CD39","CD39","CD39_3",2.3015282186494
"CD40","CD40","CD40_3",1.76263668584083
"CD41","CD41","CD41_3",1.76524245211653
"CD42","CD42","CD42_3",1.77736777336353
"CD43","CD43","CD43_3",2.00118637901079
"CD44","CD44","CD44_3",1.92152660280874
"CD45","CD45","CD45_3",1.97740178842971
"CD46","CD46","CD46_3",2.06944921280637
"CD47","CD47","CD47_3",2.09970099914669
"CD48","CD48","CD48_3",2.1200514778197
"CD49","CD49","CD49_3",2.20058184968853
"CD50","CD50","CD50_3",1.72731596490031
"CD51","CD51","CD51_3",1.69833479846048
"CD52","CD52","CD52_3",1.71532605217136
"CD53","CD53","CD53_3",1.87589244588008
"CD54","CD54","CD54_3",1.88650671620734
"CD55","CD55","CD55_3",1.90021280278685
"CD56","CD56","CD56_3",1.96180138653631
"CD57","CD57","CD57_3",1.9841876977516
"CD58","CD58","CD58_3",2.03677611843084
"CD59","CD59","CD59_3",2.06854080746936
"CD60","CD60","CD60_3",1.58489084718244
"CD61","CD61","CD61_3",1.59574157279665
"CD62","CD62","CD62_3",1.65881477653931
"CD63","CD63","CD63_3",1.80168260744774
"CD64","CD64","CD64_3",1.80948640834204
"CD65","CD65","CD65_3",1.81221266221162
"CD66","CD66","CD66_3",1.88341970842562
"CD67","CD67","CD67_3",1.89674567079082
"CD68","CD68","CD68_3",1.94909396116565
"CD69","CD69","CD69_3",1.98933498288005
"CD70","CD70","CD70_3",1.51652679483566
"CD71","CD71","CD71_3",1.64082451125776
"CD72","CD72","CD72_3",1.6048928795295
"CD73","CD73","CD73_3",1.73634371789732
"CD74","CD74","CD74_3",1.75842861271744
"CD75","CD75","CD75_3",1.73520758486536
"CD76","CD76","CD76_3",1.82036239812202
"CD77","CD77","CD77_3",1.79556275778344
"CD78","CD78","CD78_3",1.85827170644362
"CD79","CD79","CD79_3",1.92643332712861
"CD80","CD80","CD80_3",1.4223359985949
"CD81","CD81","CD81_3",1.66492970957674
"CD82","CD82","CD82_3",1.58546738873359
"CD83","CD83","CD83_3",1.69334363320336
"CD84","CD84","CD84_3",1.7581911895385
"CD85","CD85","CD85_3",1.69114569897423
"CD86","CD86","CD86_3",1.72660744620075
"CD87","CD87","CD87_3",1.63347802789151
"CD88","CD88","CD88_3",1.72492103559084
"CD89","CD89","CD89_3",1.83418262532166
"CD90","CD90","CD90_3",1.51175717533109
"CD91","CD91","CD91_3",1.62451048642255
"CD92","CD92","CD92_3",1.55876301496438
"CD93","CD93","CD93_3",1.68418887253316
"CD94","CD94","CD94_3",1.67160450250521
"CD95","CD95","CD95_3",1.68517504833619
"CD96","CD96","CD96_3",1.63076850839057
"CD97","CD97","CD97_3",1.61579334717751
"CD98","CD98","CD98_3",1.59815383491591
"CD99","CD99","CD99_3",1.68809494969537
"CE00","CE00","CE00_3",1.81744499079627
"CE01","CE01","CE01_3",1.80640466201251
"CE02","CE02","CE02_3",1.77409283953579
"CE03","CE03","CE03_3",1.72059100815131
"CE04","CE04","CE04_3",1.71329414332491
"CE05","CE05","CE05_3",1.75533800269887
"CE06","CE06","CE06_3",1.77992421998741
"CE07","CE07","CE07_3",1.81655840506547
"CE08","CE08","CE08_3",1.87936075363352
"CE09","CE09","CE09_3",1.96781759348889
"CE10","CE10","CE10_3",1.71932238938309
"CE11","CE11","CE11_3",1.69383985132339
"CE12","CE12","CE12_3",1.67916669338139
"CE13","CE13","CE13_3",1.62868571650534
"CE14","CE14","CE14_3",1.58788736305911
"CE15","CE15","CE15_3",1.62969047236364
"CE16","CE16","CE16_3",1.65047995119947
"CE17","CE17","CE17_3",1.70308241946609
"CE18","CE18","CE18_3",1.8148973987259
"CE19","CE19","CE19_3",1.85769503507047
"CE20","CE20","CE20_3",1.62763403383356
"CE21","CE21","CE21_3",1.59851435559453
"CE22","CE22","CE22_3",1.51511242327217
"CE23","CE23","CE23_3",1.53387494086315
"CE24","CE24","CE24_3",1.51924516643596
"CE25","CE25","CE25_3",1.51890377054153
"CE26","CE26","CE26_3",1.56626834095181
"CE27","CE27","CE27_3",1.65394419070152
"CE28","CE28","CE28_3",1.66164738428391
"CE29","CE29","CE29_3",1.64742278205868
"CE30","CE30","CE30_3",1.5405152437592
"CE31","CE31","CE31_3",1.54140990810322
"CE32","CE32","CE32_3",1.47143326507692
"CE33","CE33","CE33_3",1.4376418540553
"CE34","CE34","CE34_3",1.39830027486131
"CE35","CE35","CE35_3",1.44047236090585
"CE36","CE36","CE36_3",1.44371141285671
"CE37","CE37","CE37_3",1.5172569652687
"CE38","CE38","CE38_3",1.52538757233575
"CE39","CE39","CE39_3",1.54420841053459
"CE40","CE40","CE40_3",1.43217830602582
"CE41","CE41","CE41_3",1.44169049872274
"CE42","CE42","CE42_3",1.3758181983948
"CE43","CE43","CE43_3",1.33165404706478
"CE44","CE44","CE44_3",1.29401916817493
"CE45","CE45","CE45_3",1.35901874889457
"CE46","CE46","CE46_3",1.39183693847832
"CE47","CE47","CE47_3",1.46510733649786
"CE48","CE48","CE48_3",1.48696902705163
"CE49","CE49","CE49_3",1.62489509784145
"CE50","CE50","CE50_3",1.32360052986647
"CE51","CE51","CE51_3",1.36091635720782
"CE52","CE52","CE52_3",1.34988150335366
"CE53","CE53","CE53_3",1.24421144255865
"CE54","CE54","CE54_3",1.32093070670693
"CE55","CE55","CE55_3",1.32332402482465
"CE56","CE56","CE56_3",1.41123386461838
"CE57","CE57","CE57_3",1.46565419461845
"CE58","CE58","CE58_3",1.55423356713166
"CE59","CE59","CE59_3",1.62327291070428
"CE60","CE60","CE60_3",1.37667839439673
"CE61","CE61","CE61_3",1.37434052199315
"CE62","CE62","CE62_3",1.3805160673168
"CE63","CE63","CE63_3",1.20728279910315
"CE64","CE64","CE64_3",1.5154166179286
"CE65","CE65","CE65_3",1.46402884456428
"CE66","CE66","CE66_3",1.44645042965705
"CE67","CE67","CE67_3",1.4711721973039
"CE68","CE68","CE68_3",1.51563454920371
"CE69","CE69","CE69_3",1.53908377722881
"CE70","CE70","CE70_3",1.33493898232275
"CE71","CE71","CE71_3",1.25722380502026
"CE72","CE72","CE72_3",1.4626290459746
"CE73","CE73","CE73_3",1.32475817893757
"CE74","CE74","CE74_3",1.52869685183728
"CE75","CE75","CE75_3",1.49699501945373
"CE76","CE76","CE76_3",1.3836412109092
"CE77","CE77","CE77_3",1.50035901870781
"CE78","CE78","CE78_3",1.60776768305173
"CE79","CE79","CE79_3",1.57556086698538
"CE80","CE80","CE80_3",1.51291792539611
"CE81","CE81","CE81_3",1.51687694169955
"CE82","CE82","CE82_3",1.60344674075685
"CE83","CE83","CE83_3",1.32643746473171
"CE84","CE84","CE84_3",1.4215697591947
"CE85","CE85","CE85_3",1.50166684167337
"CE86","CE86","CE86_3",1.52460201899101
"CE87","CE87","CE87_3",1.56485953443335
"CE88","CE88","CE88_3",1.53735146631414
"CE89","CE89","CE89_3",1.55523153872415
"CE90","CE90","CE90_3",1.54233778679266
"CE91","CE91","CE91_3",1.52125340155787
"CE92","CE92","CE92_3",1.69119944557048
"CE93","CE93","CE93_3",1.55495120981883
"CE94","CE94","CE94_3",1.32515954401651
"CE95","CE95","CE95_3",1.29929527283518
"CE96","CE96","CE96_3",1.46913064771207
"CE97","CE97","CE97_3",1.44676803526428
"CE98","CE98","CE98_3",1.44416185182766
"CE99","CE99","CE99_3",1.44258910464398
"CF00","CF00","CF00_3",2.03276307134874
"CF01","CF01","CF01_3",1.88570544003152
"CF02","CF02","CF02_3",1.85567065487273
"CF03","CF03","CF03_3",1.86750953943949
"CF04","CF04","CF04_3",1.84597826725783
"CF05","CF05","CF05_3",1.88147097434186
"CF06","CF06","CF06_3",1.84585480953772
"CF07","CF07","CF07_3",1.85001372475451
"CF08","CF08","CF08_3",1.80054532631254
"CF09","CF09","CF09_3",1.81549592230911
"CF10","CF10","CF10_3",1.95252520768408
"CF11","CF11","CF11_3",1.87770033960513
"CF12","CF12","CF12_3",1.80753652867564
"CF13","CF13","CF13_3",1.78524533550929
"CF14","CF14","CF14_3",1.79584694349226
"CF15","CF15","CF15_3",1.76840837776017
"CF16","CF16","CF16_3",1.73758379913653
"CF17","CF17","CF17_3",1.72726190460914
"CF18","CF18","CF18_3",1.74442883431909
"CF19","CF19","CF19_3",1.68517400173138
"CF20","CF20","CF20_3",1.95465558399385
"CF21","CF21","CF21_3",1.8912069383803
"CF22","CF22","CF22_3",1.7935859310689
"CF23","CF23","CF23_3",1.72655938967556
"CF24","CF24","CF24_3",1.69504278373153
"CF25","CF25","CF25_3",1.61880774075877
"CF26","CF26","CF26_3",1.63863314312128
"CF27","CF27","CF27_3",1.58104855297907
"CF28","CF28","CF28_3",1.59777081820396
"CF29","CF29","CF29_3",1.63862927269394
"CF30","CF30","CF30_3",1.92817997751078
"CF31","CF31","CF31_3",1.84210667744695
"CF32","CF32","CF32_3",1.79312939444629
"CF33","CF33","CF33_3",1.86151095153347
"CF34","CF34","CF34_3",1.6906280857308
"CF35","CF35","CF35_3",1.51975452776326
"CF36","CF36","CF36_3",1.55659234495
"CF37","CF37","CF37_3",1.48481241103835
"CF38","CF38","CF38_3",1.46165725297743
"CF39","CF39","CF39_3",1.54150684355166
"CF40","CF40","CF40_3",1.97765199748502
"CF41","CF41","CF41_3",1.84589409413735
"CF42","CF42","CF42_3",1.79291344384324
"CF43","CF43","CF43_3",1.77730247976737
"CF44","CF44","CF44_3",1.69187425760979
"CF45","CF45","CF45_3",1.60450321562814
"CF46","CF46","CF46_3",1.57406919984132
"CF47","CF47","CF47_3",1.45820466570381
"CF48","CF48","CF48_3",1.34861871523597
"CF49","CF49","CF49_3",1.42861047299223
"CF50","CF50","CF50_3",2.00768537274936
"CF51","CF51","CF51_3",1.95444558627436
"CF52","CF52","CF52_3",1.81839087573039
"CF53","CF53","CF53_3",1.71752118430602
"CF54","CF54","CF54_3",1.85045207444399
"CF55","CF55","CF55_3",1.60121625506659
"CF56","CF56","CF56_3",1.51320845462076
"CF57","CF57","CF57_3",1.51012142498432
"CF58","CF58","CF58_3",1.48952450901585
"CF59","CF59","CF59_3",1.369081249378
"CF60","CF60","CF60_3",2.05259554724595
"CF61","CF61","CF61_3",1.90145118107173
"CF62","CF62","CF62_3",1.82582337914627
"CF63","CF63","CF63_3",1.75278082919072
"CF64","CF64","CF64_3",1.88968467502521
"CF65","CF65","CF65_3",1.68328142680529
"CF66","CF66","CF66_3",1.58115644234775
"CF67","CF67","CF67_3",1.59560393914168
"CF68","CF68","CF68_3",1.5829622226548
"CF69","CF69","CF69_3",1.4098544813533
"CF70","CF70","CF70_3",2.19715226023019
"CF71","CF71","CF71_3",2.04746243336691
"CF72","CF72","CF72_3",1.9349395093718
"CF73","CF73","CF73_3",1.86453856888295
"CF74","CF74","CF74_3",1.93650944203063
"CF75","CF75","CF75_3",1.66595063239686
"CF76","CF76","CF76_3",1.60376434220256
"CF77","CF77","CF77_3",1.66185238724836
"CF78","CF78","CF78_3",1.65979058479542
"CF79","CF79","CF79_3",1.55055528891252
"CF80","CF80","CF80_3",2.22131034839844
"CF81","CF81","CF81_3",2.15611407635239
"CF82","CF82","CF82_3",2.14717739308001
"CF83","CF83","CF83_3",2.01458312481641
"CF84","CF84","CF84_3",2.03762832880829
"CF85","CF85","CF85_3",1.76063531329952
"CF86","CF86","CF86_3",1.7255243404256
"CF87","CF87","CF87_3",1.76221944431391
"CF88","CF88","CF88_3",1.7257474041794
"CF89","CF89","CF89_3",1.56408156336362
"CF90","CF90","CF90_3",2.2684942164958
"CF91","CF91","CF91_3",2.2641107975847
"CF92","CF92","CF92_3",2.16838406127831
"CF93","CF93","CF93_3",2.17788348094871
"CF94","CF94","CF94_3",1.94533856819075
"CF95","CF95","CF95_3",1.88642808327836
"CF96","CF96","CF96_3",1.81277610711751
"CF97","CF97","CF97_3",1.8372156264756
"CF98","CF98","CF98_3",1.85037087083621
"CF99","CF99","CF99_3",1.7597301976889
"CG00","CG00","CG00_3",2.21546871239769
"CG01","CG01","CG01_3",2.20117607331192
"CG02","CG02","CG02_3",2.12001731318803
"CG03","CG03","CG03_3",2.15761327657001
"CG04","CG04","CG04_3",2.22590921709055
"CG05","CG05","CG05_3",2.14865094664283
"CG06","CG06","CG06_3",2.03657227719972
"CG07","CG07","CG07_3",2.11527155734586
"CG08","CG08","CG08_3",2.10327153717372
"CG09","CG09","CG09_3",2.01184466494079
"CG10","CG10","CG10_3",2.0945048934926
"CG11","CG11","CG11_3",2.01786169090428
"CG12","CG12","CG12_3",1.97174891314469
"CG13","CG13","CG13_3",2.08323979599887
"CG14","CG14","CG14_3",2.10641481162302
"CG15","CG15","CG15_3",2.06121253594827
"CG16","CG16","CG16_3",1.96029636886764
"CG17","CG17","CG17_3",2.0094089974787
"CG18","CG18","CG18_3",2.04804279505321
"CG19","CG19","CG19_3",1.97160196647266
"CG20","CG20","CG20_3",2.00062989005451
"CG21","CG21","CG21_3",1.8512509373051
"CG22","CG22","CG22_3",1.91606489732298
"CG23","CG23","CG23_3",2.02637031749146
"CG24","CG24","CG24_3",1.99991089404523
"CG25","CG25","CG25_3",2.04443092118243
"CG26","CG26","CG26_3",2.00645807936217
"CG27","CG27","CG27_3",1.96639854145778
"CG28","CG28","CG28_3",2.02592700865615
"CG29","CG29","CG29_3",2.02500290982872
"CG30","CG30","CG30_3",1.95377674096265
"CG31","CG31","CG31_3",1.90242103385107
"CG32","CG32","CG32_3",1.92694576847725
"CG33","CG33","CG33_3",1.97083734791177
"CG34","CG34","CG34_3",1.97308883795594
"CG35","CG35","CG35_3",2.01020662695265
"CG36","CG36","CG36_3",1.99560557420744
"CG37","CG37","CG37_3",1.97935146068757
"CG38","CG38","CG38_3",1.99262444832419
"CG39","CG39","CG39_3",1.97811247360227
"CG40","CG40","CG40_3",1.896340743786
"CG41","CG41","CG41_3",1.88684954699577
"CG42","CG42","CG42_3",1.89157402051196
"CG43","CG43","CG43_3",1.91377399537534
"CG44","CG44","CG44_3",1.98048561755511
"CG45","CG45","CG45_3",1.94546707208398
"CG46","CG46","CG46_3",1.96059297021835
"CG47","CG47","CG47_3",1.97070206908452
"CG48","CG48","CG48_3",1.96058226175685
"CG49","CG49","CG49_3",1.89808315041895
"CG50","CG50","CG50_3",1.90691491578631
"CG51","CG51","CG51_3",1.91489742785388
"CG52","CG52","CG52_3",1.90517922688971
"CG53","CG53","CG53_3",2.01174699834358
"CG54","CG54","CG54_3",2.06405655920399
"CG55","CG55","CG55_3",1.93252584264889
"CG56","CG56","CG56_3",2.00018131675956
"CG57","CG57","CG57_3",1.98153249070666
"CG58","CG58","CG58_3",1.95377615143123
"CG59","CG59","CG59_3",1.97786616545634
"CG60","CG60","CG60_3",2.00729923222383
"CG61","CG61","CG61_3",2.08781456705605
"CG62","CG62","CG62_3",2.13396580262801
"CG63","CG63","CG63_3",2.00619240741232
"CG64","CG64","CG64_3",2.09056603807388
"CG65","CG65","CG65_3",2.07628029468874
"CG66","CG66","CG66_3",2.11983332442956
"CG67","CG67","CG67_3",2.07684647357266
"CG68","CG68","CG68_3",2.00288391438453
"CG69","CG69","CG69_3",2.09832792774727
"CG71","CG71","CG71_3",2.19086286520751
"CG73","CG73","CG73_3",2.1471697922566
"CG74","CG74","CG74_3",2.14719136706229
"CG75","CG75","CG75_3",2.17463395112508
"CG76","CG76","CG76_3",2.15198399612184
"CG77","CG77","CG77_3",2.22391424711879
"CG78","CG78","CG78_3",2.14074883229811
"CG79","CG79","CG79_3",2.16643107715448
"CG80","CG80","CG80_3",2.20055619814005
"CG83","CG83","CG83_3",2.25726352049357
"CG84","CG84","CG84_3",2.24665192792184
"CG85","CG85","CG85_3",2.27768197136274
"CG86","CG86","CG86_3",2.28501800565139
"CG88","CG88","CG88_3",2.32048830023976
"CG89","CG89","CG89_3",2.26658478899183
"CG90","CG90","CG90_3",2.22066543885569
"CG94","CG94","CG94_3",2.35692251122209
"CG95","CG95","CG95_3",2.37935709389786
"CG98","CG98","CG98_3",2.36666818839181
"CG99","CG99","CG99_3",2.32801493210432
"CH06","CH06","CH06_3",2.22857046176186
"CH07","CH07","CH07_3",2.23010750683539
"CH08","CH08","CH08_3",2.22732347972431
"CH09","CH09","CH09_3",2.21574207813154
"CH16","CH16","CH16_3",2.12438414290071
"CH17","CH17","CH17_3",2.14531681225231
"CH18","CH18","CH18_3",2.12704163389423
"CH19","CH19","CH19_3",2.10730053560984
"CH25","CH25","CH25_3",1.96413425487491
"CH26","CH26","CH26_3",2.02973477016368
"CH27","CH27","CH27_3",2.05280099619534
"CH28","CH28","CH28_3",2.04745146510919
"CH29","CH29","CH29_3",2.03210620388968
"CH34","CH34","CH34_3",1.9055389835216
"CH35","CH35","CH35_3",1.90989616960541
"CH36","CH36","CH36_3",1.96249066833693
"CH37","CH37","CH37_3",1.9762283312931
"CH38","CH38","CH38_3",1.96637289523014
"CH39","CH39","CH39_3",1.9687590911861
"CH45","CH45","CH45_3",1.84354882748662
"CH46","CH46","CH46_3",1.89369379887446
"CH47","CH47","CH47_3",1.91631302878071
"CH48","CH48","CH48_3",1.90228502562401
"CH49","CH49","CH49_3",1.85111375499583
"CH55","CH55","CH55_3",1.86879907678854
"CH56","CH56","CH56_3",1.84880319872798
"CH57","CH57","CH57_3",1.85295761689479
"CH58","CH58","CH58_3",1.87992258172787
"CH59","CH59","CH59_3",1.9702056935366
"CH65","CH65","CH65_3",1.984586160756
"CH66","CH66","CH66_3",1.88497773366053
"CH67","CH67","CH67_3",1.84587022411467
"CH68","CH68","CH68_3",1.8721978362282
"CH69","CH69","CH69_3",2.02203032208166
"CH76","CH76","CH76_3",2.04525625086152
"CH77","CH77","CH77_3",1.98239233776329
"CH78","CH78","CH78_3",1.9282859520919
"CH79","CH79","CH79_3",2.05896487973676
"CH85","CH85","CH85_3",2.05029297363763
"CH86","CH86","CH86_3",2.06252731041195
"CH87","CH87","CH87_3",2.05610495398889
"CH88","CH88","CH88_3",2.05065632317171
"CH89","CH89","CH89_3",2.18234637688745
"CH95","CH95","CH95_3",2.0984912150418
"CH96","CH96","CH96_3",2.08988177093524
"CH97","CH97","CH97_3",2.07539934914159
"CH98","CH98","CH98_3",2.17397903385799
"CH99","CH99","CH99_3",2.21120886520286
"DA80","DA80","DA80_3",2.59756633111457
"DA90","DA90","DA90_3",2.58825421865896
"DB00","DB00","DB00_3",2.40872397187307
"DB01","DB01","DB01_3",2.46921707369197
"DB02","DB02","DB02_3",2.51019138887165
"DB03","DB03","DB03_3",2.50546616594461
"DB04","DB04","DB04_3",2.54443219953654
"DB05","DB05","DB05_3",2.5985592205896
"DB10","DB10","DB10_3",2.38681678859765
"DB11","DB11","DB11_3",2.42479190374533
"DB12","DB12","DB12_3",2.48263110589884
"DB13","DB13","DB13_3",2.48168474366408
"DB14","DB14","DB14_3",2.49103212165249
"DB15","DB15","DB15_3",2.46949909808313
"DB16","DB16","DB16_3",2.53343521584491
"DB20","DB20","DB20_3",2.34550601917779
"DB21","DB21","DB21_3",2.38138386483836
"DB22","DB22","DB22_3",2.45880163286828
"DB23","DB23","DB23_3",2.48365765926973
"DB24","DB24","DB24_3",2.45025739584719
"DB25","DB25","DB25_3",2.41755448189629
"DB26","DB26","DB26_3",2.5578738941084
"DB30","DB30","DB30_3",2.22678147423463
"DB31","DB31","DB31_3",2.27698571287323
"DB32","DB32","DB32_3",2.37873434520415
"DB33","DB33","DB33_3",2.46431775733734
"DB34","DB34","DB34_3",2.35985887034154
"DB35","DB35","DB35_3",2.49763514112924
"DB36","DB36","DB36_3",2.60336632851979
"DB40","DB40","DB40_3",2.21009032247426
"DB41","DB41","DB41_3",2.35851724791753
"DB42","DB42","DB42_3",2.29138548698871
"DB43","DB43","DB43_3",2.46043694068657
"DB44","DB44","DB44_3",2.48685694419579
"DB45","DB45","DB45_3",2.53889274652779
"DB46","DB46","DB46_3",2.59201559906559
"DB47","DB47","DB47_3",2.63315232363394
"DB50","DB50","DB50_3",2.40290843961854
"DB51","DB51","DB51_3",2.37118613866247
"DB52","DB52","DB52_3",2.33320989273382
"DB53","DB53","DB53_3",2.27926169964825
"DB54","DB54","DB54_3",2.41985463073883
"DB55","DB55","DB55_3",2.54801222809813
"DB56","DB56","DB56_3",2.58651995673812
"DB57","DB57","DB57_3",2.58847668055167
"DB60","DB60","DB60_3",2.41072072996363
"DB61","DB61","DB61_3",2.37763430713383
"DB62","DB62","DB62_3",2.34237662235393
"DB63","DB63","DB63_3",2.40127497855101
"DB64","DB64","DB64_3",2.52091561260313
"DB65","DB65","DB65_3",2.61196260661622
"DB66","DB66","DB66_3",2.6138919123102
"DB67","DB67","DB67_3",2.57259009442734
"DB68","DB68","DB68_3",2.59345214423773
"DB70","DB70","DB70_3",2.51165183964215
"DB71","DB71","DB71_3",2.44627539589622
"DB72","DB72","DB72_3",2.354210585858
"DB73","DB73","DB73_3",2.41146028114868
"DB74","DB74","DB74_3",2.61124967212252
"DB75","DB75","DB75_3",2.64629725336715
"DB76","DB76","DB76_3",2.64434731842916
"DB77","DB77","DB77_3",2.61903422050348
"DB78","DB78","DB78_3",2.59468206827524
"DB79","DB79","DB79_3",2.59164011711545
"DB80","DB80","DB80_3",2.58585998405439
"DB81","DB81","DB81_3",2.59125035431804
"DB82","DB82","DB82_3",2.52986985335403
"DB83","DB83","DB83_3",2.6158229605694
"DB84","DB84","DB84_3",2.64274127959632
"DB89","DB89","DB89_3",2.58240790603351
"DB94","DB94","DB94_3",2.62933948101402
"DB99","DB99","DB99_3",2.60573237382896
"DC00","DC00","DC00_3",1.87177146861277
"DC01","DC01","DC01_3",1.96939338735533
"DC02","DC02","DC02_3",1.97892246148044
"DC03","DC03","DC03_3",2.10830639888246
"DC04","DC04","DC04_3",2.21779969673863
"DC05","DC05","DC05_3",2.30376838896968
"DC06","DC06","DC06_3",2.30858535768396
"DC07","DC07","DC07_3",2.36702186926394
"DC08","DC08","DC08_3",2.41054835297096
"DC09","DC09","DC09_3",2.42134406596647
"DC10","DC10","DC10_3",1.82062920957698
"DC11","DC11","DC11_3",1.93837082306155
"DC12","DC12","DC12_3",1.92987561370737
"DC13","DC13","DC13_3",2.07744259768665
"DC14","DC14","DC14_3",2.1756696142332
"DC15","DC15","DC15_3",2.27195521061641
"DC16","DC16","DC16_3",2.31108304325423
"DC17","DC17","DC17_3",2.34786977762451
"DC18","DC18","DC18_3",2.3991717845751
"DC19","DC19","DC19_3",2.38110713494284
"DC20","DC20","DC20_3",1.95323197825178
"DC21","DC21","DC21_3",2.00713723663724
"DC22","DC22","DC22_3",2.0025667187708
"DC23","DC23","DC23_3",2.14012182728922
"DC24","DC24","DC24_3",2.25621958449781
"DC25","DC25","DC25_3",2.32657084166948
"DC26","DC26","DC26_3",2.1922985767233
"DC27","DC27","DC27_3",2.33998069333074
"DC28","DC28","DC28_3",2.37125816203367
"DC29","DC29","DC29_3",2.32113015092861
"DC30","DC30","DC30_3",1.98713284842262
"DC31","DC31","DC31_3",2.08185981407631
"DC32","DC32","DC32_3",2.18071066880987
"DC33","DC33","DC33_3",2.19743229420464
"DC34","DC34","DC34_3",2.3202785816959
"DC35","DC35","DC35_3",2.30026341177315
"DC36","DC36","DC36_3",2.33923801834951
"DC37","DC37","DC37_3",2.34331680164076
"DC38","DC38","DC38_3",2.33673483650985
"DC39","DC39","DC39_3",2.2905937368574
"DC40","DC40","DC40_3",2.13666206452408
"DC41","DC41","DC41_3",2.20685776637925
"DC42","DC42","DC42_3",2.23271195336183
"DC43","DC43","DC43_3",2.30870867924962
"DC44","DC44","DC44_3",2.33180988171859
"DC45","DC45","DC45_3",2.31946250019851
"DC46","DC46","DC46_3",2.35768844955237
"DC47","DC47","DC47_3",2.28391580517367
"DC48","DC48","DC48_3",2.21558507501351
"DC49","DC49","DC49_3",2.19896061271757
"DC50","DC50","DC50_3",2.16279228543377
"DC51","DC51","DC51_3",2.23182102054578
"DC52","DC52","DC52_3",2.27257952401292
"DC53","DC53","DC53_3",2.33244927668725
"DC54","DC54","DC54_3",2.34181742301463
"DC55","DC55","DC55_3",2.37638825610251
"DC56","DC56","DC56_3",2.4157370876221
"DC57","DC57","DC57_3",2.25113183409757
"DC58","DC58","DC58_3",2.24405097829398
"DC59","DC59","DC59_3",2.43843378315743
"DC63","DC63","DC63_3",2.3652126661308
"DC64","DC64","DC64_3",2.38765839721312
"DC65","DC65","DC65_3",2.44135764750432
"DC66","DC66","DC66_3",2.4557683933307
"DC67","DC67","DC67_3",2.4192237340306
"DC68","DC68","DC68_3",2.47059334887489
"DC69","DC69","DC69_3",2.48531110147697
"DC76","DC76","DC76_3",2.52583128779344
"DC77","DC77","DC77_3",2.52327810533267
"DC78","DC78","DC78_3",2.47738113247286
"DC79","DC79","DC79_3",2.41003586807974
"DC88","DC88","DC88_3",2.56170147910785
"DC89","DC89","DC89_3",2.54074667519973
"DD00","DD00","DD00_3",1.56149157691253
"DD01","DD01","DD01_3",1.59817431147258
"DD02","DD02","DD02_3",1.6532389447149
"DD03","DD03","DD03_3",1.67026561968566
"DD04","DD04","DD04_3",1.67008724360236
"DD05","DD05","DD05_3",1.68148462219825
"DD06","DD06","DD06_3",1.58154175184204
"DD07","DD07","DD07_3",1.56644299896288
"DD08","DD08","DD08_3",1.58665606461989
"DD09","DD09","DD09_3",1.61846817406626
"DD10","DD10","DD10_3",1.62717609974418
"DD11","DD11","DD11_3",1.65057703658703
"DD12","DD12","DD12_3",1.61009800845312
"DD13","DD13","DD13_3",1.59522014870362
"DD14","DD14","DD14_3",1.62303311690388
"DD15","DD15","DD15_3",1.66256230706075
"DD16","DD16","DD16_3",1.68735164943854
"DD17","DD17","DD17_3",1.71813242592685
"DD18","DD18","DD18_3",1.76558042096545
"DD19","DD19","DD19_3",1.74309435819
"DD20","DD20","DD20_3",1.54044714893317
"DD21","DD21","DD21_3",1.69024798380421
"DD22","DD22","DD22_3",1.58184381399055
"DD23","DD23","DD23_3",1.58629532982784
"DD24","DD24","DD24_3",1.59531560615767
"DD25","DD25","DD25_3",1.5695507963506
"DD26","DD26","DD26_3",1.84373442567698
"DD27","DD27","DD27_3",1.79123142367797
"DD28","DD28","DD28_3",1.80416922505302
"DD29","DD29","DD29_3",1.84636890831009
"DD30","DD30","DD30_3",1.65338085293676
"DD31","DD31","DD31_3",1.74881137305244
"DD32","DD32","DD32_3",1.64035275801549
"DD33","DD33","DD33_3",1.53566979666759
"DD34","DD34","DD34_3",1.67049263417367
"DD35","DD35","DD35_3",1.78269938650233
"DD36","DD36","DD36_3",1.83808028566574
"DD37","DD37","DD37_3",1.87295899732626
"DD38","DD38","DD38_3",1.93058624075045
"DD39","DD39","DD39_3",1.91420120115411
"DD40","DD40","DD40_3",1.71568049140769
"DD41","DD41","DD41_3",1.77976480711613
"DD42","DD42","DD42_3",1.73646976461664
"DD43","DD43","DD43_3",1.76458139873631
"DD44","DD44","DD44_3",1.78110805797406
"DD45","DD45","DD45_3",1.80003894944632
"DD46","DD46","DD46_3",1.88202058980663
"DD47","DD47","DD47_3",2.01667394441885
"DD48","DD48","DD48_3",2.05112552922911
"DD49","DD49","DD49_3",2.0706140714003
"DD50","DD50","DD50_3",1.81969309333415
"DD51","DD51","DD51_3",1.84287938356969
"DD52","DD52","DD52_3",1.94757741145288
"DD53","DD53","DD53_3",1.92715588352873
"DD54","DD54","DD54_3",1.95237342656287
"DD55","DD55","DD55_3",1.97035385809809
"DD56","DD56","DD56_3",2.02261958501308
"DD57","DD57","DD57_3",2.10017242739937
"DD58","DD58","DD58_3",2.11326218437565
"DD59","DD59","DD59_3",2.13447358637203
"DD60","DD60","DD60_3",1.83655535896345
"DD61","DD61","DD61_3",1.9236271052058
"DD62","DD62","DD62_3",1.93695962047669
"DD63","DD63","DD63_3",1.92419314635602
"DD64","DD64","DD64_3",1.97813291020293
"DD65","DD65","DD65_3",2.05288780001655
"DD66","DD66","DD66_3",2.09693276994228
"DD67","DD67","DD67_3",2.11933796404894
"DD70","DD70","DD70_3",1.86518346181635
"DD71","DD71","DD71_3",1.90695146518637
"DD72","DD72","DD72_3",2.01626159285798
"DD73","DD73","DD73_3",2.05253137086499
"DD80","DD80","DD80_3",1.86811945962168
"DD81","DD81","DD81_3",1.93005587203856
"DD82","DD82","DD82_3",1.96921431023027
"DD90","DD90","DD90_3",1.98430973798194
"DD91","DD91","DD91_3",1.97792858742092
"DD92","DD92","DD92_3",2.01975442921252
"DD93","DD93","DD93_3",2.20593003216261
"DE00","DE00","DE00_3",1.44436725712773
"DE01","DE01","DE01_3",1.52084311496744
"DE02","DE02","DE02_3",1.62027148406789
"DE03","DE03","DE03_3",1.47040067326537
"DE04","DE04","DE04_3",1.42187856484756
"DE05","DE05","DE05_3",1.37957870220018
"DE06","DE06","DE06_3",1.41168170145405
"DE07","DE07","DE07_3",1.3750617295423
"DE08","DE08","DE08_3",1.28433017623383
"DE09","DE09","DE09_3",1.46295594462603
"DE10","DE10","DE10_3",1.49174611706966
"DE11","DE11","DE11_3",1.69665579935425
"DE12","DE12","DE12_3",1.58308192248038
"DE13","DE13","DE13_3",1.41900862905063
"DE14","DE14","DE14_3",1.62434390670058
"DE15","DE15","DE15_3",1.44175129958322
"DE16","DE16","DE16_3",1.35399489348685
"DE17","DE17","DE17_3",1.3183752130592
"DE18","DE18","DE18_3",1.48739037679234
"DE19","DE19","DE19_3",1.54353847630893
"DE20","DE20","DE20_3",1.61731289033459
"DE21","DE21","DE21_3",1.61843055481498
"DE22","DE22","DE22_3",1.47169145760749
"DE23","DE23","DE23_3",1.50976250090991
"DE24","DE24","DE24_3",1.71716132804911
"DE25","DE25","DE25_3",1.57398766597002
"DE26","DE26","DE26_3",1.41755300634062
"DE27","DE27","DE27_3",1.37827548745997
"DE28","DE28","DE28_3",1.55050044667524
"DE29","DE29","DE29_3",1.49487655322508
"DE30","DE30","DE30_3",1.65015132762779
"DE31","DE31","DE31_3",1.52196779251444
"DE32","DE32","DE32_3",1.59258226186594
"DE33","DE33","DE33_3",1.56260197594356
"DE34","DE34","DE34_3",1.71753848214966
"DE35","DE35","DE35_3",1.54690398732334
"DE36","DE36","DE36_3",1.56169395628932
"DE37","DE37","DE37_3",1.53288454502701
"DE38","DE38","DE38_3",1.52488834905505
"DE39","DE39","DE39_3",1.53048647391807
"DE40","DE40","DE40_3",1.94006695378801
"DE41","DE41","DE41_3",1.81385000275965
"DE42","DE42","DE42_3",1.6681736656131
"DE43","DE43","DE43_3",1.60785095765313
"DE44","DE44","DE44_3",1.79068129065309
"DE45","DE45","DE45_3",1.55996508191739
"DE46","DE46","DE46_3",1.57052761359706
"DE47","DE47","DE47_3",1.54170212250647
"DE48","DE48","DE48_3",1.47122997132403
"DE49","DE49","DE49_3",1.59521771775956
"DE50","DE50","DE50_3",2.05124115145674
"DE51","DE51","DE51_3",2.01905992259661
"DE52","DE52","DE52_3",1.83194377101502
"DE53","DE53","DE53_3",1.7681995920146
"DE54","DE54","DE54_3",1.88498781969206
"DE55","DE55","DE55_3",1.82555112578201
"DE56","DE56","DE56_3",1.79951073914156
"DE57","DE57","DE57_3",1.48180289519136
"DE58","DE58","DE58_3",1.56869153086318
"DE59","DE59","DE59_3",1.69017679510722
"DE65","DE65","DE65_3",1.99611675909697
"DE66","DE66","DE66_3",1.94201732465909
"DE67","DE67","DE67_3",1.74254892332178
"DE68","DE68","DE68_3",1.74299653330465
"DE69","DE69","DE69_3",1.76212246944688
"DE70","DE70","DE70_3",2.18499148736357
"DE75","DE75","DE75_3",1.94238685008967
"DE76","DE76","DE76_3",2.04884123934463
"DE77","DE77","DE77_3",1.97856439288227
"DE78","DE78","DE78_3",1.73991975150279
"DE79","DE79","DE79_3",1.91521573394493
"DE80","DE80","DE80_3",2.22346029291401
"DE83","DE83","DE83_3",2.10110422719632
"DE84","DE84","DE84_3",2.0156885326226
"DE85","DE85","DE85_3",1.98891371480065
"DE86","DE86","DE86_3",1.88814859402429
"DE87","DE87","DE87_3",2.00944217357647
"DE88","DE88","DE88_3",1.91196168028124
"DE89","DE89","DE89_3",2.01488233680948
"DE90","DE90","DE90_3",2.21892702531585
"DE91","DE91","DE91_3",2.18979658439627
"DE93","DE93","DE93_3",2.10426821719008
"DE94","DE94","DE94_3",2.10140408317953
"DE95","DE95","DE95_3",2.01188430849453
"DE96","DE96","DE96_3",1.87929381619021
"DE97","DE97","DE97_3",1.96635645992497
"DE98","DE98","DE98_3",2.04358497565225
"DE99","DE99","DE99_3",2.08047848186992
"DF00","DF00","DF00_3",2.2693047913777
"DF01","DF01","DF01_3",2.2034197845035
"DF02","DF02","DF02_3",2.19465113094979
"DF04","DF04","DF04_3",1.95617833798023
"DF05","DF05","DF05_3",1.78588796158077
"DF06","DF06","DF06_3",1.82394807876505
"DF07","DF07","DF07_3",1.84700479285194
"DF08","DF08","DF08_3",1.97584171926784
"DF09","DF09","DF09_3",1.71695288139181
"DF10","DF10","DF10_3",2.30152857269264
"DF14","DF14","DF14_3",2.06931561163352
"DF15","DF15","DF15_3",1.82607309341317
"DF16","DF16","DF16_3",1.91729313465612
"DF17","DF17","DF17_3",1.97079422556827
"DF18","DF18","DF18_3",1.94587724409716
"DF19","DF19","DF19_3",1.67699513341038
"DF20","DF20","DF20_3",2.37209858564668
"DF21","DF21","DF21_3",2.41914033396878
"DF24","DF24","DF24_3",2.21606851340055
"DF25","DF25","DF25_3",2.16728669395784
"DF26","DF26","DF26_3",2.08322102711764
"DF27","DF27","DF27_3",2.08744640131149
"DF28","DF28","DF28_3",2.04019436510744
"DF29","DF29","DF29_3",1.68556190087409
"DF30","DF30","DF30_3",2.33432280587194
"DF31","DF31","DF31_3",2.43232768438863
"DF32","DF32","DF32_3",2.46666669845581
"DF36","DF36","DF36_3",2.15142111195034
"DF37","DF37","DF37_3",2.1770901789829
"DF38","DF38","DF38_3",2.08688987467162
"DF39","DF39","DF39_3",1.81458415607426
"DF40","DF40","DF40_3",2.31932208488732
"DF41","DF41","DF41_3",2.44543369270925
"DF42","DF42","DF42_3",2.49972586192333
"DF43","DF43","DF43_3",2.39202221101677
"DF47","DF47","DF47_3",2.19013745312086
"DF48","DF48","DF48_3",2.14869571407609
"DF49","DF49","DF49_3",2.02372298648055
"DF50","DF50","DF50_3",2.35958605926751
"DF51","DF51","DF51_3",2.45416728880763
"DF52","DF52","DF52_3",2.50402759986829
"DF55","DF55","DF55_3",2.31763687237991
"DF58","DF58","DF58_3",2.1901768655043
"DF59","DF59","DF59_3",2.09814437889016
"DF60","DF60","DF60_3",2.46230782865531
"DF61","DF61","DF61_3",2.45040134585777
"DF62","DF62","DF62_3",2.48821918030569
"DF65","DF65","DF65_3",2.35920990228647
"DF66","DF66","DF66_3",2.31137311048576
"DF69","DF69","DF69_3",2.21111110846202
"DF70","DF70","DF70_3",2.56723985651782
"DF71","DF71","DF71_3",2.53877190487446
"DF72","DF72","DF72_3",2.54221369340449
"DF80","DF80","DF80_3",2.65403256799673
"DF81","DF81","DF81_3",2.58855876826949
"DF90","DF90","DF90_3",2.68489578005841
"DF91","DF91","DF91_3",2.65874670232959
"DF96","DF96","DF96_3",2.43611252122802
"DF97","DF97","DF97_3",2.32575726405116
"DF98","DF98","DF98_3",2.36211348106498
"DG00","DG00","DG00_3",2.26010228009401
"DG05","DG05","DG05_3",2.43333331743876
"DG06","DG06","DG06_3",2.43147125326836
"DG07","DG07","DG07_3",2.3985429398587
"DG08","DG08","DG08_3",2.38505115141468
"DG09","DG09","DG09_3",2.31257159232448
"DG14","DG14","DG14_3",2.37687663414504
"DG15","DG15","DG15_3",2.35866608842706
"DG16","DG16","DG16_3",2.42323373225064
"DG17","DG17","DG17_3",2.35354790413355
"DG18","DG18","DG18_3",2.31628109301425
"DG19","DG19","DG19_3",2.2821341810075
"DG21","DG21","DG21_3",2.43929835088706
"DG22","DG22","DG22_3",2.47131867888455
"DG23","DG23","DG23_3",2.49300048485754
"DG24","DG24","DG24_3",2.31859489461519
"DG25","DG25","DG25_3",2.26214112389812
"DG26","DG26","DG26_3",2.29261484440245
"DG27","DG27","DG27_3",2.22481682813762
"DG28","DG28","DG28_3",2.30546823182165
"DG29","DG29","DG29_3",2.3744816980333
"DG30","DG30","DG30_3",2.44107589345607
"DG31","DG31","DG31_3",2.477685908536
"DG32","DG32","DG32_3",2.50256332842021
"DG33","DG33","DG33_3",2.44118248798302
"DG34","DG34","DG34_3",2.2507636840895
"DG35","DG35","DG35_3",2.13358983173363
"DG36","DG36","DG36_3",2.17965225905842
"DG37","DG37","DG37_3",2.2316483931347
"DG38","DG38","DG38_3",2.19663422488532
"DG39","DG39","DG39_3",2.3366066328619
"DG40","DG40","DG40_3",2.49435359644808
"DG41","DG41","DG41_3",2.42699470076025
"DG42","DG42","DG42_3",2.52172470112657
"DG43","DG43","DG43_3",2.36851062051792
"DG44","DG44","DG44_3",2.40236837403378
"DG45","DG45","DG45_3",2.23893779968564
"DG46","DG46","DG46_3",2.14640472308004
"DG47","DG47","DG47_3",2.15442590854753
"DG48","DG48","DG48_3",2.19220222315857
"DG49","DG49","DG49_3",2.32233422684287
"DG50","DG50","DG50_3",2.53702738515939
"DG51","DG51","DG51_3",2.49367550864592
"DG52","DG52","DG52_3",2.29194989947337
"DG53","DG53","DG53_3",2.27239107095033
"DG54","DG54","DG54_3",2.4359223275335
"DG55","DG55","DG55_3",2.45544844670198
"DG56","DG56","DG56_3",2.31954118614826
"DG57","DG57","DG57_3",2.21927723631572
"DG58","DG58","DG58_3",2.41176179907506
"DG59","DG59","DG59_3",2.44047227981217
"DG60","DG60","DG60_3",2.56494377003551
"DG61","DG61","DG61_3",2.33302485355592
"DG62","DG62","DG62_3",2.33198171181566
"DG63","DG63","DG63_3",2.43073944269279
"DG64","DG64","DG64_3",2.48131709334358
"DG65","DG65","DG65_3",2.49146537105502
"DG66","DG66","DG66_3",2.46930500999669
"DG67","DG67","DG67_3",2.41028693370116
"DG68","DG68","DG68_3",2.54839937794005
"DG69","DG69","DG69_3",2.50924048526907
"DG70","DG70","DG70_3",2.60528377021518
"DG71","DG71","DG71_3",2.42908518682118
"DG72","DG72","DG72_3",2.42617174116172
"DG73","DG73","DG73_3",2.44759188523202
"DG74","DG74","DG74_3",2.43400298141575
"DG75","DG75","DG75_3",2.4283177769669
"DG76","DG76","DG76_3",2.49460883937109
"DG77","DG77","DG77_3",2.56319908684298
"DG78","DG78","DG78_3",2.60352612155222
"DG79","DG79","DG79_3",2.61323675727447
"DG80","DG80","DG80_3",2.59411650160299
"DG81","DG81","DG81_3",2.43891576780195
"DG82","DG82","DG82_3",2.40028016635524
"DG83","DG83","DG83_3",2.37899177001932
"DG84","DG84","DG84_3",2.35222579881099
"DG85","DG85","DG85_3",2.36098442837316
"DG86","DG86","DG86_3",2.49638041793737
"DG87","DG87","DG87_3",2.60163216385981
"DG88","DG88","DG88_3",2.66517242481566
"DG89","DG89","DG89_3",2.68068880529611
"DG90","DG90","DG90_3",2.57495569152715
"DG91","DG91","DG91_3",2.35262269921971
"DG92","DG92","DG92_3",2.34934474337068
"DG93","DG93","DG93_3",2.25502832483479
"DG94","DG94","DG94_3",2.30479644989283
"DG95","DG95","DG95_3",2.38049030749813
"DG96","DG96","DG96_3",2.52358203321498
"DG97","DG97","DG97_3",2.67156009455316
"DG98","DG98","DG98_3",2.68523935854021
"DG99","DG99","DG99_3",2.68354508640353
"DH06","DH06","DH06_3",2.17295882534318
"DH07","DH07","DH07_3",2.1940819346824
"DH08","DH08","DH08_3",2.23178935527255
"DH09","DH09","DH09_3",2.16687848746362
"DH16","DH16","DH16_3",2.24696764316011
"DH17","DH17","DH17_3",2.19614754705423
"DH18","DH18","DH18_3",2.22611531145086
"DH19","DH19","DH19_3",2.23115834877127
"DH25","DH25","DH25_3",2.24596913097852
"DH26","DH26","DH26_3",2.2443832349356
"DH27","DH27","DH27_3",2.15289054070329
"DH28","DH28","DH28_3",2.16953067892971
"DH29","DH29","DH29_3",2.29194523058281
"DH36","DH36","DH36_3",2.33849435669235
"DH37","DH37","DH37_3",2.25106267221033
"DH38","DH38","DH38_3",2.35658969889809
"DH49","DH49","DH49_3",2.49373340942556
"DH57","DH57","DH57_3",2.49873008068738
"DH58","DH58","DH58_3",2.49586443146412
"DH59","DH59","DH59_3",2.57280971215877
"DH66","DH66","DH66_3",2.40044364343131
"DH67","DH67","DH67_3",2.45464357051824
"DH69","DH69","DH69_3",2.57999213556209
"DH75","DH75","DH75_3",2.43279084481587
"DH76","DH76","DH76_3",2.43682856588897
"DH77","DH77","DH77_3",2.57674238986971
"DH78","DH78","DH78_3",2.62434250920293
"DH79","DH79","DH79_3",2.61390691465546
"DH85","DH85","DH85_3",2.4854238344264
"DH86","DH86","DH86_3",2.53802238932232
"DH87","DH87","DH87_3",2.62206067091451
"DH88","DH88","DH88_3",2.65290817290732
"DH89","DH89","DH89_3",2.69668785436565
"DH95","DH95","DH95_3",2.56066686317673
"DH96","DH96","DH96_3",2.58385842157811
"DH97","DH97","DH97_3",2.66013513243969
"DH98","DH98","DH98_3",2.70170531958205
"DH99","DH99","DH99_3",2.69727628266892
"EB01","EB01","EB01_3",2.6690193914858
"EB02","EB02","EB02_3",2.65649962295711
"EB03","EB03","EB03_3",2.64324907669902
"EB04","EB04","EB04_3",2.60836645627534
"EB05","EB05","EB05_3",2.62222218513489
"EB06","EB06","EB06_3",2.65272438367951
"EB07","EB07","EB07_3",2.62149988615809
"EB08","EB08","EB08_3",2.56744813942757
"EB09","EB09","EB09_3",2.59999426436916
"EB10","EB10","EB10_3",2.56029314457495
"EB11","EB11","EB11_3",2.55877260881261
"EB12","EB12","EB12_3",2.55410100750122
"EB13","EB13","EB13_3",2.54754385502478
"EB14","EB14","EB14_3",2.6352877546589
"ED00","ED00","ED00_3",2.0856623437249
"ED01","ED01","ED01_3",2.0952313253354
"ED02","ED02","ED02_3",2.11025824342924
"ED03","ED03","ED03_3",2.24556157721313
"ED10","ED10","ED10_3",2.21020944920875
"ED11","ED11","ED11_3",2.13339039364833
"ED12","ED12","ED12_3",2.13921981685425
"ED13","ED13","ED13_3",2.22287052356398
"ED20","ED20","ED20_3",2.3356849339828
"ED21","ED21","ED21_3",2.2647172081494
"ED22","ED22","ED22_3",2.29329569863214
"ED23","ED23","ED23_3",2.37823018404214
"ED30","ED30","ED30_3",2.4032975731798
"ED31","ED31","ED31_3",2.38607717538565
"ED32","ED32","ED32_3",2.41333536654172
"ED41","ED41","ED41_3",2.47728361534539
"EE04","EE04","EE04_3",2.27560325680279
"EE05","EE05","EE05_3",2.16758275360146
"EE06","EE06","EE06_3",2.10796242259341
"EE07","EE07","EE07_3",2.11212982313538
"EE08","EE08","EE08_3",2.08371869925416
"EE09","EE09","EE09_3",2.18050267950462
"EE14","EE14","EE14_3",2.28444735228536
"EE15","EE15","EE15_3",2.16997037174009
"EE16","EE16","EE16_3",2.24139901447482
"EE17","EE17","EE17_3",2.20951193762851
"EE18","EE18","EE18_3",2.15642119145036
"EE19","EE19","EE19_3",2.19276894043007
"EE20","EE20","EE20_3",2.48260163854445
"EE24","EE24","EE24_3",2.38222047260829
"EE26","EE26","EE26_3",2.34189004889328
"EE27","EE27","EE27_3",2.25517600655112
"EE28","EE28","EE28_3",2.25390099477846
"EE29","EE29","EE29_3",2.21073614078067
"EE38","EE38","EE38_3",2.34296433400743
"EE39","EE39","EE39_3",2.35551278358789
"EE81","EE81","EE81_3",2.6550477509194
"EE90","EE90","EE90_3",2.57389608000382
"EE91","EE91","EE91_3",2.60097656021237
"EF00","EF00","EF00_3",2.69696949325446
"EF01","EF01","EF01_3",2.67813640618805
"EF02","EF02","EF02_3",2.65182974084823
"EF06","EF06","EF06_3",2.45843715742892
"EF07","EF07","EF07_3",2.39688344346221
"EF08","EF08","EF08_3",2.40807340874346
"EF09","EF09","EF09_3",2.40258097131929
"EF10","EF10","EF10_3",2.68563750161182
"EF11","EF11","EF11_3",2.66147170886374
"EF19","EF19","EF19_3",2.44769643528831
"EF20","EF20","EF20_3",2.7454558520547
"EF35","EF35","EF35_3",2.60330277239397
"EF44","EF44","EF44_3",2.70413169521673
"EF45","EF45","EF45_3",2.56020488885529
"EF53","EF53","EF53_3",2.70683494927778
"EF54","EF54","EF54_3",2.65569455778426
"EF55","EF55","EF55_3",2.6096163395306
"EF60","EF60","EF60_3",2.75964645228562
"EF61","EF61","EF61_3",2.7557617540871
"EF63","EF63","EF63_3",2.68303902049887
"EF64","EF64","EF64_3",2.66714741031754
"EF65","EF65","EF65_3",2.67719814442592
"EF66","EF66","EF66_3",2.71569490853109
"EF68","EF68","EF68_3",2.64635149428296
"EF69","EF69","EF69_3",2.64682375574237
"EF70","EF70","EF70_3",2.69078932216904
"EF71","EF71","EF71_3",2.7282043912249
"EF72","EF72","EF72_3",2.67592769560639
"EF73","EF73","EF73_3",2.60433593389123
"EF74","EF74","EF74_3",2.62449084514409
"EF75","EF75","EF75_3",2.69214684159249
"EF76","EF76","EF76_3",2.70046276642899
"EF78","EF78","EF78_3",2.66040874493658
"EF79","EF79","EF79_3",2.6567242862563
"EF80","EF80","EF80_3",2.63015641270104
"EF81","EF81","EF81_3",2.65648514673685
"EF82","EF82","EF82_3",2.65729605655527
"EF83","EF83","EF83_3",2.52086138945122
"EF84","EF84","EF84_3",2.63519441237362
"EF85","EF85","EF85_3",2.63383962054208
"EF86","EF86","EF86_3",2.63756813573909
"EF87","EF87","EF87_3",2.64884239494113
"EF90","EF90","EF90_3",2.4662095715713
"EF91","EF91","EF91_3",2.45414513622523
"EF92","EF92","EF92_3",2.47248640887602
"EF93","EF93","EF93_3",2.52239286684239
"EF94","EF94","EF94_3",2.43552429840415
"EF95","EF95","EF95_3",2.46685307076196
"EF96","EF96","EF96_3",2.5891940849096
"EF97","EF97","EF97_3",2.46526022747343
"EF98","EF98","EF98_3",2.61612663515437
"EG00","EG00","EG00_3",2.61357929938109
"EG01","EG01","EG01_3",2.36867969481186
"EG02","EG02","EG02_3",2.30406153711578
"EG03","EG03","EG03_3",2.20976641177503
"EG04","EG04","EG04_3",2.33062821026725
"EG05","EG05","EG05_3",2.44874698218627
"EG06","EG06","EG06_3",2.60054159580804
"EG07","EG07","EG07_3",2.67897658146417
"EG08","EG08","EG08_3",2.69576569390983
"EG09","EG09","EG09_3",2.7058151291939
"EG10","EG10","EG10_3",2.66162183523157
"EG11","EG11","EG11_3",2.48003204019962
"EG12","EG12","EG12_3",2.42677325224831
"EG13","EG13","EG13_3",2.32771370802919
"EG14","EG14","EG14_3",2.44448577055762
"EG15","EG15","EG15_3",2.54951521146696
"EG16","EG16","EG16_3",2.69181391811483
"EG17","EG17","EG17_3",2.70333357347265
"EG18","EG18","EG18_3",2.75054671700634
"EG19","EG19","EG19_3",2.73542303908055
"EG21","EG21","EG21_3",2.68947314520822
"EG22","EG22","EG22_3",2.63744545799295
"EG23","EG23","EG23_3",2.64165001779997
"EG24","EG24","EG24_3",2.64349350100843
"EG25","EG25","EG25_3",2.69439971289658
"EG26","EG26","EG26_3",2.74786519285803
"EG27","EG27","EG27_3",2.7389933414936
"EG30","EG30","EG30_3",2.74912131380755
"EG31","EG31","EG31_3",2.76795118952028
"EG33","EG33","EG33_3",2.80184837060339
"EG34","EG34","EG34_3",2.79186696592552
"EG35","EG35","EG35_3",2.80151219361861
"EG36","EG36","EG36_3",2.80005515790272
"EG40","EG40","EG40_3",2.73708382547087
"EG41","EG41","EG41_3",2.74762190739038
"EG42","EG42","EG42_3",2.76004197698914
"EG44","EG44","EG44_3",2.79999995231628
"EG46","EG46","EG46_3",2.80836838927397
"EG67","EG67","EG67_3",2.79859109061847
"EG72","EG72","EG72_3",2.78081583033583
"EG73","EG73","EG73_3",2.78000061504142
"EG74","EG74","EG74_3",2.77062144506126
"EG76","EG76","EG76_3",2.75551879291326
"EG77","EG77","EG77_3",2.76268151531313
"EG78","EG78","EG78_3",2.71453813443529
"EG79","EG79","EG79_3",2.67709117411545
"EG83","EG83","EG83_3",2.76564987805333
"EG84","EG84","EG84_3",2.70880353495492
"EG85","EG85","EG85_3",2.69122469446355
"EG86","EG86","EG86_3",2.65015327413118
"EG87","EG87","EG87_3",2.6978187874085
"EG88","EG88","EG88_3",2.67989956374334
"EG89","EG89","EG89_3",2.63206266832237
"EG93","EG93","EG93_3",2.68888886769613
"EG94","EG94","EG94_3",2.67845607594832
"EG95","EG95","EG95_3",2.61933575423648
"EG96","EG96","EG96_3",2.59253872969426
"EG97","EG97","EG97_3",2.4947344895595
"EG98","EG98","EG98_3",2.46706122183623
"EG99","EG99","EG99_3",2.52547015951609
"EH05","EH05","EH05_3",2.59321790378972
"EH06","EH06","EH06_3",2.68158673951135
"EH07","EH07","EH07_3",2.69454602828272
"EH08","EH08","EH08_3",2.69341507424455
"EH09","EH09","EH09_3",2.6438829826645
"EH13","EH13","EH13_3",2.54873697603221
"EH14","EH14","EH14_3",2.57351886809607
"EH15","EH15","EH15_3",2.5834964712068
"EH16","EH16","EH16_3",2.6854357205305
"EH17","EH17","EH17_3",2.70470827750461
"EH18","EH18","EH18_3",2.72366296769158
"EH19","EH19","EH19_3",2.7233415514487
"EH23","EH23","EH23_3",2.55657557564861
"EH24","EH24","EH24_3",2.57752443821735
"EH25","EH25","EH25_3",2.59180208752475
"EH26","EH26","EH26_3",2.63516730456673
"EH27","EH27","EH27_3",2.65678973252431
"EH28","EH28","EH28_3",2.69590586724007
"EH36","EH36","EH36_3",2.68847429490666
"EH37","EH37","EH37_3",2.68983007523367
"EH38","EH38","EH38_3",2.70248805337968
"EH39","EH39","EH39_3",2.72404392512852
"EH49","EH49","EH49_3",2.77610844687406
"EH54","EH54","EH54_3",2.62953257314211
"EH55","EH55","EH55_3",2.67500537780642
"EH56","EH56","EH56_3",2.68888886769613
"EH57","EH57","EH57_3",2.68876572897291
"EH63","EH63","EH63_3",2.57176021988771
"EH64","EH64","EH64_3",2.60980289892527
"EH65","EH65","EH65_3",2.65360532535917
"EH66","EH66","EH66_3",2.66391520892047
"EH67","EH67","EH67_3",2.66479502051126
"EH68","EH68","EH68_3",2.69668111177046
"EH73","EH73","EH73_3",2.56431080819648
"EH74","EH74","EH74_3",2.59723316172001
"EH75","EH75","EH75_3",2.6272153864928
"EH76","EH76","EH76_3",2.631221344341
"EH77","EH77","EH77_3",2.65268286000854
"EH78","EH78","EH78_3",2.67856480687656
"EH83","EH83","EH83_3",2.56724655157096
"EH84","EH84","EH84_3",2.5844243369249
"EH85","EH85","EH85_3",2.60348506476135
"EH86","EH86","EH86_3",2.59288198786491
"EH87","EH87","EH87_3",2.60686036219132
"EH88","EH88","EH88_3",2.66769740979704
"EH92","EH92","EH92_3",2.51340310769968
"EH93","EH93","EH93_3",2.56852562102472
"EH94","EH94","EH94_3",2.57911063083568
"EH95","EH95","EH95_3",2.58294221333384
"EH96","EH96","EH96_3",2.58753849250954
"EH97","EH97","EH97_3",2.60173077577602
"EH98","EH98","EH98_3",2.64862224795773
"FE00","FE00","FE00_3",2.54663769342968
"FE10","FE10","FE10_3",2.44687466176459
"FE20","FE20","FE20_3",2.38433103609895
"FE30","FE30","FE30_3",2.31809116865261
"FE40","FE40","FE40_3",2.23221695037759
"FE41","FE41","FE41_3",2.23400384327833
"FE50","FE50","FE50_3",2.09047150335029
"FE51","FE51","FE51_3",2.08578944271121
"FE60","FE60","FE60_3",2.00002306391714
"FE61","FE61","FE61_3",2.01454880746187
"FE62","FE62","FE62_3",1.98841251954077
"FE70","FE70","FE70_3",1.89276422178422
"FE71","FE71","FE71_3",1.88147036791874
"FE72","FE72","FE72_3",1.8700204642533
"FE73","FE73","FE73_3",1.87678655845454
"FE80","FE80","FE80_3",1.78042363873483
"FE81","FE81","FE81_3",1.80669398898664
"FE82","FE82","FE82_3",1.75514724658805
"FE83","FE83","FE83_3",1.70758360318613
"FE90","FE90","FE90_3",1.6836141778047
"FE91","FE91","FE91_3",1.69492185635147
"FE92","FE92","FE92_3",1.57719085624037
"FE93","FE93","FE93_3",1.60908526507156
"FE94","FE94","FE94_3",1.61559319109647
"FF00","FF00","FF00_3",2.4263526426746
"FF01","FF01","FF01_3",2.34888981335835
"FF02","FF02","FF02_3",2.39124870451729
"FF03","FF03","FF03_3",2.30309178502074
"FF04","FF04","FF04_3",2.43683191448538
"FF05","FF05","FF05_3",2.5277587342801
"FF06","FF06","FF06_3",2.51086581655125
"FF07","FF07","FF07_3",2.40989781458739
"FF08","FF08","FF08_3",2.42506633779231
"FF10","FF10","FF10_3",2.33078455902672
"FF11","FF11","FF11_3",2.31223687596984
"FF12","FF12","FF12_3",2.31116042126097
"FF13","FF13","FF13_3",2.23041244264313
"FF14","FF14","FF14_3",2.43071182667242
"FF15","FF15","FF15_3",2.45928202744913
"FF16","FF16","FF16_3",2.51977759198054
"FF17","FF17","FF17_3",2.40895344347807
"FF18","FF18","FF18_3",2.3768083446566
"FF19","FF19","FF19_3",2.46389931518031
"FF20","FF20","FF20_3",2.22221429287685
"FF21","FF21","FF21_3",2.22234559985302
"FF22","FF22","FF22_3",2.24639439481497
"FF23","FF23","FF23_3",2.14714622997285
"FF24","FF24","FF24_3",2.31058380169812
"FF25","FF25","FF25_3",2.39240657825733
"FF26","FF26","FF26_3",2.42044692015666
"FF27","FF27","FF27_3",2.24283953278522
"FF28","FF28","FF28_3",2.32193866759927
"FF29","FF29","FF29_3",2.34045459403751
"FF30","FF30","FF30_3",2.1396249443887
"FF31","FF31","FF31_3",2.12369651056996
"FF32","FF32","FF32_3",2.14192853884153
"FF33","FF33","FF33_3",1.99375944153864
"FF34","FF34","FF34_3",2.17040422868231
"FF35","FF35","FF35_3",2.24657114272268
"FF36","FF36","FF36_3",2.22707030045658
"FF37","FF37","FF37_3",2.29752099113241
"FF38","FF38","FF38_3",2.17980085288983
"FF39","FF39","FF39_3",2.24994474275323
"FF40","FF40","FF40_3",2.09917544954514
"FF41","FF41","FF41_3",1.97915760963508
"FF42","FF42","FF42_3",2.03022229512862
"FF43","FF43","FF43_3",1.98186855125761
"FF44","FF44","FF44_3",2.07553190740693
"FF45","FF45","FF45_3",2.13464060323444
"FF46","FF46","FF46_3",2.19525413842091
"FF47","FF47","FF47_3",2.20539100568561
"FF48","FF48","FF48_3",2.2058470334781
"FF49","FF49","FF49_3",2.2457249185403
"FF50","FF50","FF50_3",1.96543210909092
"FF51","FF51","FF51_3",1.78140325680114
"FF52","FF52","FF52_3",1.81022502063105
"FF53","FF53","FF53_3",1.91972056577664
"FF54","FF54","FF54_3",2.01572983703584
"FF55","FF55","FF55_3",2.06938366872303
"FF56","FF56","FF56_3",2.10380334029135
"FF57","FF57","FF57_3",2.11094927948741
"FF60","FF60","FF60_3",1.89356547711638
"FF61","FF61","FF61_3",1.71823522835216
"FF62","FF62","FF62_3",1.71249372105424
"FF63","FF63","FF63_3",1.78243888246909
"FF64","FF64","FF64_3",1.90141320843026
"FF65","FF65","FF65_3",1.95890265210627
"FF66","FF66","FF66_3",1.90721066761441
"FF67","FF67","FF67_3",1.92378168619034
"FF68","FF68","FF68_3",2.01852500405578
"FF69","FF69","FF69_3",1.98597180408614
"FF70","FF70","FF70_3",1.86979985101273
"FF71","FF71","FF71_3",1.75232275572087
"FF72","FF72","FF72_3",1.81653835750002
"FF73","FF73","FF73_3",1.85092356405121
"FF74","FF74","FF74_3",1.94680629238182
"FF75","FF75","FF75_3",1.96120880023162
"FF76","FF76","FF76_3",1.90525394321951
"FF77","FF77","FF77_3",1.89031569027491
"FF78","FF78","FF78_3",1.88402673691702
"FF79","FF79","FF79_3",1.91023602435831
"FF80","FF80","FF80_3",1.86406084110083
"FF81","FF81","FF81_3",1.78456997321137
"FF82","FF82","FF82_3",1.77667415114598
"FF83","FF83","FF83_3",1.73101561156327
"FF84","FF84","FF84_3",1.84813145611436
"FF85","FF85","FF85_3",1.89382341353606
"FF86","FF86","FF86_3",1.87820017894423
"FF87","FF87","FF87_3",1.87013179941286
"FF88","FF88","FF88_3",1.83051507481824
"FF89","FF89","FF89_3",1.80349445442554
"FF90","FF90","FF90_3",1.92270223672506
"FF91","FF91","FF91_3",1.86298486085596
"FF92","FF92","FF92_3",1.73833906467471
"FF93","FF93","FF93_3",1.63481205187338
"FF94","FF94","FF94_3",1.70799325175174
"FF95","FF95","FF95_3",1.78727072580511
"FF96","FF96","FF96_3",1.77879289649827
"FF97","FF97","FF97_3",1.72192913239269
"FF98","FF98","FF98_3",1.68626935162841
"FF99","FF99","FF99_3",1.69112526087178
"FG00","FG00","FG00_3",2.64444438616435
"FG03","FG03","FG03_3",2.6681752072374
"FG04","FG04","FG04_3",2.61447059166257
"FG05","FG05","FG05_3",2.52788650917667
"FG06","FG06","FG06_3",2.43426855666565
"FG07","FG07","FG07_3",2.39035912003591
"FG08","FG08","FG08_3",2.28449327532708
"FG09","FG09","FG09_3",2.43141573778634
"FG13","FG13","FG13_3",2.56891164693145
"FG14","FG14","FG14_3",2.50666868241227
"FG15","FG15","FG15_3",2.43989823030798
"FG16","FG16","FG16_3",2.34330275073347
"FG17","FG17","FG17_3",2.26529721235829
"FG18","FG18","FG18_3",2.18215955408298
"FG19","FG19","FG19_3",2.23597360115653
"FG23","FG23","FG23_3",2.49205525213266
"FG24","FG24","FG24_3",2.47132526678884
"FG25","FG25","FG25_3",2.39259543974296
"FG26","FG26","FG26_3",2.25980211307458
"FG27","FG27","FG27_3",2.29651341907901
"FG28","FG28","FG28_3",2.21195466473607
"FG29","FG29","FG29_3",2.22761673851393
"FG31","FG31","FG31_3",2.52068989083888
"FG33","FG33","FG33_3",2.45191293164382
"FG34","FG34","FG34_3",2.41076016120003
"FG35","FG35","FG35_3",2.3521448687387
"FG36","FG36","FG36_3",2.24434564568657
"FG37","FG37","FG37_3",2.25233913398531
"FG38","FG38","FG38_3",2.15571708276592
"FG39","FG39","FG39_3",2.17423195274579
"FG41","FG41","FG41_3",2.45395131024775
"FG42","FG42","FG42_3",2.44898205610368
"FG43","FG43","FG43_3",2.42681086753638
"FG44","FG44","FG44_3",2.37602970651672
"FG45","FG45","FG45_3",2.30863330795478
"FG46","FG46","FG46_3",2.26566889029089
"FG47","FG47","FG47_3",2.14847489824355
"FG48","FG48","FG48_3",2.15095553593695
"FG49","FG49","FG49_3",2.07204622755512
"FG50","FG50","FG50_3",2.4459476394787
"FG51","FG51","FG51_3",2.43551738135871
"FG52","FG52","FG52_3",2.40954650157279
"FG53","FG53","FG53_3",2.34727230739817
"FG54","FG54","FG54_3",2.23419089472382
"FG55","FG55","FG55_3",2.10788234574262
"FG56","FG56","FG56_3",2.08954000739721
"FG57","FG57","FG57_3",2.07524387223123
"FG58","FG58","FG58_3",2.0428071124767
"FG59","FG59","FG59_3",2.0058574572961
"FG60","FG60","FG60_3",2.42159709354195
"FG61","FG61","FG61_3",2.38899291211205
"FG62","FG62","FG62_3",2.27104830937646
"FG63","FG63","FG63_3",2.20742030210258
"FG64","FG64","FG64_3",2.07487305953135
"FG65","FG65","FG65_3",2.01924342071187
"FG66","FG66","FG66_3",2.0756499574809
"FG67","FG67","FG67_3",2.06761566418411
"FG68","FG68","FG68_3",2.00926764458775
"FG69","FG69","FG69_3",1.96567959457814
"FG70","FG70","FG70_3",2.33413410210614
"FG71","FG71","FG71_3",2.18707391955842
"FG72","FG72","FG72_3",2.18595549327395
"FG73","FG73","FG73_3",2.09191471083501
"FG74","FG74","FG74_3",1.78403276605231
"FG75","FG75","FG75_3",1.76053773764312
"FG76","FG76","FG76_3",1.94789147313515
"FG77","FG77","FG77_3",1.96577731212389
"FG78","FG78","FG78_3",1.91973845172462
"FG79","FG79","FG79_3",1.9023264965234
"FG80","FG80","FG80_3",2.1263465877027
"FG81","FG81","FG81_3",2.15284025143015
"FG82","FG82","FG82_3",2.23716326925787
"FG83","FG83","FG83_3",2.17112279868496
"FG84","FG84","FG84_3",1.82930150947205
"FG85","FG85","FG85_3",1.88988291609315
"FG86","FG86","FG86_3",1.92886427556277
"FG87","FG87","FG87_3",1.9487015191861
"FG88","FG88","FG88_3",1.88626803003226
"FG89","FG89","FG89_3",1.8470968042781
"FG90","FG90","FG90_3",2.19940505190357
"FG91","FG91","FG91_3",2.23888538199592
"FG92","FG92","FG92_3",2.28003490787618
"FG93","FG93","FG93_3",2.26292597100051
"FG94","FG94","FG94_3",2.13258163114374
"FG95","FG95","FG95_3",2.00050627247736
"FG96","FG96","FG96_3",2.00802049524147
"FG97","FG97","FG97_3",2.00203563837925
"FG98","FG98","FG98_3",1.94277353873702
"FG99","FG99","FG99_3",1.89020539605589
"FH01","FH01","FH01_3",2.45555559794108
"FH02","FH02","FH02_3",2.48195454587422
"FH03","FH03","FH03_3",2.52201677241862
"FH04","FH04","FH04_3",2.49216698001553
"FH05","FH05","FH05_3",2.57251380866111
"FH06","FH06","FH06_3",2.60126349779661
"FH07","FH07","FH07_3",2.62293305573241
"FH08","FH08","FH08_3",2.62907945895852
"FH10","FH10","FH10_3",2.44247827760176
"FH11","FH11","FH11_3",2.45555559794108
"FH12","FH12","FH12_3",2.45741686204248
"FH13","FH13","FH13_3",2.4598930811316
"FH14","FH14","FH14_3",2.4755724996556
"FH15","FH15","FH15_3",2.5524757525314
"FH16","FH16","FH16_3",2.58985823038027
"FH17","FH17","FH17_3",2.5967157007803
"FH18","FH18","FH18_3",2.58651471236605
"FH20","FH20","FH20_3",2.41379170822064
"FH21","FH21","FH21_3",2.46086753700496
"FH22","FH22","FH22_3",2.45541146105142
"FH23","FH23","FH23_3",2.43979871393917
"FH24","FH24","FH24_3",2.46645026027694
"FH25","FH25","FH25_3",2.52133760174364
"FH27","FH27","FH27_3",2.5891279113196
"FH28","FH28","FH28_3",2.56429686607065
"FH29","FH29","FH29_3",2.56765924536754
"FH31","FH31","FH31_3",2.45735740524961
"FH32","FH32","FH32_3",2.44063310468874
"FH33","FH33","FH33_3",2.42852795836839
"FH34","FH34","FH34_3",2.46808616491479
"FH35","FH35","FH35_3",2.49845279871183
"FH36","FH36","FH36_3",2.51915506274121
"FH37","FH37","FH37_3",2.54126272856122
"FH42","FH42","FH42_3",2.39880384413238
"FH43","FH43","FH43_3",2.40836723232432
"FH44","FH44","FH44_3",2.4701635507498
"FH45","FH45","FH45_3",2.46898566810041
"FH46","FH46","FH46_3",2.47757801123306
"FH47","FH47","FH47_3",2.52475316171349
"FH48","FH48","FH48_3",2.48400115622441
"FH51","FH51","FH51_3",2.42541406261013
"FH52","FH52","FH52_3",2.38444168143707
"FH53","FH53","FH53_3",2.414888723015
"FH54","FH54","FH54_3",2.45497130347516
"FH55","FH55","FH55_3",2.46161810253285
"FH56","FH56","FH56_3",2.47214970023109
"FH57","FH57","FH57_3",2.46467274773555
"FH58","FH58","FH58_3",2.46591632613017
"FH61","FH61","FH61_3",2.42667139516348
"FH62","FH62","FH62_3",2.4141118002461
"FH63","FH63","FH63_3",2.45968112989748
"FH64","FH64","FH64_3",2.44885227036111
"FH65","FH65","FH65_3",2.43431792273173
"FH66","FH66","FH66_3",2.43849322233753
"FH67","FH67","FH67_3",2.37373266109201
"FH68","FH68","FH68_3",2.43207107235466
"FH69","FH69","FH69_3",2.46189393958491
"FH70","FH70","FH70_3",2.344466113047
"FH71","FH71","FH71_3",2.38526584921792
"FH72","FH72","FH72_3",2.4329487740316
"FH73","FH73","FH73_3",2.44727958364098
"FH74","FH74","FH74_3",2.42256381335248
"FH75","FH75","FH75_3",2.40971275711691
"FH76","FH76","FH76_3",2.40285417110853
"FH77","FH77","FH77_3",2.39809054328164
"FH78","FH78","FH78_3",2.43473847677437
"FH79","FH79","FH79_3",2.40025362037043
"FH80","FH80","FH80_3",2.34489346548508
"FH81","FH81","FH81_3",2.36797256313007
"FH82","FH82","FH82_3",2.4146691377706
"FH83","FH83","FH83_3",2.45245325706088
"FH84","FH84","FH84_3",2.40410958610518
"FH85","FH85","FH85_3",2.4094467737564
"FH86","FH86","FH86_3",2.3913877063701
"FH87","FH87","FH87_3",2.42295169114958
"FH88","FH88","FH88_3",2.42744301936818
"FH89","FH89","FH89_3",2.21238401710417
"FH94","FH94","FH94_3",2.43993989832714
"FH95","FH95","FH95_3",2.38772036741018
"FH96","FH96","FH96_3",2.41656875717536
"FH97","FH97","FH97_3",2.42376024822173
"FH98","FH98","FH98_3",2.40970068279247
"FH99","FH99","FH99_3",2.30685025446123
"GE00","GE00","GE00_3",1.53375596581865
"GE01","GE01","GE01_3",1.51464734052039
"GE02","GE02","GE02_3",1.46748563876567
"GE03","GE03","GE03_3",1.41006565662414
"GE04","GE04","GE04_3",1.48404626070202
"GE10","GE10","GE10_3",1.30620295190598
"GE11","GE11","GE11_3",1.29029849974935
"GE12","GE12","GE12_3",1.20907760763658
"GE13","GE13","GE13_3",1.33221944113741
"GE14","GE14","GE14_3",1.36291972150189
"GE20","GE20","GE20_3",1.2411664302042
"GE21","GE21","GE21_3",1.27888578459869
"GE22","GE22","GE22_3",1.27973444934999
"GE23","GE23","GE23_3",1.22130952862631
"GE24","GE24","GE24_3",1.25995804018501
"GE30","GE30","GE30_3",1.28351268622128
"GE31","GE31","GE31_3",1.18391047413844
"GE32","GE32","GE32_3",1.04057807812461
"GE33","GE33","GE33_3",1.0153150700728
"GE34","GE34","GE34_3",1.08760263175934
"GE40","GE40","GE40_3",1.28427051311513
"GE41","GE41","GE41_3",1.18859729505915
"GE42","GE42","GE42_3",1.01515798579438
"GE43","GE43","GE43_3",0.947117926695406
"GE44","GE44","GE44_3",1.02665854043776
"GF00","GF00","GF00_3",1.99831121483207
"GF01","GF01","GF01_3",1.94116995673649
"GF02","GF02","GF02_3",1.79991314111386
"GF03","GF03","GF03_3",1.68788316614422
"GF04","GF04","GF04_3",1.6661105572118
"GF05","GF05","GF05_3",1.69675690730175
"GF06","GF06","GF06_3",1.72170667607351
"GF07","GF07","GF07_3",1.61055656704371
"GF08","GF08","GF08_3",1.50977781700023
"GF09","GF09","GF09_3",1.54737408968747
"GF12","GF12","GF12_3",1.87049062914191
"GF13","GF13","GF13_3",1.79180630008694
"GF14","GF14","GF14_3",1.68525230559778
"GF15","GF15","GF15_3",1.6408612092252
"GF16","GF16","GF16_3",1.59601523603621
"GF17","GF17","GF17_3",1.54842046421362
"GF18","GF18","GF18_3",1.39417263673528
"GF19","GF19","GF19_3",1.36597296246953
"GF23","GF23","GF23_3",1.80540650909634
"GF24","GF24","GF24_3",1.70759900702213
"GF25","GF25","GF25_3",1.58319521492282
"GF26","GF26","GF26_3",1.50136112820353
"GF27","GF27","GF27_3",1.42461056874172
"GF28","GF28","GF28_3",1.32525478714188
"GF29","GF29","GF29_3",1.25964625431268
"GF33","GF33","GF33_3",1.77034573101498
"GF34","GF34","GF34_3",1.67177528275369
"GF35","GF35","GF35_3",1.56903749448816
"GF36","GF36","GF36_3",1.45675109214731
"GF37","GF37","GF37_3",1.39509325265575
"GF38","GF38","GF38_3",1.24273915082629
"GF39","GF39","GF39_3",1.22160959491541
"GF42","GF42","GF42_3",1.79512803077149
"GF43","GF43","GF43_3",1.74519521068759
"GF44","GF44","GF44_3",1.65588808016902
"GF45","GF45","GF45_3",1.54485465046657
"GF46","GF46","GF46_3",1.45616711537093
"GF47","GF47","GF47_3",1.32562457289919
"GF48","GF48","GF48_3",1.31091348068365
"GF49","GF49","GF49_3",1.2835714624563
"GF52","GF52","GF52_3",1.75831568019264
"GF53","GF53","GF53_3",1.68994652132732
"GF54","GF54","GF54_3",1.60078288162478
"GF55","GF55","GF55_3",1.5690276427043
"GF56","GF56","GF56_3",1.50868141087155
"GF57","GF57","GF57_3",1.42759815992632
"GF63","GF63","GF63_3",1.65270791459256
"GF64","GF64","GF64_3",1.57641847274307
"GF65","GF65","GF65_3",1.48432532946269
"GF73","GF73","GF73_3",1.55934121099968
"GF74","GF74","GF74_3",1.49755507200636
"GF75","GF75","GF75_3",1.48753697305707
"GG00","GG00","GG00_3",2.33126233845036
"GG01","GG01","GG01_3",2.3488846857707
"GG02","GG02","GG02_3",2.29691299176906
"GG04","GG04","GG04_3",2.23221814838671
"GG05","GG05","GG05_3",2.11252541917925
"GG06","GG06","GG06_3",2.06172523334099
"GG07","GG07","GG07_3",2.02091344135587
"GG08","GG08","GG08_3",1.96985570907111
"GG09","GG09","GG09_3",1.99175655546972
"GG10","GG10","GG10_3",2.39096374286791
"GG11","GG11","GG11_3",2.36729651628029
"GG15","GG15","GG15_3",2.16861188676474
"GG16","GG16","GG16_3",2.05433488502879
"GG17","GG17","GG17_3",2.03017407733439
"GG18","GG18","GG18_3",2.01170471476086
"GG19","GG19","GG19_3",2.00942063441858
"GG20","GG20","GG20_3",2.39208686051768
"GG25","GG25","GG25_3",2.16684358698117
"GG26","GG26","GG26_3",2.02007599852081
"GG27","GG27","GG27_3",1.97620806714362
"GG28","GG28","GG28_3",1.99289388230344
"GG30","GG30","GG30_3",2.33175656400048
"GG35","GG35","GG35_3",2.14393089635835
"GG36","GG36","GG36_3",2.01443000062804
"GG37","GG37","GG37_3",1.96124197944834
"GG38","GG38","GG38_3",2.01013511922531
"GG40","GG40","GG40_3",2.29614706370525
"GG50","GG50","GG50_3",2.23774560671154
"GH05","GH05","GH05_3",2.41933157229092
"GH06","GH06","GH06_3",2.40592991708235
"GH07","GH07","GH07_3",2.40272006286974
"GH08","GH08","GH08_3",2.39003163280026
"GH09","GH09","GH09_3",2.41151130081987
"GH17","GH17","GH17_3",2.38230019740629
"GH18","GH18","GH18_3",2.3625121312826
"GH19","GH19","GH19_3",2.39610354237536
"GH29","GH29","GH29_3",2.38972297845856
"GH39","GH39","GH39_3",2.38428387876153
"GH49","GH49","GH49_3",2.27964912466286
"GH59","GH59","GH59_3",2.06305679761719
"HA03","HA03","HA03_3",2.62331463647486
"HA04","HA04","HA04_3",2.52439674910483
"HA05","HA05","HA05_3",2.5178997150755
"HA06","HA06","HA06_3",2.23866102216798
"HA07","HA07","HA07_3",2.22466615551232
"HA08","HA08","HA08_3",2.37565023638258
"HA12","HA12","HA12_3",2.69364849786156
"HA13","HA13","HA13_3",2.48921907398122
"HA14","HA14","HA14_3",2.29410341116018
"HA15","HA15","HA15_3",2.16844625408272
"HA16","HA16","HA16_3",2.06368055283724
"HA17","HA17","HA17_3",2.18756175163103
"HA18","HA18","HA18_3",2.43727727519679
"HA22","HA22","HA22_3",2.64184237317735
"HA23","HA23","HA23_3",2.39988847165062
"HA24","HA24","HA24_3",2.07829600699679
"HA25","HA25","HA25_3",2.07638320343818
"HA26","HA26","HA26_3",2.11423130913677
"HA27","HA27","HA27_3",2.43743407295953
"HA31","HA31","HA31_3",2.6957071390637
"HA32","HA32","HA32_3",2.62459424175028
"HA33","HA33","HA33_3",2.34345912997421
"HA34","HA34","HA34_3",2.06353849147478
"HA35","HA35","HA35_3",2.10079540872841
"HA36","HA36","HA36_3",2.35736867038859
"HA41","HA41","HA41_3",2.71013839837423
"HA42","HA42","HA42_3",2.60271594994136
"HA43","HA43","HA43_3",2.3397137619836
"HA44","HA44","HA44_3",2.18824434336498
"HA45","HA45","HA45_3",2.34365767457691
"HA46","HA46","HA46_3",2.62261676060158
"HA51","HA51","HA51_3",2.7325242755503
"HA52","HA52","HA52_3",2.70053939565712
"HA53","HA53","HA53_3",2.55675737630407
"HA54","HA54","HA54_3",2.43366187774885
"HA55","HA55","HA55_3",2.60759551708091
"HA63","HA63","HA63_3",2.70987618563729
"HA64","HA64","HA64_3",2.72512249699988
"HA69","HA69","HA69_3",2.58280257788708
