"","kvadratkod","survey","prec_breeding"
"AD90","AD90","AD90_3",196.760619024112
"AD91","AD91","AD91_3",197.585678964939
"AD92","AD92","AD92_3",205.748814248969
"AD93","AD93","AD93_3",200.670802934712
"AD94","AD94","AD94_3",192.352564954999
"AD95","AD95","AD95_3",191.601454649853
"AD96","AD96","AD96_3",191.727288468553
"AE81","AE81","AE81_3",194.867823344871
"AE82","AE82","AE82_3",195.922467705467
"AE83","AE83","AE83_3",196.500496220999
"AE90","AE90","AE90_3",193.597105822526
"AE91","AE91","AE91_3",192.966362697221
"AE92","AE92","AE92_3",192.690438355417
"AE93","AE93","AE93_3",194.678521931305
"AE94","AE94","AE94_3",196.322081249916
"AE95","AE95","AE95_3",196.315004690952
"AE96","AE96","AE96_3",197.745587450135
"AE97","AE97","AE97_3",202.144468640191
"AE98","AE98","AE98_3",198.854502768896
"AE99","AE99","AE99_3",197.510493685296
"AF81","AF81","AF81_3",190.740688135104
"AF82","AF82","AF82_3",191.597065631795
"AF90","AF90","AF90_3",190.924240502908
"AF91","AF91","AF91_3",193.615506870335
"AF92","AF92","AF92_3",193.665351505975
"AF93","AF93","AF93_3",195.333174067195
"AF94","AF94","AF94_3",195.535244848208
"AF95","AF95","AF95_3",198.213967456488
"AF96","AF96","AF96_3",199.018140055844
"AF97","AF97","AF97_3",194.862985441888
"AF98","AF98","AF98_3",193.483751985964
"AF99","AF99","AF99_3",193.708406372519
"BC10","BC10","BC10_3",201.727877865982
"BC11","BC11","BC11_3",201.030281188321
"BC20","BC20","BC20_3",194.359551816398
"BC21","BC21","BC21_3",198.812263774321
"BC22","BC22","BC22_3",202.226590937683
"BC23","BC23","BC23_3",200.544047411098
"BC30","BC30","BC30_3",200.472878158155
"BC31","BC31","BC31_3",197.033192036031
"BC32","BC32","BC32_3",200.263648147133
"BC33","BC33","BC33_3",205.108533149164
"BC34","BC34","BC34_3",201.702029407936
"BC40","BC40","BC40_3",206.389785830476
"BC41","BC41","BC41_3",203.186060169045
"BC42","BC42","BC42_3",201.280532769565
"BC43","BC43","BC43_3",206.206414850281
"BC44","BC44","BC44_3",203.679526676781
"BC45","BC45","BC45_3",205.42511123908
"BC50","BC50","BC50_3",201.147377338603
"BC51","BC51","BC51_3",199.758431399167
"BC52","BC52","BC52_3",205.058521888833
"BC53","BC53","BC53_3",204.656501393577
"BC54","BC54","BC54_3",205.868754508434
"BC55","BC55","BC55_3",209.842942937096
"BC56","BC56","BC56_3",209.963045111817
"BC60","BC60","BC60_3",214.59841584715
"BC61","BC61","BC61_3",197.610050629563
"BC62","BC62","BC62_3",202.242989944298
"BC63","BC63","BC63_3",200.06060318308
"BC64","BC64","BC64_3",195.382233109916
"BC65","BC65","BC65_3",201.218375626138
"BC70","BC70","BC70_3",203.743395736602
"BC71","BC71","BC71_3",205.767038912696
"BC72","BC72","BC72_3",203.569752373166
"BC73","BC73","BC73_3",203.313259621139
"BC74","BC74","BC74_3",205.381012961473
"BC75","BC75","BC75_3",202.980099387879
"BC80","BC80","BC80_3",202.804406955801
"BC81","BC81","BC81_3",211.391118329013
"BC82","BC82","BC82_3",206.283757729672
"BC83","BC83","BC83_3",203.401908803944
"BC84","BC84","BC84_3",208.434739335038
"BC85","BC85","BC85_3",208.976188773932
"BC86","BC86","BC86_3",207.012093858407
"BC91","BC91","BC91_3",204.810761912713
"BC92","BC92","BC92_3",205.257770050349
"BC93","BC93","BC93_3",207.582425435347
"BC94","BC94","BC94_3",205.583478485001
"BC95","BC95","BC95_3",206.877812930514
"BC96","BC96","BC96_3",209.484180903601
"BD00","BD00","BD00_3",202.148711337698
"BD01","BD01","BD01_3",203.410674473185
"BD02","BD02","BD02_3",207.754103528405
"BD03","BD03","BD03_3",201.037937027978
"BD04","BD04","BD04_3",195.493439625
"BD05","BD05","BD05_3",192.027289970291
"BD06","BD06","BD06_3",192.071041527756
"BD07","BD07","BD07_3",192.014200336059
"BD08","BD08","BD08_3",191.929664609797
"BD09","BD09","BD09_3",196.271671315039
"BD10","BD10","BD10_3",207.660795662271
"BD11","BD11","BD11_3",208.604115680498
"BD12","BD12","BD12_3",207.424999981197
"BD13","BD13","BD13_3",205.574337226572
"BD14","BD14","BD14_3",195.983512838967
"BD16","BD16","BD16_3",206.343235802713
"BD17","BD17","BD17_3",216.251489613184
"BD18","BD18","BD18_3",200.589048614312
"BD19","BD19","BD19_3",195.396435460136
"BD20","BD20","BD20_3",215.762519935906
"BD21","BD21","BD21_3",217.004577966036
"BD22","BD22","BD22_3",209.937968781542
"BD23","BD23","BD23_3",214.049477877796
"BD24","BD24","BD24_3",199.313093406143
"BD26","BD26","BD26_3",203.400103046142
"BD27","BD27","BD27_3",212.37237190795
"BD28","BD28","BD28_3",204.29198346007
"BD29","BD29","BD29_3",198.692322973544
"BD30","BD30","BD30_3",224.565721873158
"BD31","BD31","BD31_3",219.029012908931
"BD32","BD32","BD32_3",212.270202238167
"BD33","BD33","BD33_3",199.458455207863
"BD34","BD34","BD34_3",210.713360997626
"BD35","BD35","BD35_3",211.038890827881
"BD36","BD36","BD36_3",204.069548598356
"BD37","BD37","BD37_3",192.720242743358
"BD38","BD38","BD38_3",190.500813332284
"BD39","BD39","BD39_3",198.234210988821
"BD40","BD40","BD40_3",227.012095986431
"BD41","BD41","BD41_3",216.658075527866
"BD42","BD42","BD42_3",208.559480146618
"BD43","BD43","BD43_3",209.853440456559
"BD44","BD44","BD44_3",211.319338942027
"BD45","BD45","BD45_3",214.102120681493
"BD46","BD46","BD46_3",202.804429151635
"BD47","BD47","BD47_3",201.61624040056
"BD48","BD48","BD48_3",198.16170048883
"BD49","BD49","BD49_3",199.671797134801
"BD50","BD50","BD50_3",226.304748109606
"BD51","BD51","BD51_3",212.294174303153
"BD52","BD52","BD52_3",208.64138325602
"BD53","BD53","BD53_3",212.256622154845
"BD54","BD54","BD54_3",210.317348915639
"BD55","BD55","BD55_3",205.465804104713
"BD56","BD56","BD56_3",207.465913769636
"BD57","BD57","BD57_3",212.731928677975
"BD58","BD58","BD58_3",214.992379407546
"BD59","BD59","BD59_3",200.627979893635
"BD60","BD60","BD60_3",220.841616849911
"BD61","BD61","BD61_3",217.176524466754
"BD62","BD62","BD62_3",216.09275560084
"BD63","BD63","BD63_3",216.438505791755
"BD64","BD64","BD64_3",224.292342480509
"BD65","BD65","BD65_3",210.672950025666
"BD66","BD66","BD66_3",211.888728535763
"BD67","BD67","BD67_3",215.138762222203
"BD68","BD68","BD68_3",214.585868859343
"BD69","BD69","BD69_3",207.32889298055
"BD70","BD70","BD70_3",236.136400389483
"BD71","BD71","BD71_3",230.604386103794
"BD72","BD72","BD72_3",220.4609423911
"BD73","BD73","BD73_3",215.594483095189
"BD74","BD74","BD74_3",217.085472450854
"BD75","BD75","BD75_3",215.198537280296
"BD76","BD76","BD76_3",207.905122843199
"BD77","BD77","BD77_3",207.736544642113
"BD78","BD78","BD78_3",205.170935231442
"BD79","BD79","BD79_3",209.36685100717
"BD80","BD80","BD80_3",222.817273292962
"BD81","BD81","BD81_3",212.382154626181
"BD82","BD82","BD82_3",217.846460409423
"BD83","BD83","BD83_3",216.438314199263
"BD84","BD84","BD84_3",223.269411344251
"BD85","BD85","BD85_3",217.862962094816
"BD86","BD86","BD86_3",211.822371247273
"BD87","BD87","BD87_3",213.844944818288
"BD88","BD88","BD88_3",202.810030566174
"BD89","BD89","BD89_3",201.793145647726
"BD90","BD90","BD90_3",210.683514387874
"BD91","BD91","BD91_3",210.885275422342
"BD92","BD92","BD92_3",212.759838184805
"BD93","BD93","BD93_3",215.437875914625
"BD94","BD94","BD94_3",221.487962580943
"BD95","BD95","BD95_3",213.956344869191
"BD96","BD96","BD96_3",216.533054526164
"BD97","BD97","BD97_3",216.081447323428
"BD98","BD98","BD98_3",207.172553739235
"BD99","BD99","BD99_3",211.186279053618
"BE02","BE02","BE02_3",198.347716533802
"BE03","BE03","BE03_3",200.107435438169
"BE04","BE04","BE04_3",199.084068738517
"BE05","BE05","BE05_3",200.866795753853
"BE06","BE06","BE06_3",202.651291142184
"BE07","BE07","BE07_3",201.714413408433
"BE08","BE08","BE08_3",200.127388893883
"BE09","BE09","BE09_3",202.727285594781
"BE10","BE10","BE10_3",203.672992289516
"BE11","BE11","BE11_3",204.413053639592
"BE12","BE12","BE12_3",206.10794084594
"BE13","BE13","BE13_3",208.327731045719
"BE14","BE14","BE14_3",210.135817387721
"BE15","BE15","BE15_3",210.187588690523
"BE16","BE16","BE16_3",212.624139969635
"BE17","BE17","BE17_3",209.734046604492
"BE18","BE18","BE18_3",207.598440649969
"BE19","BE19","BE19_3",210.188230750227
"BE20","BE20","BE20_3",213.134988338778
"BE21","BE21","BE21_3",219.434149591609
"BE22","BE22","BE22_3",224.342865419048
"BE23","BE23","BE23_3",221.358388218608
"BE24","BE24","BE24_3",221.58183416138
"BE25","BE25","BE25_3",223.817961972878
"BE26","BE26","BE26_3",222.817037214464
"BE27","BE27","BE27_3",221.440636127285
"BE28","BE28","BE28_3",216.130881800995
"BE29","BE29","BE29_3",212.926371263821
"BE30","BE30","BE30_3",218.929688619035
"BE31","BE31","BE31_3",224.746939082709
"BE32","BE32","BE32_3",230.684823114327
"BE33","BE33","BE33_3",227.730197223302
"BE34","BE34","BE34_3",222.422934285219
"BE35","BE35","BE35_3",217.69492365748
"BE36","BE36","BE36_3",226.339225242225
"BE37","BE37","BE37_3",223.499639074453
"BE38","BE38","BE38_3",222.61929892467
"BE39","BE39","BE39_3",218.060632690205
"BE40","BE40","BE40_3",225.019725861361
"BE41","BE41","BE41_3",226.063758782733
"BE42","BE42","BE42_3",222.471019406973
"BE43","BE43","BE43_3",227.171751777936
"BE44","BE44","BE44_3",230.728386310821
"BE45","BE45","BE45_3",231.956673423796
"BE46","BE46","BE46_3",228.760884800532
"BE47","BE47","BE47_3",227.782748910133
"BE48","BE48","BE48_3",222.557218371578
"BE49","BE49","BE49_3",221.730482279255
"BE50","BE50","BE50_3",231.265055503471
"BE51","BE51","BE51_3",231.09111452422
"BE52","BE52","BE52_3",223.814619460947
"BE53","BE53","BE53_3",219.58170397407
"BE54","BE54","BE54_3",225.562673876897
"BE55","BE55","BE55_3",238.26423241354
"BE56","BE56","BE56_3",234.084131741091
"BE57","BE57","BE57_3",223.875203394622
"BE58","BE58","BE58_3",223.66238708725
"BE59","BE59","BE59_3",228.507972185724
"BE60","BE60","BE60_3",231.215183754925
"BE61","BE61","BE61_3",227.808239557288
"BE62","BE62","BE62_3",229.756211076128
"BE63","BE63","BE63_3",227.813429238612
"BE64","BE64","BE64_3",226.71701703531
"BE65","BE65","BE65_3",220.754331805719
"BE66","BE66","BE66_3",224.057272057017
"BE67","BE67","BE67_3",231.112733970039
"BE68","BE68","BE68_3",223.568214447078
"BE69","BE69","BE69_3",227.541177778809
"BE70","BE70","BE70_3",236.325329868378
"BE71","BE71","BE71_3",237.432652927085
"BE72","BE72","BE72_3",241.817645185208
"BE73","BE73","BE73_3",238.107528052697
"BE74","BE74","BE74_3",238.72009555273
"BE75","BE75","BE75_3",230.763783363889
"BE76","BE76","BE76_3",225.989562517993
"BE77","BE77","BE77_3",223.766733818663
"BE78","BE78","BE78_3",223.00501230938
"BE79","BE79","BE79_3",225.526854916387
"BE80","BE80","BE80_3",233.785583527287
"BE81","BE81","BE81_3",239.267397134687
"BE82","BE82","BE82_3",239.800155976931
"BE83","BE83","BE83_3",230.989081975654
"BE84","BE84","BE84_3",229.275499966013
"BE85","BE85","BE85_3",227.300038193627
"BE86","BE86","BE86_3",223.138442231013
"BE87","BE87","BE87_3",223.495993308913
"BE88","BE88","BE88_3",225.012002544941
"BE89","BE89","BE89_3",230.114589199618
"BE90","BE90","BE90_3",234.748520128538
"BE91","BE91","BE91_3",230.184458612575
"BE92","BE92","BE92_3",231.132380108605
"BE93","BE93","BE93_3",229.296736450701
"BE94","BE94","BE94_3",226.159144780399
"BE95","BE95","BE95_3",226.135871021371
"BE96","BE96","BE96_3",227.07563552415
"BE97","BE97","BE97_3",228.404204222868
"BE98","BE98","BE98_3",225.446502886145
"BE99","BE99","BE99_3",221.507799178114
"BF00","BF00","BF00_3",194.225232376303
"BF01","BF01","BF01_3",192.01674822379
"BF02","BF02","BF02_3",194.356542167044
"BF03","BF03","BF03_3",200.481820609322
"BF04","BF04","BF04_3",193.187141635158
"BF05","BF05","BF05_3",200.383947743883
"BF06","BF06","BF06_3",195.365847210758
"BF07","BF07","BF07_3",195.426547072054
"BF08","BF08","BF08_3",196.46303881022
"BF10","BF10","BF10_3",201.716842469042
"BF11","BF11","BF11_3",206.126720322059
"BF12","BF12","BF12_3",199.587221820231
"BF13","BF13","BF13_3",199.663382401977
"BF14","BF14","BF14_3",205.891160997199
"BF15","BF15","BF15_3",204.489711262316
"BF16","BF16","BF16_3",203.145737889995
"BF17","BF17","BF17_3",204.229628754632
"BF18","BF18","BF18_3",202.611918832589
"BF20","BF20","BF20_3",209.906182161715
"BF21","BF21","BF21_3",208.205871680824
"BF22","BF22","BF22_3",203.339853389819
"BF23","BF23","BF23_3",208.509933442912
"BF24","BF24","BF24_3",213.284843583163
"BF25","BF25","BF25_3",213.677460256474
"BF26","BF26","BF26_3",212.119453012543
"BF27","BF27","BF27_3",212.341300092139
"BF28","BF28","BF28_3",211.616652403848
"BF29","BF29","BF29_3",208.511085805278
"BF30","BF30","BF30_3",217.76654753168
"BF31","BF31","BF31_3",212.623819998453
"BF32","BF32","BF32_3",216.845163200172
"BF33","BF33","BF33_3",216.458014668726
"BF34","BF34","BF34_3",219.506375983096
"BF35","BF35","BF35_3",220.97170497899
"BF36","BF36","BF36_3",221.756335062863
"BF37","BF37","BF37_3",223.418551426898
"BF38","BF38","BF38_3",220.194967286615
"BF39","BF39","BF39_3",214.955984230943
"BF40","BF40","BF40_3",221.002342766238
"BF41","BF41","BF41_3",218.98544745804
"BF42","BF42","BF42_3",222.129140250265
"BF43","BF43","BF43_3",213.256904593216
"BF44","BF44","BF44_3",215.007717731019
"BF45","BF45","BF45_3",220.56105898866
"BF46","BF46","BF46_3",227.038725942752
"BF47","BF47","BF47_3",224.458790193191
"BF48","BF48","BF48_3",220.092987605407
"BF49","BF49","BF49_3",220.792215901034
"BF50","BF50","BF50_3",218.994126717774
"BF51","BF51","BF51_3",225.728833311021
"BF52","BF52","BF52_3",223.42302163201
"BF53","BF53","BF53_3",224.101641461317
"BF54","BF54","BF54_3",225.152402966439
"BF55","BF55","BF55_3",225.920323912009
"BF56","BF56","BF56_3",222.707580641587
"BF57","BF57","BF57_3",228.886784096507
"BF58","BF58","BF58_3",224.298429118163
"BF59","BF59","BF59_3",226.500651393418
"BF60","BF60","BF60_3",225.271201264483
"BF61","BF61","BF61_3",226.147528874883
"BF62","BF62","BF62_3",231.707567652628
"BF63","BF63","BF63_3",230.39394048795
"BF64","BF64","BF64_3",229.229315257537
"BF65","BF65","BF65_3",227.721583819379
"BF66","BF66","BF66_3",227.682998614814
"BF67","BF67","BF67_3",224.923209830394
"BF68","BF68","BF68_3",226.78036992234
"BF69","BF69","BF69_3",231.349623102907
"BF70","BF70","BF70_3",237.660980184997
"BF71","BF71","BF71_3",233.273328068756
"BF72","BF72","BF72_3",234.121957919331
"BF73","BF73","BF73_3",236.131796409264
"BF74","BF74","BF74_3",234.227673936577
"BF75","BF75","BF75_3",232.707802409454
"BF76","BF76","BF76_3",230.773723892306
"BF77","BF77","BF77_3",230.378648266888
"BF78","BF78","BF78_3",234.945445265855
"BF79","BF79","BF79_3",232.296000593016
"BF80","BF80","BF80_3",239.792392745008
"BF81","BF81","BF81_3",244.61740470562
"BF82","BF82","BF82_3",242.697696921574
"BF83","BF83","BF83_3",239.47362555883
"BF84","BF84","BF84_3",238.401424463857
"BF85","BF85","BF85_3",238.91172421221
"BF86","BF86","BF86_3",237.99386344259
"BF87","BF87","BF87_3",237.021945283495
"BF88","BF88","BF88_3",240.872486382479
"BF89","BF89","BF89_3",235.461788775377
"BF90","BF90","BF90_3",246.112263865421
"BF91","BF91","BF91_3",248.609513223465
"BF92","BF92","BF92_3",243.274547888858
"BF93","BF93","BF93_3",242.872663257669
"BF94","BF94","BF94_3",247.497479143545
"BF95","BF95","BF95_3",240.906452223037
"BF96","BF96","BF96_3",240.35954856415
"BF97","BF97","BF97_3",237.853466675499
"BF98","BF98","BF98_3",236.100896860484
"BF99","BF99","BF99_3",232.800289072726
"BG09","BG09","BG09_3",195.927965739898
"BG19","BG19","BG19_3",198.367615569039
"BG26","BG26","BG26_3",209.44382220971
"BG27","BG27","BG27_3",208.871732791414
"BG28","BG28","BG28_3",205.5023076304
"BG29","BG29","BG29_3",206.499242313234
"BG30","BG30","BG30_3",208.11064499615
"BG31","BG31","BG31_3",208.956710778633
"BG32","BG32","BG32_3",208.978023234411
"BG33","BG33","BG33_3",208.824813609448
"BG36","BG36","BG36_3",208.971089877693
"BG37","BG37","BG37_3",205.402209365069
"BG38","BG38","BG38_3",204.90335609176
"BG39","BG39","BG39_3",215.855805080054
"BG40","BG40","BG40_3",210.712379217276
"BG41","BG41","BG41_3",212.590499318277
"BG42","BG42","BG42_3",211.937249310603
"BG43","BG43","BG43_3",211.642079275694
"BG45","BG45","BG45_3",213.073613089237
"BG48","BG48","BG48_3",215.281729282646
"BG49","BG49","BG49_3",216.062373057405
"BG50","BG50","BG50_3",223.777751480238
"BG51","BG51","BG51_3",219.878570061906
"BG52","BG52","BG52_3",219.648894814271
"BG53","BG53","BG53_3",220.844805233573
"BG54","BG54","BG54_3",220.614182861959
"BG55","BG55","BG55_3",221.142501566429
"BG56","BG56","BG56_3",220.896101309298
"BG57","BG57","BG57_3",221.226465068078
"BG58","BG58","BG58_3",222.133178616014
"BG59","BG59","BG59_3",218.678751822903
"BG60","BG60","BG60_3",222.893828892735
"BG61","BG61","BG61_3",223.675934216384
"BG62","BG62","BG62_3",226.848411792913
"BG63","BG63","BG63_3",226.808947674585
"BG64","BG64","BG64_3",227.847990295373
"BG65","BG65","BG65_3",228.157503793247
"BG66","BG66","BG66_3",224.639613481558
"BG67","BG67","BG67_3",226.901745413627
"BG68","BG68","BG68_3",231.548893008719
"BG69","BG69","BG69_3",228.72146402123
"BG70","BG70","BG70_3",230.83662840913
"BG71","BG71","BG71_3",231.919820863551
"BG72","BG72","BG72_3",238.224244755664
"BG73","BG73","BG73_3",235.649204006456
"BG74","BG74","BG74_3",236.612563288841
"BG75","BG75","BG75_3",234.681181752745
"BG76","BG76","BG76_3",230.338318078661
"BG77","BG77","BG77_3",232.884799688235
"BG78","BG78","BG78_3",235.057588975858
"BG79","BG79","BG79_3",236.196394313748
"BG80","BG80","BG80_3",241.298827539732
"BG81","BG81","BG81_3",249.91541632656
"BG82","BG82","BG82_3",242.974353490871
"BG83","BG83","BG83_3",241.814073971972
"BG84","BG84","BG84_3",246.504450794817
"BG85","BG85","BG85_3",234.85325537086
"BG86","BG86","BG86_3",238.93752227753
"BG87","BG87","BG87_3",241.052265305855
"BG88","BG88","BG88_3",241.239053346483
"BG89","BG89","BG89_3",247.087472418649
"BG90","BG90","BG90_3",243.229106598159
"BG91","BG91","BG91_3",240.97577297459
"BG92","BG92","BG92_3",248.226551006924
"BG93","BG93","BG93_3",249.418750789335
"BG94","BG94","BG94_3",241.382973763092
"BG95","BG95","BG95_3",241.103245277515
"BG96","BG96","BG96_3",251.001273422409
"BG97","BG97","BG97_3",248.706734281727
"BG98","BG98","BG98_3",242.956168025388
"BG99","BG99","BG99_3",251.006206236505
"BH49","BH49","BH49_3",210.666666666667
"BH57","BH57","BH57_3",219.224551618389
"BH58","BH58","BH58_3",223.934250775609
"BH59","BH59","BH59_3",225.618938130906
"BH66","BH66","BH66_3",223.473658101371
"BH67","BH67","BH67_3",223.643428003905
"BH68","BH68","BH68_3",225.462210550143
"BH69","BH69","BH69_3",223.812769713
"BH76","BH76","BH76_3",230.258020299793
"BH77","BH77","BH77_3",231.831208083424
"BH78","BH78","BH78_3",236.553785551889
"BH79","BH79","BH79_3",233.476761798702
"BH86","BH86","BH86_3",237.401364677635
"BH87","BH87","BH87_3",235.935251340575
"BH88","BH88","BH88_3",238.017591041952
"BH89","BH89","BH89_3",239.008573568934
"BH96","BH96","BH96_3",244.248634637467
"BH97","BH97","BH97_3",245.404933156523
"BH98","BH98","BH98_3",243.977236103225
"BH99","BH99","BH99_3",245.149930564825
"CB70","CB70","CB70_3",200.74925703887
"CB80","CB80","CB80_3",193.041097595519
"CB81","CB81","CB81_3",191.380147210677
"CB82","CB82","CB82_3",192.691339806583
"CB90","CB90","CB90_3",188.684563311535
"CB91","CB91","CB91_3",191.612413291244
"CB92","CB92","CB92_3",191.082577297934
"CB93","CB93","CB93_3",194.613019514202
"CB94","CB94","CB94_3",186.373565364366
"CC01","CC01","CC01_3",209.06109511853
"CC03","CC03","CC03_3",207.009291563393
"CC04","CC04","CC04_3",205.951092713972
"CC05","CC05","CC05_3",203.311585875476
"CC06","CC06","CC06_3",209.222465239329
"CC10","CC10","CC10_3",207.272030289975
"CC11","CC11","CC11_3",207.077235807748
"CC14","CC14","CC14_3",204.444527214834
"CC15","CC15","CC15_3",206.259906749993
"CC16","CC16","CC16_3",205.453992955924
"CC20","CC20","CC20_3",210.594206796635
"CC21","CC21","CC21_3",217.287982724154
"CC22","CC22","CC22_3",207.783308787706
"CC23","CC23","CC23_3",206.31089882345
"CC24","CC24","CC24_3",207.262164650271
"CC25","CC25","CC25_3",206.009785295445
"CC26","CC26","CC26_3",204.238219443435
"CC30","CC30","CC30_3",210.411744807602
"CC31","CC31","CC31_3",208.535074289658
"CC32","CC32","CC32_3",213.275023518066
"CC33","CC33","CC33_3",206.691760130544
"CC34","CC34","CC34_3",213.452318281826
"CC35","CC35","CC35_3",216.376306255275
"CC36","CC36","CC36_3",213.247801108009
"CC40","CC40","CC40_3",212.773952991384
"CC41","CC41","CC41_3",210.421794978006
"CC42","CC42","CC42_3",201.262845141789
"CC43","CC43","CC43_3",201.120579261909
"CC44","CC44","CC44_3",205.97120525077
"CC45","CC45","CC45_3",212.981828678743
"CC46","CC46","CC46_3",203.827730299245
"CC47","CC47","CC47_3",194.105824469604
"CC50","CC50","CC50_3",213.707185613455
"CC51","CC51","CC51_3",213.017626516693
"CC52","CC52","CC52_3",210.672310126113
"CC53","CC53","CC53_3",207.886864835277
"CC54","CC54","CC54_3",203.91325460565
"CC55","CC55","CC55_3",200.761148637024
"CC56","CC56","CC56_3",197.411540762357
"CC57","CC57","CC57_3",200.626177967566
"CC60","CC60","CC60_3",200.988010105418
"CC61","CC61","CC61_3",202.158136789968
"CC62","CC62","CC62_3",199.044906870187
"CC63","CC63","CC63_3",201.147813740547
"CC64","CC64","CC64_3",200.356051829754
"CC65","CC65","CC65_3",196.839450062998
"CC66","CC66","CC66_3",195.359472110928
"CC67","CC67","CC67_3",203.195668725741
"CC68","CC68","CC68_3",201.885529303378
"CC70","CC70","CC70_3",209.145496688545
"CC71","CC71","CC71_3",209.79436182212
"CC72","CC72","CC72_3",206.750758010872
"CC73","CC73","CC73_3",196.839195569788
"CC74","CC74","CC74_3",200.984311844899
"CC75","CC75","CC75_3",199.618130270597
"CC76","CC76","CC76_3",199.909929965571
"CC77","CC77","CC77_3",198.520834169038
"CC78","CC78","CC78_3",198.423899653828
"CC79","CC79","CC79_3",200.70084747765
"CC80","CC80","CC80_3",210.157271120637
"CC81","CC81","CC81_3",214.152596432399
"CC82","CC82","CC82_3",214.15663211258
"CC83","CC83","CC83_3",203.335443327756
"CC84","CC84","CC84_3",201.939956156172
"CC85","CC85","CC85_3",201.299382289992
"CC86","CC86","CC86_3",199.510358016066
"CC87","CC87","CC87_3",195.825060797365
"CC88","CC88","CC88_3",192.687441750603
"CC89","CC89","CC89_3",196.383319791345
"CC90","CC90","CC90_3",207.02911563119
"CC91","CC91","CC91_3",203.344512172379
"CC92","CC92","CC92_3",196.477534860665
"CC93","CC93","CC93_3",199.630772213498
"CC94","CC94","CC94_3",195.180336174632
"CC95","CC95","CC95_3",196.374246682624
"CC96","CC96","CC96_3",199.659396341914
"CC97","CC97","CC97_3",197.503324646307
"CC98","CC98","CC98_3",194.514214519707
"CC99","CC99","CC99_3",190.640341593457
"CD00","CD00","CD00_3",223.961557544732
"CD01","CD01","CD01_3",227.734928236674
"CD02","CD02","CD02_3",219.539453580705
"CD03","CD03","CD03_3",211.227542488588
"CD04","CD04","CD04_3",205.770112053996
"CD05","CD05","CD05_3",209.694552829902
"CD06","CD06","CD06_3",218.964794743346
"CD07","CD07","CD07_3",207.168943067202
"CD08","CD08","CD08_3",211.768391277561
"CD09","CD09","CD09_3",209.516549634786
"CD10","CD10","CD10_3",223.445929641297
"CD11","CD11","CD11_3",216.894888545921
"CD12","CD12","CD12_3",217.188076226874
"CD13","CD13","CD13_3",215.530392315613
"CD14","CD14","CD14_3",213.060445506897
"CD15","CD15","CD15_3",205.093538405472
"CD16","CD16","CD16_3",207.333881220991
"CD17","CD17","CD17_3",207.82071077745
"CD18","CD18","CD18_3",205.675613930224
"CD20","CD20","CD20_3",217.274135932199
"CD21","CD21","CD21_3",215.116237520184
"CD22","CD22","CD22_3",207.178215479596
"CD23","CD23","CD23_3",213.879785596382
"CD24","CD24","CD24_3",220.317484871237
"CD25","CD25","CD25_3",208.936314861604
"CD26","CD26","CD26_3",212.124490667992
"CD27","CD27","CD27_3",205.14569177243
"CD28","CD28","CD28_3",211.405804001176
"CD29","CD29","CD29_3",215.388843017656
"CD30","CD30","CD30_3",213.784988215169
"CD31","CD31","CD31_3",209.132107021983
"CD32","CD32","CD32_3",215.432592774566
"CD33","CD33","CD33_3",208.974773861614
"CD34","CD34","CD34_3",208.12058903341
"CD35","CD35","CD35_3",206.432247921668
"CD36","CD36","CD36_3",208.762217871928
"CD37","CD37","CD37_3",217.786010024705
"CD38","CD38","CD38_3",218.362817596406
"CD39","CD39","CD39_3",210.270094973548
"CD40","CD40","CD40_3",200.881297295198
"CD41","CD41","CD41_3",216.313708206594
"CD42","CD42","CD42_3",216.87892698179
"CD43","CD43","CD43_3",205.123176643156
"CD44","CD44","CD44_3",219.555777613367
"CD45","CD45","CD45_3",221.712876780034
"CD46","CD46","CD46_3",217.089353772264
"CD47","CD47","CD47_3",213.800953469405
"CD48","CD48","CD48_3",209.061235486124
"CD49","CD49","CD49_3",208.656855110395
"CD50","CD50","CD50_3",208.450486316706
"CD51","CD51","CD51_3",213.157630450314
"CD52","CD52","CD52_3",213.498051421865
"CD53","CD53","CD53_3",209.797812272791
"CD54","CD54","CD54_3",211.239565877774
"CD55","CD55","CD55_3",211.309655181852
"CD56","CD56","CD56_3",208.93065627216
"CD57","CD57","CD57_3",210.761764229696
"CD58","CD58","CD58_3",209.575804402248
"CD59","CD59","CD59_3",215.074046737048
"CD60","CD60","CD60_3",213.020268513798
"CD61","CD61","CD61_3",215.113211822925
"CD62","CD62","CD62_3",208.527231959157
"CD63","CD63","CD63_3",203.718894211672
"CD64","CD64","CD64_3",212.443520148173
"CD65","CD65","CD65_3",211.798789830937
"CD66","CD66","CD66_3",208.233994589411
"CD67","CD67","CD67_3",207.986538195529
"CD68","CD68","CD68_3",207.630941098946
"CD69","CD69","CD69_3",207.028636934359
"CD70","CD70","CD70_3",210.379861160298
"CD71","CD71","CD71_3",202.132675226354
"CD72","CD72","CD72_3",208.12993146794
"CD73","CD73","CD73_3",205.153613174878
"CD74","CD74","CD74_3",206.021136127482
"CD75","CD75","CD75_3",210.791666559069
"CD76","CD76","CD76_3",205.812592672282
"CD77","CD77","CD77_3",212.947545207747
"CD78","CD78","CD78_3",208.42925084989
"CD79","CD79","CD79_3",207.729019314513
"CD80","CD80","CD80_3",214.561344534716
"CD81","CD81","CD81_3",196.635602980787
"CD82","CD82","CD82_3",205.49699512764
"CD83","CD83","CD83_3",200.8098100672
"CD84","CD84","CD84_3",202.456367320649
"CD85","CD85","CD85_3",209.596324971755
"CD86","CD86","CD86_3",208.081014686231
"CD87","CD87","CD87_3",216.679583377557
"CD88","CD88","CD88_3",208.932768104637
"CD89","CD89","CD89_3",208.652863571825
"CD90","CD90","CD90_3",201.359174981851
"CD91","CD91","CD91_3",201.016921104231
"CD92","CD92","CD92_3",209.864607191614
"CD93","CD93","CD93_3",198.444925718897
"CD94","CD94","CD94_3",210.56104744814
"CD95","CD95","CD95_3",205.214715193349
"CD96","CD96","CD96_3",210.791639090378
"CD97","CD97","CD97_3",209.335202169446
"CD98","CD98","CD98_3",211.971878822905
"CD99","CD99","CD99_3",209.457823977439
"CE00","CE00","CE00_3",236.26109067078
"CE01","CE01","CE01_3",233.851581407935
"CE02","CE02","CE02_3",228.84149814831
"CE03","CE03","CE03_3",229.715529813748
"CE04","CE04","CE04_3",230.183234357181
"CE05","CE05","CE05_3",226.576908701315
"CE06","CE06","CE06_3",228.646085755597
"CE07","CE07","CE07_3",227.815971912875
"CE08","CE08","CE08_3",223.235742626326
"CE09","CE09","CE09_3",216.322826717284
"CE10","CE10","CE10_3",232.278730898568
"CE11","CE11","CE11_3",235.986746853132
"CE12","CE12","CE12_3",232.30582540012
"CE13","CE13","CE13_3",230.812957682677
"CE14","CE14","CE14_3",231.749715812248
"CE15","CE15","CE15_3",228.151969491443
"CE16","CE16","CE16_3",229.209755069368
"CE17","CE17","CE17_3",223.450097310103
"CE18","CE18","CE18_3",216.319925614167
"CE19","CE19","CE19_3",223.958059439178
"CE20","CE20","CE20_3",232.499219100739
"CE21","CE21","CE21_3",234.526194846421
"CE22","CE22","CE22_3",238.20806442114
"CE23","CE23","CE23_3",230.491320855492
"CE24","CE24","CE24_3",226.852019549699
"CE25","CE25","CE25_3",227.014991213997
"CE26","CE26","CE26_3",223.023013885469
"CE27","CE27","CE27_3",218.778471704378
"CE28","CE28","CE28_3",226.75057416882
"CE29","CE29","CE29_3",228.352077509287
"CE30","CE30","CE30_3",232.283194739106
"CE31","CE31","CE31_3",228.927033198039
"CE32","CE32","CE32_3",229.851365791646
"CE33","CE33","CE33_3",229.760871485216
"CE34","CE34","CE34_3",230.477686816442
"CE35","CE35","CE35_3",223.47571885677
"CE36","CE36","CE36_3",225.788934909217
"CE37","CE37","CE37_3",222.578301668063
"CE38","CE38","CE38_3",225.54272550986
"CE39","CE39","CE39_3",221.126936652044
"CE40","CE40","CE40_3",234.938253401492
"CE41","CE41","CE41_3",232.432292238357
"CE42","CE42","CE42_3",231.67202955401
"CE43","CE43","CE43_3",229.944298509916
"CE44","CE44","CE44_3",226.548137991917
"CE45","CE45","CE45_3",220.653190972479
"CE46","CE46","CE46_3",219.219096327102
"CE47","CE47","CE47_3",215.147404371501
"CE48","CE48","CE48_3",214.551381638879
"CE49","CE49","CE49_3",205.281165395042
"CE50","CE50","CE50_3",232.799771679288
"CE51","CE51","CE51_3",227.936579157801
"CE52","CE52","CE52_3",223.785355440094
"CE53","CE53","CE53_3",227.497923523117
"CE54","CE54","CE54_3",214.658366838956
"CE55","CE55","CE55_3",218.438937245024
"CE56","CE56","CE56_3",209.625176056223
"CE57","CE57","CE57_3",209.115722198873
"CE58","CE58","CE58_3",204.818088665597
"CE59","CE59","CE59_3",204.77761586489
"CE60","CE60","CE60_3",223.51375420943
"CE61","CE61","CE61_3",221.786185767606
"CE62","CE62","CE62_3",217.622553729643
"CE63","CE63","CE63_3",222.744809425819
"CE64","CE64","CE64_3",198.974088670585
"CE65","CE65","CE65_3",206.189795371462
"CE66","CE66","CE66_3",208.582393289922
"CE67","CE67","CE67_3",211.855850812702
"CE68","CE68","CE68_3",209.5359186501
"CE69","CE69","CE69_3",215.000594744933
"CE70","CE70","CE70_3",228.267237895985
"CE71","CE71","CE71_3",228.469572184552
"CE72","CE72","CE72_3",208.617724601653
"CE73","CE73","CE73_3",215.565320432107
"CE74","CE74","CE74_3",207.734089582199
"CE75","CE75","CE75_3",213.292924959387
"CE76","CE76","CE76_3",215.927030045225
"CE77","CE77","CE77_3",203.615938474286
"CE78","CE78","CE78_3",199.385847791542
"CE79","CE79","CE79_3",203.960004388667
"CE80","CE80","CE80_3",209.474307164307
"CE81","CE81","CE81_3",203.44485233133
"CE82","CE82","CE82_3",204.256259965302
"CE83","CE83","CE83_3",216.385845776207
"CE84","CE84","CE84_3",215.735529828396
"CE85","CE85","CE85_3",208.783354161081
"CE86","CE86","CE86_3",203.120307944525
"CE87","CE87","CE87_3",202.718457811606
"CE88","CE88","CE88_3",210.083786559992
"CE89","CE89","CE89_3",206.790621356013
"CE90","CE90","CE90_3",219.623665103439
"CE91","CE91","CE91_3",212.588531738027
"CE92","CE92","CE92_3",201.557640027402
"CE93","CE93","CE93_3",206.330021390909
"CE94","CE94","CE94_3",220.676807246505
"CE95","CE95","CE95_3",219.999980613835
"CE96","CE96","CE96_3",205.487006328093
"CE97","CE97","CE97_3",209.920587559592
"CE98","CE98","CE98_3",212.840000153269
"CE99","CE99","CE99_3",207.926660404298
"CF00","CF00","CF00_3",241.607626572511
"CF01","CF01","CF01_3",252.506304212455
"CF02","CF02","CF02_3",249.141712684002
"CF03","CF03","CF03_3",245.274350996473
"CF04","CF04","CF04_3",241.073435804257
"CF05","CF05","CF05_3",237.805389957056
"CF06","CF06","CF06_3",241.212605558779
"CF07","CF07","CF07_3",238.581503001048
"CF08","CF08","CF08_3",239.507356441047
"CF09","CF09","CF09_3",237.033501980393
"CF10","CF10","CF10_3",242.758854179364
"CF11","CF11","CF11_3",239.985051104996
"CF12","CF12","CF12_3",242.570136607057
"CF13","CF13","CF13_3",240.315593805345
"CF14","CF14","CF14_3",237.826567388718
"CF15","CF15","CF15_3",242.917009078886
"CF16","CF16","CF16_3",239.809484567507
"CF17","CF17","CF17_3",239.626367174995
"CF18","CF18","CF18_3",232.974775602991
"CF19","CF19","CF19_3",236.992153738139
"CF20","CF20","CF20_3",240.622415626087
"CF21","CF21","CF21_3",238.301543270968
"CF22","CF22","CF22_3",238.693948895778
"CF23","CF23","CF23_3",241.763961329217
"CF24","CF24","CF24_3",243.599759496218
"CF25","CF25","CF25_3",249.273129290803
"CF26","CF26","CF26_3",238.418945869654
"CF27","CF27","CF27_3",244.91703708708
"CF28","CF28","CF28_3",238.996538173683
"CF29","CF29","CF29_3",230.854359090957
"CF30","CF30","CF30_3",242.055198585277
"CF31","CF31","CF31_3",243.396498923184
"CF32","CF32","CF32_3",236.972509757441
"CF33","CF33","CF33_3",224.296656964871
"CF34","CF34","CF34_3",238.634597347817
"CF35","CF35","CF35_3",244.928014198349
"CF36","CF36","CF36_3",233.081912588084
"CF37","CF37","CF37_3",242.831361098672
"CF38","CF38","CF38_3",240.847475446652
"CF39","CF39","CF39_3",230.221738109419
"CF40","CF40","CF40_3",231.43141389862
"CF41","CF41","CF41_3",237.075962032589
"CF42","CF42","CF42_3",237.674160894372
"CF43","CF43","CF43_3",236.024237722737
"CF44","CF44","CF44_3",236.412113309725
"CF45","CF45","CF45_3",230.774631192572
"CF46","CF46","CF46_3",230.042190610323
"CF47","CF47","CF47_3",236.095933101457
"CF48","CF48","CF48_3",239.228866913844
"CF49","CF49","CF49_3",231.610863931378
"CF50","CF50","CF50_3",231.500054287678
"CF51","CF51","CF51_3",228.343976217926
"CF52","CF52","CF52_3",232.76684722803
"CF53","CF53","CF53_3",234.946817255817
"CF54","CF54","CF54_3",222.209317207869
"CF55","CF55","CF55_3",237.00610873078
"CF56","CF56","CF56_3",234.438569144375
"CF57","CF57","CF57_3",224.13379975079
"CF58","CF58","CF58_3",220.244934689219
"CF59","CF59","CF59_3",235.094595980159
"CF60","CF60","CF60_3",226.673952620596
"CF61","CF61","CF61_3",235.360428653741
"CF62","CF62","CF62_3",233.057966274744
"CF63","CF63","CF63_3",229.660107163688
"CF64","CF64","CF64_3",216.727430987605
"CF65","CF65","CF65_3",229.006195309685
"CF66","CF66","CF66_3",226.669536161492
"CF67","CF67","CF67_3",216.27618169008
"CF68","CF68","CF68_3",218.619397901658
"CF69","CF69","CF69_3",224.966515891138
"CF70","CF70","CF70_3",215.81813462923
"CF71","CF71","CF71_3",218.528714123191
"CF72","CF72","CF72_3",221.026483961556
"CF73","CF73","CF73_3",220.617276079456
"CF74","CF74","CF74_3",218.000411508454
"CF75","CF75","CF75_3",237.560419398877
"CF76","CF76","CF76_3",224.534131547303
"CF77","CF77","CF77_3",214.084323668102
"CF78","CF78","CF78_3",219.85954041916
"CF79","CF79","CF79_3",216.054297667845
"CF80","CF80","CF80_3",218.675111606585
"CF81","CF81","CF81_3",215.361988461494
"CF82","CF82","CF82_3",206.731191254463
"CF83","CF83","CF83_3",212.550741080837
"CF84","CF84","CF84_3",208.802828047039
"CF85","CF85","CF85_3",224.63802860049
"CF86","CF86","CF86_3",214.047190134311
"CF87","CF87","CF87_3",208.551581466917
"CF88","CF88","CF88_3",216.364281700614
"CF89","CF89","CF89_3",222.97487541095
"CF90","CF90","CF90_3",213.667689469943
"CF91","CF91","CF91_3",207.557693779965
"CF92","CF92","CF92_3",214.988494890625
"CF93","CF93","CF93_3",201.490778636251
"CF94","CF94","CF94_3",231.438128460379
"CF95","CF95","CF95_3",215.053898427988
"CF96","CF96","CF96_3",209.933302039794
"CF97","CF97","CF97_3",205.605378085532
"CF98","CF98","CF98_3",204.788491112846
"CF99","CF99","CF99_3",206.425183534005
"CG00","CG00","CG00_3",250.963756221884
"CG01","CG01","CG01_3",250.521595882474
"CG02","CG02","CG02_3",254.522487598178
"CG03","CG03","CG03_3",244.209579322847
"CG04","CG04","CG04_3",240.149127170148
"CG05","CG05","CG05_3",253.016473492034
"CG06","CG06","CG06_3",260.897282568688
"CG07","CG07","CG07_3",247.404364766067
"CG08","CG08","CG08_3",245.340496203223
"CG09","CG09","CG09_3",247.968698966967
"CG10","CG10","CG10_3",254.475452018707
"CG11","CG11","CG11_3",261.886702865662
"CG12","CG12","CG12_3",256.324056200805
"CG13","CG13","CG13_3",246.719746704167
"CG14","CG14","CG14_3",250.116837608703
"CG15","CG15","CG15_3",247.883972071866
"CG16","CG16","CG16_3",248.965901105808
"CG17","CG17","CG17_3",247.809959536757
"CG18","CG18","CG18_3",241.384354116634
"CG19","CG19","CG19_3",242.734404700612
"CG20","CG20","CG20_3",257.357714607843
"CG21","CG21","CG21_3",264.45084747612
"CG22","CG22","CG22_3",249.180930155254
"CG23","CG23","CG23_3",244.745068499721
"CG24","CG24","CG24_3",254.397171884692
"CG25","CG25","CG25_3",242.062627800651
"CG26","CG26","CG26_3",241.739437218708
"CG27","CG27","CG27_3",245.196679036006
"CG28","CG28","CG28_3",237.610962353574
"CG29","CG29","CG29_3",236.978943735281
"CG30","CG30","CG30_3",252.476324665421
"CG31","CG31","CG31_3",246.357926187965
"CG32","CG32","CG32_3",244.175958438157
"CG33","CG33","CG33_3",245.918852494484
"CG34","CG34","CG34_3",245.239982472732
"CG35","CG35","CG35_3",241.233410172374
"CG36","CG36","CG36_3",243.136262399766
"CG37","CG37","CG37_3",238.999977985045
"CG38","CG38","CG38_3",236.954949481966
"CG39","CG39","CG39_3",240.60054454314
"CG40","CG40","CG40_3",251.7251459164
"CG41","CG41","CG41_3",246.731416236024
"CG42","CG42","CG42_3",244.971623343775
"CG43","CG43","CG43_3",244.878318009671
"CG44","CG44","CG44_3",240.843532021349
"CG45","CG45","CG45_3",246.951452604809
"CG46","CG46","CG46_3",243.517804252815
"CG47","CG47","CG47_3",237.613976210876
"CG48","CG48","CG48_3",242.41060777303
"CG49","CG49","CG49_3",246.094136552716
"CG50","CG50","CG50_3",248.75056942387
"CG51","CG51","CG51_3",241.243597911781
"CG52","CG52","CG52_3",239.702510225383
"CG53","CG53","CG53_3",230.745252210926
"CG54","CG54","CG54_3",228.185253662395
"CG55","CG55","CG55_3",240.895539226552
"CG56","CG56","CG56_3",230.629302750923
"CG57","CG57","CG57_3",233.516751530505
"CG58","CG58","CG58_3",235.104911077906
"CG59","CG59","CG59_3",226.711536551361
"CG60","CG60","CG60_3",235.256556479648
"CG61","CG61","CG61_3",221.335215697606
"CG62","CG62","CG62_3",222.362563960262
"CG63","CG63","CG63_3",239.660557994713
"CG64","CG64","CG64_3",228.47172866024
"CG65","CG65","CG65_3",224.401634077965
"CG66","CG66","CG66_3",223.136816911081
"CG67","CG67","CG67_3",226.718399715877
"CG68","CG68","CG68_3",229.047784100539
"CG69","CG69","CG69_3",217.11675075974
"CG71","CG71","CG71_3",224.851155637103
"CG73","CG73","CG73_3",224.503499679773
"CG74","CG74","CG74_3",224.859147895252
"CG75","CG75","CG75_3",218.85525054035
"CG76","CG76","CG76_3",223.856512926858
"CG77","CG77","CG77_3",216.187809392017
"CG78","CG78","CG78_3",216.89815127545
"CG79","CG79","CG79_3",218.346383112942
"CG80","CG80","CG80_3",229.77409167973
"CG83","CG83","CG83_3",220.853026187108
"CG84","CG84","CG84_3",217.24718943888
"CG85","CG85","CG85_3",210.949094253685
"CG86","CG86","CG86_3",212.144932667014
"CG88","CG88","CG88_3",210.762442063625
"CG89","CG89","CG89_3",213.663342416145
"CG90","CG90","CG90_3",225.411812939647
"CG94","CG94","CG94_3",210.012280253559
"CG95","CG95","CG95_3",210.188560087717
"CG98","CG98","CG98_3",211.196644848079
"CG99","CG99","CG99_3",214.040949999105
"CH06","CH06","CH06_3",248.340481631311
"CH07","CH07","CH07_3",252.365815403641
"CH08","CH08","CH08_3",250.729139906143
"CH09","CH09","CH09_3",249.850516536606
"CH16","CH16","CH16_3",256.126141808204
"CH17","CH17","CH17_3",255.264842784621
"CH18","CH18","CH18_3",254.867911677872
"CH19","CH19","CH19_3",255.128849526141
"CH25","CH25","CH25_3",264.165599898714
"CH26","CH26","CH26_3",259.714716511679
"CH27","CH27","CH27_3",257.825816391734
"CH28","CH28","CH28_3",256.217499025665
"CH29","CH29","CH29_3",255.989370563407
"CH34","CH34","CH34_3",264.302813126193
"CH35","CH35","CH35_3",263.929092214437
"CH36","CH36","CH36_3",258.290993444384
"CH37","CH37","CH37_3",257.130342851415
"CH38","CH38","CH38_3",258.92695410894
"CH39","CH39","CH39_3",255.822785022239
"CH45","CH45","CH45_3",263.653426374896
"CH46","CH46","CH46_3",260.514280850783
"CH47","CH47","CH47_3",259.008411123266
"CH48","CH48","CH48_3",258.850724450177
"CH49","CH49","CH49_3",261.62254150704
"CH55","CH55","CH55_3",257.033999934843
"CH56","CH56","CH56_3",260.669703811679
"CH57","CH57","CH57_3",257.199025561934
"CH58","CH58","CH58_3",251.038187162313
"CH59","CH59","CH59_3",235.269841940409
"CH65","CH65","CH65_3",239.227682118833
"CH66","CH66","CH66_3",248.842770582564
"CH67","CH67","CH67_3",250.898624470966
"CH68","CH68","CH68_3",247.740293782517
"CH69","CH69","CH69_3",234.926294127009
"CH76","CH76","CH76_3",231.364922326703
"CH77","CH77","CH77_3",230.405420154377
"CH78","CH78","CH78_3",235.693087482411
"CH79","CH79","CH79_3",228.608275465109
"CH85","CH85","CH85_3",235.270345055365
"CH86","CH86","CH86_3",242.248602706015
"CH87","CH87","CH87_3",238.085849344015
"CH88","CH88","CH88_3",224.849440997204
"CH89","CH89","CH89_3",222.854171354845
"CH95","CH95","CH95_3",236.978279537323
"CH96","CH96","CH96_3",234.271575229523
"CH97","CH97","CH97_3",230.336596923541
"CH98","CH98","CH98_3",217.297045099122
"CH99","CH99","CH99_3",224.860972942599
"DA80","DA80","DA80_3",177.704332249969
"DA90","DA90","DA90_3",177.207968872715
"DB00","DB00","DB00_3",193.941015656401
"DB01","DB01","DB01_3",188.357110236809
"DB02","DB02","DB02_3",184.07560325045
"DB03","DB03","DB03_3",183.600826522548
"DB04","DB04","DB04_3",181.229420166057
"DB05","DB05","DB05_3",183.36951766076
"DB10","DB10","DB10_3",191.782551356532
"DB11","DB11","DB11_3",188.912656334374
"DB12","DB12","DB12_3",185.57590017224
"DB13","DB13","DB13_3",186.353819310466
"DB14","DB14","DB14_3",184.331141519894
"DB15","DB15","DB15_3",188.78734636847
"DB16","DB16","DB16_3",182.245568565701
"DB20","DB20","DB20_3",194.103903835014
"DB21","DB21","DB21_3",189.341805577142
"DB22","DB22","DB22_3",185.024194010726
"DB23","DB23","DB23_3",182.943636103314
"DB24","DB24","DB24_3",184.647138315456
"DB25","DB25","DB25_3",182.114520921001
"DB26","DB26","DB26_3",170.961861818393
"DB30","DB30","DB30_3",200.842541159715
"DB31","DB31","DB31_3",195.834748337275
"DB32","DB32","DB32_3",190.070987970867
"DB33","DB33","DB33_3",186.243683018923
"DB34","DB34","DB34_3",191.530414116655
"DB35","DB35","DB35_3",172.524519494207
"DB36","DB36","DB36_3",173.409016737263
"DB40","DB40","DB40_3",189.80623042809
"DB41","DB41","DB41_3",181.463376744563
"DB42","DB42","DB42_3",190.573132215443
"DB43","DB43","DB43_3",179.469719777507
"DB44","DB44","DB44_3",176.484923991307
"DB45","DB45","DB45_3",175.758164140645
"DB46","DB46","DB46_3",179.50678004013
"DB47","DB47","DB47_3",178.442311337971
"DB50","DB50","DB50_3",182.347624531584
"DB51","DB51","DB51_3",187.076935116857
"DB52","DB52","DB52_3",185.384727911996
"DB53","DB53","DB53_3",192.692666219277
"DB54","DB54","DB54_3",186.764293316486
"DB55","DB55","DB55_3",178.418124285143
"DB56","DB56","DB56_3",178.865046108582
"DB57","DB57","DB57_3",180.992171600455
"DB60","DB60","DB60_3",189.603620181828
"DB61","DB61","DB61_3",190.415277764341
"DB62","DB62","DB62_3",188.495220427548
"DB63","DB63","DB63_3",176.702335861758
"DB64","DB64","DB64_3",170.754668929686
"DB65","DB65","DB65_3",174.846482408305
"DB66","DB66","DB66_3",179.102157783756
"DB67","DB67","DB67_3",182.566516696146
"DB68","DB68","DB68_3",181.660512808404
"DB70","DB70","DB70_3",181.676162750919
"DB71","DB71","DB71_3",186.532846002072
"DB72","DB72","DB72_3",187.364557154191
"DB73","DB73","DB73_3",178.195932776454
"DB74","DB74","DB74_3",171.301212935095
"DB75","DB75","DB75_3",172.771020744651
"DB76","DB76","DB76_3",175.352181044368
"DB77","DB77","DB77_3",176.808729080555
"DB78","DB78","DB78_3",177.838070257011
"DB79","DB79","DB79_3",179.965928517171
"DB80","DB80","DB80_3",174.002357757651
"DB81","DB81","DB81_3",171.603237592668
"DB82","DB82","DB82_3",170.58595809475
"DB83","DB83","DB83_3",166.938263493618
"DB84","DB84","DB84_3",169.938033981221
"DB89","DB89","DB89_3",178.280841523743
"DB94","DB94","DB94_3",176.189574604193
"DB99","DB99","DB99_3",177.08675075473
"DC00","DC00","DC00_3",192.949635704563
"DC01","DC01","DC01_3",192.013367747206
"DC02","DC02","DC02_3",194.094348581245
"DC03","DC03","DC03_3",193.084450553338
"DC04","DC04","DC04_3",198.478054500161
"DC05","DC05","DC05_3",197.727272884544
"DC06","DC06","DC06_3",198.252238074081
"DC07","DC07","DC07_3",193.120734198517
"DC08","DC08","DC08_3",192.733088532388
"DC09","DC09","DC09_3",192.213294085522
"DC10","DC10","DC10_3",198.520043712674
"DC11","DC11","DC11_3",201.86362963096
"DC12","DC12","DC12_3",208.098616304848
"DC13","DC13","DC13_3",199.964774148328
"DC14","DC14","DC14_3",198.353357370117
"DC15","DC15","DC15_3",196.446286587511
"DC16","DC16","DC16_3",199.005007985355
"DC17","DC17","DC17_3",194.835585785829
"DC18","DC18","DC18_3",193.456447001306
"DC19","DC19","DC19_3",196.552453246265
"DC20","DC20","DC20_3",192.076717282097
"DC21","DC21","DC21_3",194.290350036909
"DC22","DC22","DC22_3",194.722576378305
"DC23","DC23","DC23_3",192.623037356615
"DC24","DC24","DC24_3",188.102237628427
"DC25","DC25","DC25_3",193.334377903776
"DC26","DC26","DC26_3",204.564128182879
"DC27","DC27","DC27_3",191.341034506858
"DC28","DC28","DC28_3",195.85646815167
"DC29","DC29","DC29_3",195.854666588044
"DC30","DC30","DC30_3",195.559604589553
"DC31","DC31","DC31_3",192.532454906778
"DC32","DC32","DC32_3",188.765507882433
"DC33","DC33","DC33_3",189.358961167553
"DC34","DC34","DC34_3",191.633923483468
"DC35","DC35","DC35_3",200.426302948159
"DC36","DC36","DC36_3",190.398177648909
"DC37","DC37","DC37_3",193.029586470435
"DC38","DC38","DC38_3",195.691707183109
"DC39","DC39","DC39_3",197.567938785162
"DC40","DC40","DC40_3",187.125367912941
"DC41","DC41","DC41_3",187.085587618742
"DC42","DC42","DC42_3",192.906336975806
"DC43","DC43","DC43_3",190.477582222139
"DC44","DC44","DC44_3",194.365774347227
"DC45","DC45","DC45_3",193.405194945833
"DC46","DC46","DC46_3",193.187738047108
"DC47","DC47","DC47_3",201.066559845961
"DC48","DC48","DC48_3",203.423197024911
"DC49","DC49","DC49_3",200.188652168803
"DC50","DC50","DC50_3",190.953539212134
"DC51","DC51","DC51_3",191.306586828174
"DC52","DC52","DC52_3",190.371251535018
"DC53","DC53","DC53_3",191.451845462632
"DC54","DC54","DC54_3",193.838764000138
"DC55","DC55","DC55_3",190.943319132178
"DC56","DC56","DC56_3",190.89061963011
"DC57","DC57","DC57_3",201.347525332759
"DC58","DC58","DC58_3",187.425641729974
"DC59","DC59","DC59_3",175.417163147136
"DC63","DC63","DC63_3",190.554947528239
"DC64","DC64","DC64_3",190.110914212213
"DC65","DC65","DC65_3",187.657907684199
"DC66","DC66","DC66_3",188.113602801193
"DC67","DC67","DC67_3",186.661320692081
"DC68","DC68","DC68_3",177.526403927579
"DC69","DC69","DC69_3",185.911995714826
"DC76","DC76","DC76_3",182.271663942402
"DC77","DC77","DC77_3",182.430104679769
"DC78","DC78","DC78_3",188.270183055231
"DC79","DC79","DC79_3",190.585367421661
"DC88","DC88","DC88_3",179.658510279309
"DC89","DC89","DC89_3",175.563355081704
"DD00","DD00","DD00_3",200.52726816061
"DD01","DD01","DD01_3",198.887159507402
"DD02","DD02","DD02_3",193.202104481077
"DD03","DD03","DD03_3",200.905183885238
"DD04","DD04","DD04_3",203.194570397003
"DD05","DD05","DD05_3",202.777732722347
"DD06","DD06","DD06_3",211.607031607626
"DD07","DD07","DD07_3",206.908258379357
"DD08","DD08","DD08_3",203.800761044086
"DD09","DD09","DD09_3",207.310239713886
"DD10","DD10","DD10_3",193.858828986822
"DD11","DD11","DD11_3",197.511955143338
"DD12","DD12","DD12_3",203.332347486011
"DD13","DD13","DD13_3",205.351442532802
"DD14","DD14","DD14_3",203.986502080186
"DD15","DD15","DD15_3",199.794114981206
"DD16","DD16","DD16_3",195.492044750461
"DD17","DD17","DD17_3",189.668603565972
"DD18","DD18","DD18_3",194.118294649072
"DD19","DD19","DD19_3",196.493632156238
"DD20","DD20","DD20_3",202.342882475854
"DD21","DD21","DD21_3",197.375499451191
"DD22","DD22","DD22_3",205.795348087488
"DD23","DD23","DD23_3",205.298206036893
"DD24","DD24","DD24_3",202.995398566826
"DD25","DD25","DD25_3",206.068941235835
"DD26","DD26","DD26_3",190.803115692136
"DD27","DD27","DD27_3",198.018616130205
"DD28","DD28","DD28_3",198.689220406805
"DD29","DD29","DD29_3",191.475754823284
"DD30","DD30","DD30_3",189.672910176203
"DD31","DD31","DD31_3",191.41997655062
"DD32","DD32","DD32_3",202.858465184486
"DD33","DD33","DD33_3",207.689681009641
"DD34","DD34","DD34_3",191.672561931225
"DD35","DD35","DD35_3",187.271878773402
"DD36","DD36","DD36_3",195.238977210264
"DD37","DD37","DD37_3",195.396438786701
"DD38","DD38","DD38_3",192.380518946019
"DD39","DD39","DD39_3",197.320173869667
"DD40","DD40","DD40_3",195.19273128257
"DD41","DD41","DD41_3",195.268622905854
"DD42","DD42","DD42_3",199.795388985199
"DD43","DD43","DD43_3",186.607660556496
"DD44","DD44","DD44_3",193.030671733455
"DD45","DD45","DD45_3",198.86610479762
"DD46","DD46","DD46_3",191.552801394085
"DD47","DD47","DD47_3",189.012485543909
"DD48","DD48","DD48_3",189.461415697313
"DD49","DD49","DD49_3",186.608128728011
"DD50","DD50","DD50_3",189.607545875943
"DD51","DD51","DD51_3",191.246237506869
"DD52","DD52","DD52_3",189.327526934244
"DD53","DD53","DD53_3",190.754217684391
"DD54","DD54","DD54_3",187.150430347681
"DD55","DD55","DD55_3",184.094090154357
"DD56","DD56","DD56_3",188.399818964611
"DD57","DD57","DD57_3",190.782755448983
"DD58","DD58","DD58_3",191.648401150333
"DD59","DD59","DD59_3",190.500748668718
"DD60","DD60","DD60_3",191.085743642771
"DD61","DD61","DD61_3",190.171843996256
"DD62","DD62","DD62_3",198.406767801334
"DD63","DD63","DD63_3",196.363527769708
"DD64","DD64","DD64_3",191.881362219317
"DD65","DD65","DD65_3",189.901322459174
"DD66","DD66","DD66_3",189.097205583761
"DD67","DD67","DD67_3",191.567531840121
"DD70","DD70","DD70_3",200.328290593093
"DD71","DD71","DD71_3",197.46844895114
"DD72","DD72","DD72_3",191.665096276895
"DD73","DD73","DD73_3",183.923354205186
"DD80","DD80","DD80_3",198.618908496226
"DD81","DD81","DD81_3",193.013020904055
"DD82","DD82","DD82_3",195.730345259892
"DD90","DD90","DD90_3",192.179013440082
"DD91","DD91","DD91_3",192.351394333196
"DD92","DD92","DD92_3",190.484575925822
"DD93","DD93","DD93_3",178.484528059025
"DE00","DE00","DE00_3",222.551708216026
"DE01","DE01","DE01_3",200.971439554628
"DE02","DE02","DE02_3",212.275813076969
"DE03","DE03","DE03_3",212.202954049586
"DE04","DE04","DE04_3",202.683064711153
"DE05","DE05","DE05_3",205.61953221552
"DE06","DE06","DE06_3",205.140366136736
"DE07","DE07","DE07_3",208.947295585547
"DE08","DE08","DE08_3",212.964202852104
"DE09","DE09","DE09_3",195.139490915978
"DE10","DE10","DE10_3",215.318313210524
"DE11","DE11","DE11_3",189.215545898981
"DE12","DE12","DE12_3",210.992620949362
"DE13","DE13","DE13_3",209.562209570384
"DE14","DE14","DE14_3",191.164072347944
"DE15","DE15","DE15_3",205.521876045607
"DE16","DE16","DE16_3",207.153860658361
"DE17","DE17","DE17_3",207.039118665706
"DE18","DE18","DE18_3",190.320008265996
"DE19","DE19","DE19_3",198.234877025791
"DE20","DE20","DE20_3",200.359251422142
"DE21","DE21","DE21_3",208.372173392578
"DE22","DE22","DE22_3",210.167327564427
"DE23","DE23","DE23_3",193.814518745534
"DE24","DE24","DE24_3",189.062161719414
"DE25","DE25","DE25_3",199.991160110747
"DE26","DE26","DE26_3",200.200604868376
"DE27","DE27","DE27_3",197.619567288175
"DE28","DE28","DE28_3",189.567559954121
"DE29","DE29","DE29_3",202.1515518205
"DE30","DE30","DE30_3",199.983951919811
"DE31","DE31","DE31_3",206.597186302987
"DE32","DE32","DE32_3",192.513650253536
"DE33","DE33","DE33_3",200.724694274893
"DE34","DE34","DE34_3",193.336490281735
"DE35","DE35","DE35_3",206.498095205499
"DE36","DE36","DE36_3",192.590538291677
"DE37","DE37","DE37_3",194.143607890124
"DE38","DE38","DE38_3",199.825270721165
"DE39","DE39","DE39_3",199.662718494982
"DE40","DE40","DE40_3",181.930355372444
"DE41","DE41","DE41_3",184.578988149825
"DE42","DE42","DE42_3",191.416501827059
"DE43","DE43","DE43_3",198.716944954924
"DE44","DE44","DE44_3",188.175544456278
"DE45","DE45","DE45_3",202.87305573617
"DE46","DE46","DE46_3",201.100843146654
"DE47","DE47","DE47_3",196.499937677289
"DE48","DE48","DE48_3",204.11023171498
"DE49","DE49","DE49_3",191.544030344697
"DE50","DE50","DE50_3",183.766129712118
"DE51","DE51","DE51_3",182.446377266913
"DE52","DE52","DE52_3",187.280566846872
"DE53","DE53","DE53_3",186.817519799121
"DE54","DE54","DE54_3",179.372464092471
"DE55","DE55","DE55_3",182.75985395899
"DE56","DE56","DE56_3",190.407977019954
"DE57","DE57","DE57_3",208.990652538252
"DE58","DE58","DE58_3",192.023461760455
"DE59","DE59","DE59_3",189.077386023297
"DE65","DE65","DE65_3",189.122491136237
"DE66","DE66","DE66_3",186.026155594152
"DE67","DE67","DE67_3",189.277020039798
"DE68","DE68","DE68_3",186.07976088322
"DE69","DE69","DE69_3",194.706544533561
"DE70","DE70","DE70_3",182.804790991135
"DE75","DE75","DE75_3",197.707077294425
"DE76","DE76","DE76_3",186.284588205477
"DE77","DE77","DE77_3",184.748101316538
"DE78","DE78","DE78_3",199.639749289068
"DE79","DE79","DE79_3",183.97951597342
"DE80","DE80","DE80_3",181.29491991629
"DE83","DE83","DE83_3",197.768988306075
"DE84","DE84","DE84_3",198.130351879239
"DE85","DE85","DE85_3",196.782724082173
"DE86","DE86","DE86_3",204.139885230426
"DE87","DE87","DE87_3",194.466918197785
"DE88","DE88","DE88_3",188.82973053439
"DE89","DE89","DE89_3",185.363210761074
"DE90","DE90","DE90_3",181.69633858235
"DE91","DE91","DE91_3",183.032802875973
"DE93","DE93","DE93_3",187.278352334817
"DE94","DE94","DE94_3",181.517880885564
"DE95","DE95","DE95_3",187.53262036764
"DE96","DE96","DE96_3",189.668379670431
"DE97","DE97","DE97_3",191.033562795273
"DE98","DE98","DE98_3",185.755400877989
"DE99","DE99","DE99_3",186.971327002695
"DF00","DF00","DF00_3",209.501439793701
"DF01","DF01","DF01_3",213.176821949218
"DF02","DF02","DF02_3",208.72483588414
"DF04","DF04","DF04_3",221.108616085578
"DF05","DF05","DF05_3",219.444112010126
"DF06","DF06","DF06_3",212.497152817584
"DF07","DF07","DF07_3",205.867912256093
"DF08","DF08","DF08_3",199.85515090882
"DF09","DF09","DF09_3",217.31716687432
"DF10","DF10","DF10_3",202.193020834558
"DF14","DF14","DF14_3",207.02817761503
"DF15","DF15","DF15_3",211.736332825126
"DF16","DF16","DF16_3",198.669346999751
"DF17","DF17","DF17_3",192.983346676757
"DF18","DF18","DF18_3",209.54864852262
"DF19","DF19","DF19_3",218.954299174708
"DF20","DF20","DF20_3",196.828233541158
"DF21","DF21","DF21_3",195.184140836421
"DF24","DF24","DF24_3",197.869934036839
"DF25","DF25","DF25_3",187.217736674575
"DF26","DF26","DF26_3",192.698232143508
"DF27","DF27","DF27_3",190.31130262913
"DF28","DF28","DF28_3",197.568871239633
"DF29","DF29","DF29_3",212.956253487843
"DF30","DF30","DF30_3",199.65693116726
"DF31","DF31","DF31_3",191.869441756256
"DF32","DF32","DF32_3",188.333333333333
"DF36","DF36","DF36_3",191.668757794004
"DF37","DF37","DF37_3",191.575875691918
"DF38","DF38","DF38_3",197.020032201649
"DF39","DF39","DF39_3",200.179476853777
"DF40","DF40","DF40_3",198.52479835724
"DF41","DF41","DF41_3",188.544490101648
"DF42","DF42","DF42_3",188.64152396624
"DF43","DF43","DF43_3",195.429858644364
"DF47","DF47","DF47_3",192.416787612994
"DF48","DF48","DF48_3",191.984791808546
"DF49","DF49","DF49_3",189.670422338444
"DF50","DF50","DF50_3",191.745406415932
"DF51","DF51","DF51_3",185.862923809713
"DF52","DF52","DF52_3",187.440158644082
"DF55","DF55","DF55_3",187.798276044599
"DF58","DF58","DF58_3",186.801451310197
"DF59","DF59","DF59_3",187.230632720304
"DF60","DF60","DF60_3",186.660723592691
"DF61","DF61","DF61_3",187.452654782532
"DF62","DF62","DF62_3",184.209666859484
"DF65","DF65","DF65_3",185.449454213353
"DF66","DF66","DF66_3",184.184211138877
"DF69","DF69","DF69_3",183.560204885327
"DF70","DF70","DF70_3",183.609123682874
"DF71","DF71","DF71_3",181.241529385927
"DF72","DF72","DF72_3",181.722138272114
"DF80","DF80","DF80_3",184.431540399614
"DF81","DF81","DF81_3",182.885685998719
"DF90","DF90","DF90_3",185.956296464171
"DF91","DF91","DF91_3",184.528128469711
"DF96","DF96","DF96_3",179.666375787727
"DF97","DF97","DF97_3",183.792377959705
"DF98","DF98","DF98_3",174.776192837888
"DG00","DG00","DG00_3",213.676327860098
"DG05","DG05","DG05_3",209.385785609736
"DG06","DG06","DG06_3",209.139686017339
"DG07","DG07","DG07_3",210.05639451223
"DG08","DG08","DG08_3",210.039377663223
"DG09","DG09","DG09_3",212.02448775699
"DG14","DG14","DG14_3",214.943624969294
"DG15","DG15","DG15_3",213.586021360342
"DG16","DG16","DG16_3",205.256131311054
"DG17","DG17","DG17_3",210.772195414079
"DG18","DG18","DG18_3",208.532676753985
"DG19","DG19","DG19_3",208.64441808674
"DG21","DG21","DG21_3",209.798494894587
"DG22","DG22","DG22_3",205.761997335979
"DG23","DG23","DG23_3",203.470471390314
"DG24","DG24","DG24_3",213.87304893965
"DG25","DG25","DG25_3",210.532536098849
"DG26","DG26","DG26_3",210.969197683271
"DG27","DG27","DG27_3",212.711557287709
"DG28","DG28","DG28_3",201.294253341942
"DG29","DG29","DG29_3",193.390360325559
"DG30","DG30","DG30_3",210.94145965138
"DG31","DG31","DG31_3",204.354267324642
"DG32","DG32","DG32_3",200.495082775919
"DG33","DG33","DG33_3",205.307201426305
"DG34","DG34","DG34_3",210.479186351626
"DG35","DG35","DG35_3",213.125973180704
"DG36","DG36","DG36_3",205.617351587391
"DG37","DG37","DG37_3",199.763245445796
"DG38","DG38","DG38_3",204.56053863435
"DG39","DG39","DG39_3",197.696971572335
"DG40","DG40","DG40_3",202.514198014317
"DG41","DG41","DG41_3",208.683661990565
"DG42","DG42","DG42_3",201.854821302273
"DG43","DG43","DG43_3",210.340099060664
"DG44","DG44","DG44_3",196.221758826654
"DG45","DG45","DG45_3",196.909626212447
"DG46","DG46","DG46_3",201.399006034644
"DG47","DG47","DG47_3",204.875656284073
"DG48","DG48","DG48_3",195.889640244396
"DG49","DG49","DG49_3",191.649972456433
"DG50","DG50","DG50_3",198.018172116369
"DG51","DG51","DG51_3",196.786019308227
"DG52","DG52","DG52_3",216.71498715623
"DG53","DG53","DG53_3",200.383076432623
"DG54","DG54","DG54_3",189.676820283378
"DG55","DG55","DG55_3",186.086802886849
"DG56","DG56","DG56_3",190.713406733141
"DG57","DG57","DG57_3",194.828959448355
"DG58","DG58","DG58_3",178.447551870121
"DG59","DG59","DG59_3",185.379403712706
"DG60","DG60","DG60_3",199.450799157962
"DG61","DG61","DG61_3",212.143340023874
"DG62","DG62","DG62_3",193.194868855512
"DG63","DG63","DG63_3",186.409708849175
"DG64","DG64","DG64_3",191.544510642009
"DG65","DG65","DG65_3",192.467982062658
"DG66","DG66","DG66_3",187.905181678864
"DG67","DG67","DG67_3",187.271423150199
"DG68","DG68","DG68_3",181.277615411967
"DG69","DG69","DG69_3",186.877940311787
"DG70","DG70","DG70_3",194.108262197179
"DG71","DG71","DG71_3",198.605061417758
"DG72","DG72","DG72_3",191.835527669047
"DG73","DG73","DG73_3",193.858000513122
"DG74","DG74","DG74_3",199.379050493005
"DG75","DG75","DG75_3",200.265196987541
"DG76","DG76","DG76_3",192.738906087248
"DG77","DG77","DG77_3",185.408734760345
"DG78","DG78","DG78_3",185.665828483615
"DG79","DG79","DG79_3",185.340231663309
"DG80","DG80","DG80_3",198.470011797738
"DG81","DG81","DG81_3",200.54162340614
"DG82","DG82","DG82_3",197.24521585073
"DG83","DG83","DG83_3",201.960640430561
"DG84","DG84","DG84_3",203.911339686602
"DG85","DG85","DG85_3",200.778839446713
"DG86","DG86","DG86_3",192.494124680324
"DG87","DG87","DG87_3",187.889535165226
"DG88","DG88","DG88_3",186.76378158363
"DG89","DG89","DG89_3",186.09621130692
"DG90","DG90","DG90_3",198.434663273865
"DG91","DG91","DG91_3",204.281461940743
"DG92","DG92","DG92_3",200.609877999331
"DG93","DG93","DG93_3",206.657033537722
"DG94","DG94","DG94_3",197.789290774124
"DG95","DG95","DG95_3",192.06407994379
"DG96","DG96","DG96_3",188.401488289369
"DG97","DG97","DG97_3",186.937287600019
"DG98","DG98","DG98_3",188.912761386831
"DG99","DG99","DG99_3",189.290624443158
"DH06","DH06","DH06_3",227.792806494224
"DH07","DH07","DH07_3",219.984128872963
"DH08","DH08","DH08_3",223.062294851124
"DH09","DH09","DH09_3",230.77954480613
"DH16","DH16","DH16_3",221.310045272748
"DH17","DH17","DH17_3",224.846940424458
"DH18","DH18","DH18_3",222.249615705577
"DH19","DH19","DH19_3",212.410324431089
"DH25","DH25","DH25_3",218.588694052041
"DH26","DH26","DH26_3",221.418180182746
"DH27","DH27","DH27_3",227.452746439507
"DH28","DH28","DH28_3",219.081178915537
"DH29","DH29","DH29_3",206.741282355547
"DH36","DH36","DH36_3",210.059563712452
"DH37","DH37","DH37_3",206.929833464708
"DH38","DH38","DH38_3",193.353668771525
"DH49","DH49","DH49_3",203.756680871832
"DH57","DH57","DH57_3",200.747826311804
"DH58","DH58","DH58_3",201.312590437424
"DH59","DH59","DH59_3",196.478112563708
"DH66","DH66","DH66_3",212.842767609858
"DH67","DH67","DH67_3",204.736363090256
"DH69","DH69","DH69_3",195.261047925368
"DH75","DH75","DH75_3",206.917932057472
"DH76","DH76","DH76_3",200.738244677424
"DH77","DH77","DH77_3",187.257343757762
"DH78","DH78","DH78_3",191.804749311042
"DH79","DH79","DH79_3",193.083936553988
"DH85","DH85","DH85_3",197.411490782411
"DH86","DH86","DH86_3",188.774448485584
"DH87","DH87","DH87_3",187.568519157751
"DH88","DH88","DH88_3",190.370698383653
"DH89","DH89","DH89_3",190.145659913526
"DH95","DH95","DH95_3",191.949560592869
"DH96","DH96","DH96_3",188.683600843219
"DH97","DH97","DH97_3",189.144657390714
"DH98","DH98","DH98_3",189.861706242926
"DH99","DH99","DH99_3",190.046244273788
"EB01","EB01","EB01_3",166.756215752261
"EB02","EB02","EB02_3",163.919727800782
"EB03","EB03","EB03_3",166.454090083086
"EB04","EB04","EB04_3",166.183789646351
"EB05","EB05","EB05_3",164.56054836721
"EB06","EB06","EB06_3",163.367634576379
"EB07","EB07","EB07_3",164.476107520689
"EB08","EB08","EB08_3",164.827000287366
"EB09","EB09","EB09_3",161.142068905058
"EB10","EB10","EB10_3",161.177824328618
"EB11","EB11","EB11_3",160.436892280705
"EB12","EB12","EB12_3",161.02269096344
"EB13","EB13","EB13_3",159.393812283987
"EB14","EB14","EB14_3",163
"ED00","ED00","ED00_3",188.768567489974
"ED01","ED01","ED01_3",184.19865201858
"ED02","ED02","ED02_3",182.650839755997
"ED03","ED03","ED03_3",179.00271402125
"ED10","ED10","ED10_3",182.830803661948
"ED11","ED11","ED11_3",187.069442141288
"ED12","ED12","ED12_3",186.914423025278
"ED13","ED13","ED13_3",183.627041269398
"ED20","ED20","ED20_3",174.361967550774
"ED21","ED21","ED21_3",179.251122892776
"ED22","ED22","ED22_3",173.316912779022
"ED23","ED23","ED23_3",169.324139268783
"ED30","ED30","ED30_3",172.266861749433
"ED31","ED31","ED31_3",173.320422555193
"ED32","ED32","ED32_3",168.94066251659
"ED41","ED41","ED41_3",168.56623349867
"EE04","EE04","EE04_3",184.336917833043
"EE05","EE05","EE05_3",190.449658079366
"EE06","EE06","EE06_3",186.001200841229
"EE07","EE07","EE07_3",178.360405750973
"EE08","EE08","EE08_3",187.790722437483
"EE09","EE09","EE09_3",180.593673912719
"EE14","EE14","EE14_3",179.505045425609
"EE15","EE15","EE15_3",184.721826273683
"EE16","EE16","EE16_3",177.526974422757
"EE17","EE17","EE17_3",183.069826016733
"EE18","EE18","EE18_3",183.582638349605
"EE19","EE19","EE19_3",184.526605571697
"EE20","EE20","EE20_3",170.638249515019
"EE24","EE24","EE24_3",175.920531499953
"EE26","EE26","EE26_3",176.735090694577
"EE27","EE27","EE27_3",181.994414449776
"EE28","EE28","EE28_3",179.073223152609
"EE29","EE29","EE29_3",184.06579425592
"EE38","EE38","EE38_3",172.942380782888
"EE39","EE39","EE39_3",169.204081401356
"EE81","EE81","EE81_3",163.231334949453
"EE90","EE90","EE90_3",169.041306455906
"EE91","EE91","EE91_3",165.758292398211
"EF00","EF00","EF00_3",186.318329498045
"EF01","EF01","EF01_3",184.296296204203
"EF02","EF02","EF02_3",180.765291953415
"EF06","EF06","EF06_3",175.108556006208
"EF07","EF07","EF07_3",172.25730901049
"EF08","EF08","EF08_3",171.773329080084
"EF09","EF09","EF09_3",172.248577521483
"EF10","EF10","EF10_3",187.419613669463
"EF11","EF11","EF11_3",183.753619202317
"EF19","EF19","EF19_3",171.087907222401
"EF20","EF20","EF20_3",180.025659426307
"EF35","EF35","EF35_3",178.057575395229
"EF44","EF44","EF44_3",177.062758285336
"EF45","EF45","EF45_3",178.836562189591
"EF53","EF53","EF53_3",178.798651358695
"EF54","EF54","EF54_3",179.944344763037
"EF55","EF55","EF55_3",174.403924904786
"EF60","EF60","EF60_3",178.55330443454
"EF61","EF61","EF61_3",177.62454715649
"EF63","EF63","EF63_3",180.588670201327
"EF64","EF64","EF64_3",174.591859654497
"EF65","EF65","EF65_3",166.850934091402
"EF66","EF66","EF66_3",167.147079101479
"EF68","EF68","EF68_3",167.212411387991
"EF69","EF69","EF69_3",166.310785537629
"EF70","EF70","EF70_3",180.962366473042
"EF71","EF71","EF71_3",177.589497420941
"EF72","EF72","EF72_3",182.398383025064
"EF73","EF73","EF73_3",182.884008490954
"EF74","EF74","EF74_3",174.619407540876
"EF75","EF75","EF75_3",167.792796995187
"EF76","EF76","EF76_3",168.605639692464
"EF78","EF78","EF78_3",166.675933426887
"EF79","EF79","EF79_3",165.947972476889
"EF80","EF80","EF80_3",180.44545430181
"EF81","EF81","EF81_3",177.097120800129
"EF82","EF82","EF82_3",175.793361649811
"EF83","EF83","EF83_3",183.084457571909
"EF84","EF84","EF84_3",169.012371966502
"EF85","EF85","EF85_3",173.470426622902
"EF86","EF86","EF86_3",172.189871520337
"EF87","EF87","EF87_3",171.632628354833
"EF90","EF90","EF90_3",185.165728609994
"EF91","EF91","EF91_3",189.649435440842
"EF92","EF92","EF92_3",188.102382052993
"EF93","EF93","EF93_3",177.252360317551
"EF94","EF94","EF94_3",187.68412769748
"EF95","EF95","EF95_3",180.487627117415
"EF96","EF96","EF96_3",173.181816245099
"EF97","EF97","EF97_3",185.676421420081
"EF98","EF98","EF98_3",168.819141288312
"EG00","EG00","EG00_3",191.060381409561
"EG01","EG01","EG01_3",198.494562273525
"EG02","EG02","EG02_3",198.660618124956
"EG03","EG03","EG03_3",200.38437014751
"EG04","EG04","EG04_3",190.38185670622
"EG05","EG05","EG05_3",187.301332563612
"EG06","EG06","EG06_3",184.82490501008
"EG07","EG07","EG07_3",188.735389568416
"EG08","EG08","EG08_3",189.972274546267
"EG09","EG09","EG09_3",186.996102869208
"EG10","EG10","EG10_3",188.410329098354
"EG11","EG11","EG11_3",190.678697981878
"EG12","EG12","EG12_3",187.124969396806
"EG13","EG13","EG13_3",189.190970150365
"EG14","EG14","EG14_3",184.01748175181
"EG15","EG15","EG15_3",182.637963295008
"EG16","EG16","EG16_3",180.932946977669
"EG17","EG17","EG17_3",186.907135792314
"EG18","EG18","EG18_3",184.701785536775
"EG19","EG19","EG19_3",187.057857300358
"EG21","EG21","EG21_3",176.47080876166
"EG22","EG22","EG22_3",176.705865204768
"EG23","EG23","EG23_3",175.539102070762
"EG24","EG24","EG24_3",179.045873912865
"EG25","EG25","EG25_3",177.879997584722
"EG26","EG26","EG26_3",184.680697856718
"EG27","EG27","EG27_3",184.707899236176
"EG30","EG30","EG30_3",189.827088464091
"EG31","EG31","EG31_3",187.035853836268
"EG33","EG33","EG33_3",171.90492732586
"EG34","EG34","EG34_3",176.235759895978
"EG35","EG35","EG35_3",179.585676565143
"EG36","EG36","EG36_3",178.990763725353
"EG40","EG40","EG40_3",186.887377936713
"EG41","EG41","EG41_3",187.377421081815
"EG42","EG42","EG42_3",185.786608672943
"EG44","EG44","EG44_3",182.176271672098
"EG46","EG46","EG46_3",180.944677104473
"EG67","EG67","EG67_3",179.858136738783
"EG72","EG72","EG72_3",181.851939262063
"EG73","EG73","EG73_3",180.46041762372
"EG74","EG74","EG74_3",179.940266368648
"EG76","EG76","EG76_3",181.153187709383
"EG77","EG77","EG77_3",178.056179135081
"EG78","EG78","EG78_3",178.458654750548
"EG79","EG79","EG79_3",182.91291822748
"EG83","EG83","EG83_3",179.64257604504
"EG84","EG84","EG84_3",179.370622004518
"EG85","EG85","EG85_3",182.600153576902
"EG86","EG86","EG86_3",182.97893371549
"EG87","EG87","EG87_3",177.810613852383
"EG88","EG88","EG88_3",177.869871950107
"EG89","EG89","EG89_3",182.165385953843
"EG93","EG93","EG93_3",178.207706031538
"EG94","EG94","EG94_3",180.13452303842
"EG95","EG95","EG95_3",182.479697685472
"EG96","EG96","EG96_3",178.681618434998
"EG97","EG97","EG97_3",187.850564318723
"EG98","EG98","EG98_3",188.341400825132
"EG99","EG99","EG99_3",182.091803212199
"EH05","EH05","EH05_3",191.746311003488
"EH06","EH06","EH06_3",188.543354014094
"EH07","EH07","EH07_3",188.292170362341
"EH08","EH08","EH08_3",189.773748263958
"EH09","EH09","EH09_3",194.490367396294
"EH13","EH13","EH13_3",196.156901528493
"EH14","EH14","EH14_3",195.020040118669
"EH15","EH15","EH15_3",193.662443216082
"EH16","EH16","EH16_3",186.847488835204
"EH17","EH17","EH17_3",186.399580876076
"EH18","EH18","EH18_3",185.086869499765
"EH19","EH19","EH19_3",182.081860506269
"EH23","EH23","EH23_3",195.32305625505
"EH24","EH24","EH24_3",191.972287412019
"EH25","EH25","EH25_3",189.141391832344
"EH26","EH26","EH26_3",191.06453071374
"EH27","EH27","EH27_3",192.346258796965
"EH28","EH28","EH28_3",189.987957225424
"EH36","EH36","EH36_3",182.487095337781
"EH37","EH37","EH37_3",182.761843099924
"EH38","EH38","EH38_3",186.05571563522
"EH39","EH39","EH39_3",188.742542003954
"EH49","EH49","EH49_3",181.157765166174
"EH54","EH54","EH54_3",188.001329398538
"EH55","EH55","EH55_3",187.295143702604
"EH56","EH56","EH56_3",186.255219026825
"EH57","EH57","EH57_3",185.283591505684
"EH63","EH63","EH63_3",190.462019810508
"EH64","EH64","EH64_3",188.472977443338
"EH65","EH65","EH65_3",187.729246999464
"EH66","EH66","EH66_3",188.442093085804
"EH67","EH67","EH67_3",187.250047761214
"EH68","EH68","EH68_3",183.926557681256
"EH73","EH73","EH73_3",190.702222306697
"EH74","EH74","EH74_3",188.59294828066
"EH75","EH75","EH75_3",187.994271960687
"EH76","EH76","EH76_3",188.615678844968
"EH77","EH77","EH77_3",185.35372147764
"EH78","EH78","EH78_3",183.900459181092
"EH83","EH83","EH83_3",190.026709671176
"EH84","EH84","EH84_3",188.792571841893
"EH85","EH85","EH85_3",188.785959784754
"EH86","EH86","EH86_3",188.845852303357
"EH87","EH87","EH87_3",188.575415289811
"EH88","EH88","EH88_3",184.852413247714
"EH92","EH92","EH92_3",191.669266678264
"EH93","EH93","EH93_3",190.797622254153
"EH94","EH94","EH94_3",191.631983462123
"EH95","EH95","EH95_3",190.696789851326
"EH96","EH96","EH96_3",189.546053434684
"EH97","EH97","EH97_3",187.042211141235
"EH98","EH98","EH98_3",184.567570417234
"FD01","FD01","FD01_3",176.055284711716
"FD02","FD02","FD02_3",171.953418837951
"FD03","FD03","FD03_3",168.95110048401
"FE00","FE00","FE00_3",166.263620010351
"FE10","FE10","FE10_3",170.94736213541
"FE20","FE20","FE20_3",166.91161981294
"FE30","FE30","FE30_3",166.070398981886
"FE36","FE36","FE36_3",167.422737757365
"FE40","FE40","FE40_3",171.364101586383
"FE41","FE41","FE41_3",170.609433484899
"FE50","FE50","FE50_3",179.386034894154
"FE51","FE51","FE51_3",178.053360111349
"FE60","FE60","FE60_3",179.133208527374
"FE61","FE61","FE61_3",177.104127257007
"FE62","FE62","FE62_3",177.486409665051
"FE70","FE70","FE70_3",180.394010751532
"FE71","FE71","FE71_3",181.35581340231
"FE72","FE72","FE72_3",180.559100816016
"FE73","FE73","FE73_3",182.38293979806
"FE80","FE80","FE80_3",183.216906887793
"FE81","FE81","FE81_3",178.20075091172
"FE82","FE82","FE82_3",183.763289269812
"FE83","FE83","FE83_3",187.077041799331
"FE90","FE90","FE90_3",186.525987055938
"FE91","FE91","FE91_3",185.332765059411
"FE92","FE92","FE92_3",192.236438920132
"FE93","FE93","FE93_3",184.779900529282
"FE94","FE94","FE94_3",188.68495741399
"FF00","FF00","FF00_3",179.709026425396
"FF01","FF01","FF01_3",182.893351746103
"FF02","FF02","FF02_3",176.968392378903
"FF03","FF03","FF03_3",187.121146180307
"FF04","FF04","FF04_3",170.44545307512
"FF05","FF05","FF05_3",166.67985857898
"FF06","FF06","FF06_3",173.533129708526
"FF07","FF07","FF07_3",176.565002335153
"FF08","FF08","FF08_3",177.094857423428
"FF10","FF10","FF10_3",182.205414253069
"FF11","FF11","FF11_3",180.922285210456
"FF12","FF12","FF12_3",178.955896769963
"FF13","FF13","FF13_3",183.620150788532
"FF14","FF14","FF14_3",171.43072048654
"FF15","FF15","FF15_3",174.716974851693
"FF16","FF16","FF16_3",168.9089587001
"FF17","FF17","FF17_3",178.751582083604
"FF18","FF18","FF18_3",171.065072085916
"FF19","FF19","FF19_3",169.790002998462
"FF20","FF20","FF20_3",181.967686363979
"FF21","FF21","FF21_3",183.432999261339
"FF22","FF22","FF22_3",180.477230106528
"FF23","FF23","FF23_3",183.389364670443
"FF24","FF24","FF24_3",175.271248177041
"FF25","FF25","FF25_3",174.62389947518
"FF26","FF26","FF26_3",174.160971616992
"FF27","FF27","FF27_3",182.014791133391
"FF28","FF28","FF28_3",170.208660025381
"FF29","FF29","FF29_3",175.369293530889
"FF30","FF30","FF30_3",184.596499497913
"FF31","FF31","FF31_3",184.344524746825
"FF32","FF32","FF32_3",183.825080256309
"FF33","FF33","FF33_3",193.243782709259
"FF34","FF34","FF34_3",179.986043210448
"FF35","FF35","FF35_3",180.483200371194
"FF36","FF36","FF36_3",182.163101859953
"FF37","FF37","FF37_3",169.902326375608
"FF38","FF38","FF38_3",178.93893575661
"FF39","FF39","FF39_3",168.449860018985
"FF40","FF40","FF40_3",182.412918225762
"FF41","FF41","FF41_3",191.732071813445
"FF42","FF42","FF42_3",184.731179144961
"FF43","FF43","FF43_3",180.879176425328
"FF44","FF44","FF44_3",176.684471782974
"FF45","FF45","FF45_3",178.546960298747
"FF46","FF46","FF46_3",174.633053774735
"FF47","FF47","FF47_3",175.642923150593
"FF48","FF48","FF48_3",166.925766228419
"FF49","FF49","FF49_3",170.96647883065
"FF50","FF50","FF50_3",192.980361888571
"FF51","FF51","FF51_3",200.447082910765
"FF52","FF52","FF52_3",194.561420718682
"FF53","FF53","FF53_3",184.520664367745
"FF54","FF54","FF54_3",181.71572104491
"FF55","FF55","FF55_3",180.42279639608
"FF56","FF56","FF56_3",180.687946780677
"FF57","FF57","FF57_3",177.28596382166
"FF60","FF60","FF60_3",189.496013095762
"FF61","FF61","FF61_3",192.89467039454
"FF62","FF62","FF62_3",184.395237382599
"FF63","FF63","FF63_3",186.134199505304
"FF64","FF64","FF64_3",178.678789529708
"FF65","FF65","FF65_3",183.544463970074
"FF66","FF66","FF66_3",190.553636096786
"FF67","FF67","FF67_3",186.313298028177
"FF68","FF68","FF68_3",177.231797353963
"FF69","FF69","FF69_3",182.486392010184
"FF70","FF70","FF70_3",187.030838909672
"FF71","FF71","FF71_3",183.897870551591
"FF72","FF72","FF72_3",176.121230450898
"FF73","FF73","FF73_3",177.695054433259
"FF74","FF74","FF74_3",174.652649104794
"FF75","FF75","FF75_3",177.642020549675
"FF76","FF76","FF76_3",179.983000699587
"FF77","FF77","FF77_3",178.715118317251
"FF78","FF78","FF78_3",185.312920647366
"FF79","FF79","FF79_3",180.4102838317
"FF80","FF80","FF80_3",186.87830495476
"FF81","FF81","FF81_3",185.084937520908
"FF82","FF82","FF82_3",184.951395903102
"FF83","FF83","FF83_3",192.588460066604
"FF84","FF84","FF84_3",183.416212736356
"FF85","FF85","FF85_3",182.561781370979
"FF86","FF86","FF86_3",182.896459497283
"FF87","FF87","FF87_3",181.993768238078
"FF88","FF88","FF88_3",183.817256132626
"FF89","FF89","FF89_3",185.710441842534
"FF90","FF90","FF90_3",181.521720003193
"FF91","FF91","FF91_3",182.575864744686
"FF92","FF92","FF92_3",190.538842904182
"FF93","FF93","FF93_3",195.068428580374
"FF94","FF94","FF94_3",189.231853718057
"FF95","FF95","FF95_3",189.019977627614
"FF96","FF96","FF96_3",189.621648500243
"FF97","FF97","FF97_3",192.894053499287
"FF98","FF98","FF98_3",191.670569529676
"FF99","FF99","FF99_3",187.879700468786
"FG00","FG00","FG00_3",182.763558734461
"FG03","FG03","FG03_3",178.80850548031
"FG04","FG04","FG04_3",179.733711057553
"FG05","FG05","FG05_3",182.345766539917
"FG06","FG06","FG06_3",186.030624909052
"FG07","FG07","FG07_3",183.881819439009
"FG08","FG08","FG08_3",186.930469554099
"FG09","FG09","FG09_3",179.001365833919
"FG13","FG13","FG13_3",180.491139710945
"FG14","FG14","FG14_3",185.175070622216
"FG15","FG15","FG15_3",183.524777666591
"FG16","FG16","FG16_3",185.192943143578
"FG17","FG17","FG17_3",187.6366531414
"FG18","FG18","FG18_3",187.219419117784
"FG19","FG19","FG19_3",189.151774737298
"FG23","FG23","FG23_3",184.997438637319
"FG24","FG24","FG24_3",182.262095663286
"FG25","FG25","FG25_3",183.71694378976
"FG26","FG26","FG26_3",186.754319805194
"FG27","FG27","FG27_3",177.274321976238
"FG28","FG28","FG28_3",180.795717135883
"FG29","FG29","FG29_3",177.96119843853
"FG31","FG31","FG31_3",185.277858671661
"FG33","FG33","FG33_3",184.072449847905
"FG34","FG34","FG34_3",183.718905508116
"FG35","FG35","FG35_3",185.212293414789
"FG36","FG36","FG36_3",183.072403463017
"FG37","FG37","FG37_3",182.450631413106
"FG38","FG38","FG38_3",184.647968210959
"FG39","FG39","FG39_3",181.676486918837
"FG41","FG41","FG41_3",186.293076547374
"FG42","FG42","FG42_3",186.193605074601
"FG43","FG43","FG43_3",184.718176701647
"FG44","FG44","FG44_3",185.736080190638
"FG45","FG45","FG45_3",183.88644075507
"FG46","FG46","FG46_3",182.43414067411
"FG47","FG47","FG47_3",190.868642846041
"FG48","FG48","FG48_3",181.26852302066
"FG49","FG49","FG49_3",187.286644561315
"FG50","FG50","FG50_3",188.26432495885
"FG51","FG51","FG51_3",186.364622070337
"FG52","FG52","FG52_3",185.40690689278
"FG53","FG53","FG53_3",188.362547068874
"FG54","FG54","FG54_3",194.04302887103
"FG55","FG55","FG55_3",197.886388516861
"FG56","FG56","FG56_3",190.700602923898
"FG57","FG57","FG57_3",188.580179224108
"FG58","FG58","FG58_3",190.309603875121
"FG59","FG59","FG59_3",190.241741279325
"FG60","FG60","FG60_3",189.291831670047
"FG61","FG61","FG61_3",187.512336144205
"FG62","FG62","FG62_3",195.434676092449
"FG63","FG63","FG63_3",194.113267281975
"FG64","FG64","FG64_3",197.958297969957
"FG65","FG65","FG65_3",192.526693086531
"FG66","FG66","FG66_3",184.430460471973
"FG67","FG67","FG67_3",184.80141792988
"FG68","FG68","FG68_3",187.920630064475
"FG69","FG69","FG69_3",187.629970199203
"FG70","FG70","FG70_3",194.69694284016
"FG71","FG71","FG71_3",202.374747145084
"FG72","FG72","FG72_3",191.102399496167
"FG73","FG73","FG73_3",196.142952840369
"FG74","FG74","FG74_3",212.837629303025
"FG75","FG75","FG75_3",200.497610259561
"FG76","FG76","FG76_3",192.95167320912
"FG77","FG77","FG77_3",192.855466812653
"FG78","FG78","FG78_3",193.511341087055
"FG79","FG79","FG79_3",187.883845296863
"FG80","FG80","FG80_3",202.88691604178
"FG81","FG81","FG81_3",192.087649723236
"FG82","FG82","FG82_3",183.557141322873
"FG83","FG83","FG83_3",183.814831262678
"FG84","FG84","FG84_3",195.278374634762
"FG85","FG85","FG85_3",182.638972567779
"FG86","FG86","FG86_3",186.884493840439
"FG87","FG87","FG87_3",187.16055942151
"FG88","FG88","FG88_3",191.824344478712
"FG89","FG89","FG89_3",192.760442100226
"FG90","FG90","FG90_3",186.54353060525
"FG91","FG91","FG91_3",184.499234135542
"FG92","FG92","FG92_3",184.42406078767
"FG93","FG93","FG93_3",184.73512726556
"FG94","FG94","FG94_3",181.701857126329
"FG95","FG95","FG95_3",184.645514403356
"FG96","FG96","FG96_3",183.035183460745
"FG97","FG97","FG97_3",183.065954558746
"FG98","FG98","FG98_3",185.527691555019
"FG99","FG99","FG99_3",183.822258244227
"FH01","FH01","FH01_3",193.603589603683
"FH02","FH02","FH02_3",192.852114990487
"FH03","FH03","FH03_3",193.098148873744
"FH04","FH04","FH04_3",196.04642972408
"FH05","FH05","FH05_3",191.100102588775
"FH06","FH06","FH06_3",187.186893208912
"FH07","FH07","FH07_3",185.578092475772
"FH08","FH08","FH08_3",186.322432715756
"FH10","FH10","FH10_3",195.417328246861
"FH11","FH11","FH11_3",195.050633439576
"FH12","FH12","FH12_3",195.34360519251
"FH13","FH13","FH13_3",196.585704983009
"FH14","FH14","FH14_3",192.844480293551
"FH15","FH15","FH15_3",190.195179608193
"FH16","FH16","FH16_3",187.479822377004
"FH17","FH17","FH17_3",188.17881776212
"FH18","FH18","FH18_3",187.134920767114
"FH20","FH20","FH20_3",196.292180431439
"FH21","FH21","FH21_3",195.590245950291
"FH22","FH22","FH22_3",196.609755773762
"FH23","FH23","FH23_3",197.047414620749
"FH24","FH24","FH24_3",192.200289059384
"FH25","FH25","FH25_3",188.651475387169
"FH27","FH27","FH27_3",188.625338955714
"FH28","FH28","FH28_3",189.266213484062
"FH29","FH29","FH29_3",187.91074244318
"FH31","FH31","FH31_3",194.1601354297
"FH32","FH32","FH32_3",196.743174649409
"FH33","FH33","FH33_3",195.553922329547
"FH34","FH34","FH34_3",192.881495700808
"FH35","FH35","FH35_3",190.67416115637
"FH36","FH36","FH36_3",190.359074606691
"FH37","FH37","FH37_3",190.588340512927
"FH42","FH42","FH42_3",198.369686655435
"FH43","FH43","FH43_3",195.218801318779
"FH44","FH44","FH44_3",191.571644089082
"FH45","FH45","FH45_3",193.713543451455
"FH46","FH46","FH46_3",194.985775298569
"FH47","FH47","FH47_3",190.86308551203
"FH48","FH48","FH48_3",191.65063206899
"FH51","FH51","FH51_3",197.088655665479
"FH52","FH52","FH52_3",198.430264885061
"FH53","FH53","FH53_3",194.168640627116
"FH54","FH54","FH54_3",193.376671474148
"FH55","FH55","FH55_3",192.253419872331
"FH56","FH56","FH56_3",191.158487437003
"FH57","FH57","FH57_3",192.430992037558
"FH58","FH58","FH58_3",190.910026173012
"FH61","FH61","FH61_3",197.144000486881
"FH62","FH62","FH62_3",196.41193785707
"FH63","FH63","FH63_3",192.249542288246
"FH64","FH64","FH64_3",194.157804835595
"FH65","FH65","FH65_3",194.850389440673
"FH66","FH66","FH66_3",194.798506451121
"FH67","FH67","FH67_3",200.658447021447
"FH68","FH68","FH68_3",191.588789009218
"FH69","FH69","FH69_3",189.744961301969
"FH70","FH70","FH70_3",202.282121419509
"FH71","FH71","FH71_3",199.436091022979
"FH72","FH72","FH72_3",197.583932744833
"FH73","FH73","FH73_3",197.247998469303
"FH74","FH74","FH74_3",197.230129427927
"FH75","FH75","FH75_3",196.33647684104
"FH76","FH76","FH76_3",195.693300477426
"FH77","FH77","FH77_3",189.45053072679
"FH78","FH78","FH78_3",188.713448060189
"FH79","FH79","FH79_3",195.910855332567
"FH80","FH80","FH80_3",201.806734860996
"FH81","FH81","FH81_3",200.422808981804
"FH82","FH82","FH82_3",198.26954549329
"FH83","FH83","FH83_3",196.154720751459
"FH84","FH84","FH84_3",198.504178911709
"FH85","FH85","FH85_3",195.416987202718
"FH86","FH86","FH86_3",193.794627496715
"FH87","FH87","FH87_3",188.893493693621
"FH88","FH88","FH88_3",191.222481687828
"FH89","FH89","FH89_3",209.252790260835
"FH94","FH94","FH94_3",192.186813313868
"FH95","FH95","FH95_3",198.052448219511
"FH96","FH96","FH96_3",190.810130920727
"FH97","FH97","FH97_3",190.418812472401
"FH98","FH98","FH98_3",191.344192467763
"FH99","FH99","FH99_3",190.114402043988
"GE00","GE00","GE00_3",193.592078562213
"GE01","GE01","GE01_3",193.909745092474
"GE02","GE02","GE02_3",193.697841736213
"GE03","GE03","GE03_3",194.281631861005
"GE04","GE04","GE04_3",188.054017909981
"GE10","GE10","GE10_3",203.643405368188
"GE11","GE11","GE11_3",198.527341835086
"GE12","GE12","GE12_3",201.350299254039
"GE13","GE13","GE13_3",188.869845978749
"GE14","GE14","GE14_3",193.357049296042
"GE20","GE20","GE20_3",189.110858383515
"GE21","GE21","GE21_3",191.598177307928
"GE22","GE22","GE22_3",190.123437058259
"GE23","GE23","GE23_3",194.89327689099
"GE24","GE24","GE24_3",192.094185882356
"GE30","GE30","GE30_3",185.408980357853
"GE31","GE31","GE31_3",198.842875770596
"GE32","GE32","GE32_3",205.129992511649
"GE33","GE33","GE33_3",203.037920737239
"GE34","GE34","GE34_3",197.028310385409
"GE40","GE40","GE40_3",184.865848504351
"GE41","GE41","GE41_3",188.251528066578
"GE42","GE42","GE42_3",195.265765590354
"GE43","GE43","GE43_3",195.167874661014
"GE44","GE44","GE44_3",191.861204400762
"GF00","GF00","GF00_3",179.455529050321
"GF01","GF01","GF01_3",181.156396457798
"GF02","GF02","GF02_3",184.478696835489
"GF03","GF03","GF03_3",183.744465207881
"GF04","GF04","GF04_3",187.900208254961
"GF05","GF05","GF05_3",187.865236842608
"GF06","GF06","GF06_3",188.559483653299
"GF07","GF07","GF07_3",195.666292780079
"GF08","GF08","GF08_3",197.622451987645
"GF09","GF09","GF09_3",191.123970629088
"GF12","GF12","GF12_3",181.74995168205
"GF13","GF13","GF13_3",182.078690067736
"GF14","GF14","GF14_3",185.401425767683
"GF15","GF15","GF15_3",191.505140731549
"GF16","GF16","GF16_3",196.012525236745
"GF17","GF17","GF17_3",193.462719278023
"GF18","GF18","GF18_3",198.571186610755
"GF19","GF19","GF19_3",198.623255171059
"GF23","GF23","GF23_3",186.053798570103
"GF24","GF24","GF24_3",190.16404263496
"GF25","GF25","GF25_3",192.064114502412
"GF26","GF26","GF26_3",197.235004297845
"GF27","GF27","GF27_3",197.735655247846
"GF28","GF28","GF28_3",196.187421495092
"GF29","GF29","GF29_3",193.897020547573
"GF33","GF33","GF33_3",188.415630110854
"GF34","GF34","GF34_3",190.870594608133
"GF35","GF35","GF35_3",191.109562482226
"GF36","GF36","GF36_3",196.460993187869
"GF37","GF37","GF37_3",193.077343251061
"GF38","GF38","GF38_3",200.396126803301
"GF39","GF39","GF39_3",193.549941737065
"GF42","GF42","GF42_3",184.875053179366
"GF43","GF43","GF43_3",185.827881042861
"GF44","GF44","GF44_3",187.766246982195
"GF45","GF45","GF45_3",190.631990055826
"GF46","GF46","GF46_3",189.034036899487
"GF47","GF47","GF47_3",193.910862352575
"GF48","GF48","GF48_3",187.00381856831
"GF49","GF49","GF49_3",183.825151611498
"GF52","GF52","GF52_3",183.746587949108
"GF53","GF53","GF53_3",185.4119805654
"GF54","GF54","GF54_3",186.83227759551
"GF55","GF55","GF55_3",184.261526882891
"GF56","GF56","GF56_3",181.33064582951
"GF57","GF57","GF57_3",179.824364451725
"GF63","GF63","GF63_3",183.015653771902
"GF64","GF64","GF64_3",183.260444556061
"GF65","GF65","GF65_3",182.964385986328
"GF73","GF73","GF73_3",179.164386794825
"GF74","GF74","GF74_3",181.073003371254
"GF75","GF75","GF75_3",182.564460849513
"GG00","GG00","GG00_3",182.43057552764
"GG01","GG01","GG01_3",182.650303791528
"GG02","GG02","GG02_3",187.366822758126
"GG04","GG04","GG04_3",182.224490376846
"GG05","GG05","GG05_3",184.414323549317
"GG06","GG06","GG06_3",183.172444816754
"GG07","GG07","GG07_3",185.249950214672
"GG08","GG08","GG08_3",187.328079709743
"GG09","GG09","GG09_3",179.629120727114
"GG10","GG10","GG10_3",185.617817379569
"GG11","GG11","GG11_3",186.264597201885
"GG15","GG15","GG15_3",184.070107169039
"GG16","GG16","GG16_3",187.372202436227
"GG17","GG17","GG17_3",184.541745699745
"GG18","GG18","GG18_3",181.686757549897
"GG19","GG19","GG19_3",179.647946568248
"GG20","GG20","GG20_3",184.931185830973
"GG25","GG25","GG25_3",184.330453550641
"GG26","GG26","GG26_3",188.438640058861
"GG27","GG27","GG27_3",186.295733507432
"GG28","GG28","GG28_3",182.749970372603
"GG30","GG30","GG30_3",185.94446685219
"GG35","GG35","GG35_3",181.895187102456
"GG36","GG36","GG36_3",184.533014299234
"GG37","GG37","GG37_3",182.041978664147
"GG38","GG38","GG38_3",178.878152850655
"GG40","GG40","GG40_3",183.683717708161
"GG50","GG50","GG50_3",178.810607724913
"GH05","GH05","GH05_3",190.363611383814
"GH06","GH06","GH06_3",193.636356579841
"GH07","GH07","GH07_3",194.275571892169
"GH08","GH08","GH08_3",193.195311509314
"GH09","GH09","GH09_3",185.091118067416
"GH17","GH17","GH17_3",192.014746650148
"GH18","GH18","GH18_3",192.601570727527
"GH19","GH19","GH19_3",189.320029533017
"GH29","GH29","GH29_3",186.667209593821
"GH39","GH39","GH39_3",186.164056644523
"GH49","GH49","GH49_3",191.318978212321
"GH59","GH59","GH59_3",196.580927418194
"HA03","HA03","HA03_3",157.166436765647
"HA04","HA04","HA04_3",160.232045701882
"HA05","HA05","HA05_3",158.063292328675
"HA06","HA06","HA06_3",169.843137600075
"HA07","HA07","HA07_3",171.875149098613
"HA08","HA08","HA08_3",167.573015911498
"HA12","HA12","HA12_3",153.057676851606
"HA13","HA13","HA13_3",161.393791826069
"HA14","HA14","HA14_3",163.03764031456
"HA15","HA15","HA15_3",166.974290201803
"HA16","HA16","HA16_3",166.495270968549
"HA17","HA17","HA17_3",160.025833223787
"HA18","HA18","HA18_3",156.319376037242
"HA22","HA22","HA22_3",156.799892235754
"HA23","HA23","HA23_3",160.056992614727
"HA24","HA24","HA24_3",165.36722793106
"HA25","HA25","HA25_3",160.26018555136
"HA26","HA26","HA26_3",155.423332965852
"HA27","HA27","HA27_3",142.20591505233
"HA31","HA31","HA31_3",156.529503582005
"HA32","HA32","HA32_3",160.088573399469
"HA33","HA33","HA33_3",162.526944760684
"HA34","HA34","HA34_3",163.437032105713
"HA35","HA35","HA35_3",155.983466548343
"HA36","HA36","HA36_3",146.65715163698
"HA41","HA41","HA41_3",157.894890002265
"HA42","HA42","HA42_3",158.300873769266
"HA43","HA43","HA43_3",160.633794163596
"HA44","HA44","HA44_3",155.817749990266
"HA45","HA45","HA45_3",148.64947777565
"HA46","HA46","HA46_3",138.901878650547
"HA51","HA51","HA51_3",156.443117540918
"HA52","HA52","HA52_3",151.715965718949
"HA53","HA53","HA53_3",151.475407700517
"HA54","HA54","HA54_3",150.866941507441
"HA55","HA55","HA55_3",144.734785564283
"HA63","HA63","HA63_3",142.914565006856
"HA64","HA64","HA64_3",140.620543266442
"HA69","HA69","HA69_3",147.785634240205
