"species","occupied_grid_cells_1970s","occupied_grid_cells_1990s","n_shared_grid_cells","prop_occupied_1970s","prop_occupied_1990s","delta_occupied_grid_cells","delta_occupancy_proportion","delta_occupancy_percentage_points","change_class","records_1970s","records_1990s","records_2010s","foraging_guild_consensus"
"Acrocephalus_schoenobaenus",622,271,895,0.694972067039106,0.302793296089385,-351,-0.392178770949721,-39.2178770949721,"Decrease",622,271,291,"Marsh warblers"
"Emberiza_calandra",759,491,895,0.84804469273743,0.548603351955307,-268,-0.299441340782123,-29.9441340782123,"Decrease",759,491,523,"Buntings"
"Gallinago_gallinago",508,376,895,0.567597765363128,0.420111731843575,-132,-0.147486033519553,-14.7486033519553,"Decrease",508,376,256,"Scolopacids"
"Riparia_riparia",507,378,895,0.566480446927374,0.422346368715084,-129,-0.144134078212291,-14.4134078212291,"Decrease",507,378,268,"Aerial insectivores"
"Athene_noctua",159,32,895,0.177653631284916,0.0357541899441341,-127,-0.141899441340782,-14.1899441340782,"Decrease",159,32,6,"Owls"
"Oenanthe_oenanthe",259,137,895,0.289385474860335,0.153072625698324,-122,-0.136312849162011,-13.6312849162011,"Decrease",259,137,65,"Low flycatching feeders"
"Motacilla_flava",297,178,895,0.331843575418994,0.198882681564246,-119,-0.132960893854749,-13.2960893854749,"Decrease",297,178,224,"Open-land insectivores"
"Chroicocephalus_ridibundus",323,215,895,0.360893854748603,0.240223463687151,-108,-0.120670391061453,-12.0670391061453,"Decrease",323,215,137,"Gulls"
"Oriolus_oriolus",135,43,895,0.150837988826816,0.0480446927374302,-92,-0.102793296089385,-10.2793296089385,"Decrease",135,43,14,"Orioles"
"Coloeus_monedula",600,686,895,0.670391061452514,0.766480446927374,86,0.0960893854748603,9.60893854748603,"Stable",600,686,634,"Omnivorous corvids"
"Delichon_urbicum",703,789,895,0.785474860335196,0.881564245810056,86,0.0960893854748603,9.60893854748603,"Stable",703,789,793,"Aerial insectivores"
"Motacilla_cinerea",68,154,895,0.0759776536312849,0.172067039106145,86,0.0960893854748603,9.60893854748603,"Stable",68,154,118,"Open-land insectivores"
"Scolopax_rusticola",153,238,895,0.170949720670391,0.265921787709497,85,0.0949720670391062,9.49720670391062,"Stable",153,238,204,"Scolopacids"
"Luscinia_luscinia",534,619,895,0.596648044692737,0.691620111731844,85,0.0949720670391061,9.49720670391061,"Stable",534,619,539,"Low flycatching feeders"
"Sylvia_atricapilla",776,858,895,0.867039106145251,0.958659217877095,82,0.0916201117318436,9.16201117318436,"Stable",776,858,881,"Foliage gleaners"
"Chloris_chloris",790,870,895,0.88268156424581,0.972067039106145,80,0.0893854748603352,8.93854748603352,"Stable",790,870,861,"Passerine seedeaters"
"Tadorna_tadorna",501,579,895,0.559776536312849,0.646927374301676,78,0.0871508379888268,8.71508379888268,"Stable",501,579,431,"Dabbling ducks"
"Ficedula_hypoleuca",348,425,895,0.388826815642458,0.474860335195531,77,0.0860335195530726,8.60335195530726,"Stable",348,425,192,"Flycatchers"
"Apus_apus",278,354,895,0.310614525139665,0.395530726256983,76,0.0849162011173185,8.49162011173185,"Stable",278,354,332,"Aerial insectivores"
"Charadrius_dubius",73,148,895,0.0815642458100559,0.16536312849162,75,0.0837988826815642,8.37988826815642,"Stable",73,148,214,"Plovers"
"Regulus_regulus",684,758,895,0.764245810055866,0.846927374301676,74,0.0826815642458101,8.26815642458101,"Stable",684,758,657,"Tit-like birds"
"Phylloscopus_sibilatrix",476,402,895,0.531843575418994,0.449162011173184,-74,-0.08268156424581,-8.268156424581,"Stable",476,402,370,"Foliage gleaners"
"Motacilla_alba",802,874,895,0.89608938547486,0.976536312849162,72,0.0804469273743016,8.04469273743016,"Stable",802,874,876,"Open-land insectivores"
"Podiceps_cristatus",279,348,895,0.311731843575419,0.388826815642458,69,0.0770949720670391,7.70949720670391,"Stable",279,348,295,"Aquatic pursuers"
"Ardea_cinerea",74,138,895,0.08268156424581,0.154189944134078,64,0.0715083798882682,7.15083798882682,"Stable",74,138,175,"Wading birds"
"Dryocopus_martius",49,113,895,0.0547486033519553,0.126256983240223,64,0.0715083798882682,7.15083798882682,"Stable",49,113,103,"Woodpeckers"
"Cyanistes_caeruleus",819,879,895,0.915083798882682,0.982122905027933,60,0.0670391061452514,6.70391061452514,"Stable",819,879,871,"Tit-like birds"
"Passer_montanus",796,855,895,0.889385474860335,0.955307262569832,59,0.0659217877094973,6.59217877094973,"Stable",796,855,845,"Passerine seedeaters"
"Gallinula_chloropus",686,744,895,0.766480446927374,0.831284916201117,58,0.0648044692737431,6.48044692737431,"Stable",686,744,577,"Rails"
"Troglodytes_troglodytes",830,887,895,0.927374301675978,0.991061452513966,57,0.0636871508379888,6.36871508379888,"Stable",830,887,891,"Low flycatching feeders"
"Cygnus_olor",501,557,895,0.559776536312849,0.622346368715084,56,0.0625698324022346,6.25698324022346,"Stable",501,557,577,"Grazing waterfowl"
"Pernis_apivorus",129,184,895,0.14413407821229,0.205586592178771,55,0.0614525139664805,6.14525139664805,"Stable",129,184,197,"Diurnal raptors"
"Remiz_pendulinus",11,66,895,0.0122905027932961,0.0737430167597765,55,0.0614525139664805,6.14525139664805,"Stable",11,66,18,"Tit-like birds"
"Aythya_ferina",93,148,895,0.10391061452514,0.16536312849162,55,0.0614525139664804,6.14525139664804,"Stable",93,148,99,"Diving ducks"
"Erithacus_rubecula",814,868,895,0.909497206703911,0.969832402234637,54,0.0603351955307262,6.03351955307262,"Stable",814,868,865,"Low flycatching feeders"
"Cuculus_canorus",798,851,895,0.891620111731844,0.950837988826816,53,0.0592178770949722,5.92178770949722,"Stable",798,851,798,"Cuckoos"
"Sylvia_borin",792,845,895,0.884916201117318,0.94413407821229,53,0.0592178770949721,5.92178770949721,"Stable",792,845,819,"Foliage gleaners"
"Perdix_perdix",660,712,895,0.737430167597765,0.795530726256983,52,0.0581005586592179,5.81005586592179,"Stable",660,712,353,"Gallinaceous birds"
"Saxicola_rubetra",499,447,895,0.557541899441341,0.499441340782123,-52,-0.0581005586592179,-5.81005586592179,"Stable",499,447,298,"Low flycatching feeders"
"Tringa_totanus",362,312,895,0.404469273743017,0.348603351955307,-50,-0.0558659217877095,-5.58659217877095,"Stable",362,312,253,"Scolopacids"
"Spatula_clypeata",111,160,895,0.124022346368715,0.17877094972067,49,0.0547486033519553,5.47486033519553,"Stable",111,160,109,"Dabbling ducks"
"Poecile_palustris",544,593,895,0.607821229050279,0.662569832402235,49,0.0547486033519553,5.47486033519553,"Stable",544,593,644,"Tit-like birds"
"Calidris_pugnax",80,32,895,0.0893854748603352,0.0357541899441341,-48,-0.0536312849162011,-5.36312849162011,"Stable",80,32,10,"Scolopacids"
"Crex_crex",55,7,895,0.0614525139664804,0.00782122905027933,-48,-0.0536312849162011,-5.36312849162011,"Stable",55,7,72,"Rails"
"Lophophanes_cristatus",361,409,895,0.403351955307263,0.456983240223464,48,0.0536312849162011,5.36312849162011,"Stable",361,409,373,"Tit-like birds"
"Corvus_corone",87,132,895,0.0972067039106145,0.147486033519553,45,0.0502793296089386,5.02793296089386,"Stable",87,132,100,"Omnivorous corvids"
"Mareca_strepera",11,56,895,0.0122905027932961,0.0625698324022346,45,0.0502793296089385,5.02793296089385,"Stable",11,56,109,"Dabbling ducks"
"Coturnix_coturnix",20,64,895,0.0223463687150838,0.0715083798882682,44,0.0491620111731843,4.91620111731844,"Stable",20,64,281,"Gallinaceous birds"
"Prunella_modularis",806,849,895,0.900558659217877,0.948603351955307,43,0.0480446927374302,4.80446927374302,"Stable",806,849,855,"Low flycatching feeders"
"Sternula_albifrons",75,34,895,0.0837988826815642,0.0379888268156425,-41,-0.0458100558659218,-4.58100558659218,"Stable",75,34,29,"Terns"
"Acrocephalus_arundinaceus",48,10,895,0.0536312849162011,0.0111731843575419,-38,-0.0424581005586592,-4.24581005586592,"Stable",48,10,25,"Marsh warblers"
"Larus_marinus",9,47,895,0.0100558659217877,0.0525139664804469,38,0.0424581005586592,4.24581005586592,"Stable",9,47,57,"Gulls"
"Panurus_biarmicus",22,60,895,0.0245810055865922,0.0670391061452514,38,0.0424581005586592,4.24581005586592,"Stable",22,60,111,"Reedlings"
"Calidris_alpina",80,45,895,0.0893854748603352,0.0502793296089385,-35,-0.0391061452513966,-3.91061452513966,"Stable",80,45,15,"Scolopacids"
"Jynx_torquilla",94,59,895,0.105027932960894,0.0659217877094972,-35,-0.0391061452513966,-3.91061452513966,"Stable",94,59,84,"Woodpeckers"
"Dryobates_minor",6,40,895,0.00670391061452514,0.0446927374301676,34,0.0379888268156425,3.79888268156425,"Stable",6,40,40,"Woodpeckers"
"Lanius_collurio",319,353,895,0.356424581005587,0.394413407821229,34,0.0379888268156424,3.79888268156424,"Stable",319,353,351,"Shrikes"
"Curruca_curruca",802,834,895,0.89608938547486,0.931843575418994,32,0.035754189944134,3.5754189944134,"Stable",802,834,856,"Foliage gleaners"
"Somateria_mollissima",49,78,895,0.0547486033519553,0.0871508379888268,29,0.0324022346368715,3.24022346368715,"Stable",49,78,54,"Diving ducks"
"Picus_viridis",205,233,895,0.229050279329609,0.260335195530726,28,0.0312849162011173,3.12849162011173,"Stable",205,233,256,"Woodpeckers"
"Turdus_philomelos",848,875,895,0.947486033519553,0.977653631284916,27,0.0301675977653632,3.01675977653632,"Stable",848,875,863,"Thrushes"
"Phylloscopus_trochilus",861,887,895,0.962011173184358,0.991061452513966,26,0.0290502793296089,2.90502793296089,"Stable",861,887,867,"Foliage gleaners"
"Pica_pica",774,799,895,0.864804469273743,0.892737430167598,25,0.0279329608938548,2.79329608938548,"Stable",774,799,775,"Omnivorous corvids"
"Strix_aluco",502,527,895,0.560893854748603,0.588826815642458,25,0.0279329608938548,2.79329608938548,"Stable",502,527,544,"Owls"
"Botaurus_stellaris",24,48,895,0.0268156424581006,0.0536312849162011,24,0.0268156424581006,2.68156424581006,"Stable",24,48,131,"Wading birds"
"Recurvirostra_avosetta",129,106,895,0.14413407821229,0.118435754189944,-23,-0.0256983240223464,-2.56983240223464,"Stable",129,106,96,"Plovers"
"Tringa_glareola",37,15,895,0.041340782122905,0.0167597765363128,-22,-0.0245810055865922,-2.45810055865922,"Stable",37,15,9,"Scolopacids"
"Curruca_communis",860,881,895,0.960893854748603,0.984357541899441,21,0.023463687150838,2.3463687150838,"Stable",860,881,892,"Foliage gleaners"
"Alcedo_atthis",77,98,895,0.0860335195530726,0.109497206703911,21,0.023463687150838,2.3463687150838,"Stable",77,98,190,"Kingfishers"
"Columba_palumbus",864,883,895,0.96536312849162,0.98659217877095,19,0.0212290502793296,2.12290502793296,"Stable",864,883,882,"Columbids"
"Asio_flammeus",26,7,895,0.0290502793296089,0.00782122905027933,-19,-0.0212290502793296,-2.12290502793296,"Stable",26,7,5,"Owls"
"Larus_argentatus",89,108,895,0.0994413407821229,0.120670391061453,19,0.0212290502793296,2.12290502793296,"Stable",89,108,138,"Gulls"
"Porzana_porzana",40,22,895,0.0446927374301676,0.0245810055865922,-18,-0.0201117318435754,-2.01117318435754,"Stable",40,22,46,"Rails"
"Anthus_pratensis",591,574,895,0.660335195530726,0.641340782122905,-17,-0.0189944134078213,-1.89944134078213,"Stable",591,574,504,"Open-land insectivores"
"Sterna_hirundo",85,68,895,0.0949720670391061,0.0759776536312849,-17,-0.0189944134078212,-1.89944134078212,"Stable",85,68,72,"Terns"
"Anthus_trivialis",628,612,895,0.701675977653631,0.683798882681564,-16,-0.0178770949720671,-1.78770949720671,"Stable",628,612,579,"Low flycatching feeders"
"Anarhynchus_alexandrinus",22,6,895,0.0245810055865922,0.00670391061452514,-16,-0.017877094972067,-1.7877094972067,"Stable",22,6,6,"Plovers"
"Caprimulgus_europaeus",87,71,895,0.0972067039106145,0.0793296089385475,-16,-0.017877094972067,-1.7877094972067,"Stable",87,71,113,"Nigthjars"
"Fringilla_coelebs",873,889,895,0.975418994413408,0.993296089385475,16,0.017877094972067,1.7877094972067,"Stable",873,889,886,"Foliage gleaners"
"Mergus_merganser",10,25,895,0.0111731843575419,0.0279329608938547,15,0.0167597765363128,1.67597765363128,"Stable",10,25,46,"Aquatic pursuers"
"Thalasseus_sandvicensis",25,10,895,0.0279329608938547,0.0111731843575419,-15,-0.0167597765363128,-1.67597765363128,"Stable",25,10,8,"Terns"
"Emberiza_schoeniclus",782,796,895,0.873743016759777,0.889385474860335,14,0.0156424581005586,1.56424581005586,"Stable",782,796,758,"Buntings"
"Tyto_alba",31,18,895,0.0346368715083799,0.0201117318435754,-13,-0.0145251396648045,-1.45251396648045,"Stable",31,18,58,"Owls"
"Linaria_cannabina",853,866,895,0.953072625698324,0.967597765363128,13,0.0145251396648044,1.45251396648044,"Stable",853,866,739,"Passerine seedeaters"
"Regulus_ignicapilla",29,17,895,0.0324022346368715,0.0189944134078212,-12,-0.0134078212290503,-1.34078212290503,"Stable",29,17,116,"Tit-like birds"
"Larus_fuscus",7,19,895,0.00782122905027933,0.0212290502793296,12,0.0134078212290503,1.34078212290503,"Stable",7,19,36,"Gulls"
"Emberiza_citrinella",883,871,895,0.98659217877095,0.9731843575419,-12,-0.0134078212290503,-1.34078212290503,"Stable",883,871,873,"Buntings"
"Parus_major",873,885,895,0.975418994413408,0.988826815642458,12,0.0134078212290503,1.34078212290503,"Stable",873,885,885,"Tit-like birds"
"Hirundo_rustica",870,881,895,0.972067039106145,0.984357541899441,11,0.0122905027932961,1.22905027932961,"Stable",870,881,860,"Aerial insectivores"
"Limosa_limosa",45,34,895,0.0502793296089385,0.0379888268156425,-11,-0.0122905027932961,-1.22905027932961,"Stable",45,34,23,"Scolopacids"
"Anas_crecca",117,128,895,0.13072625698324,0.143016759776536,11,0.0122905027932961,1.22905027932961,"Stable",117,128,36,"Dabbling ducks"
"Charadrius_hiaticula",252,261,895,0.281564245810056,0.291620111731844,9,0.0100558659217878,1.00558659217878,"Stable",252,261,190,"Plovers"
"Podiceps_nigricollis",22,31,895,0.0245810055865922,0.0346368715083799,9,0.0100558659217877,1.00558659217877,"Stable",22,31,25,"Aquatic pursuers"
"Numenius_arquata",76,67,895,0.0849162011173184,0.0748603351955307,-9,-0.0100558659217877,-1.00558659217877,"Stable",76,67,61,"Scolopacids"
"Sterna_paradisaea",99,90,895,0.110614525139665,0.100558659217877,-9,-0.0100558659217877,-1.00558659217877,"Stable",99,90,60,"Terns"
"Vanellus_vanellus",849,841,895,0.948603351955307,0.939664804469274,-8,-0.00893854748603362,-0.893854748603362,"Stable",849,841,792,"Plovers"
"Anas_acuta",38,30,895,0.0424581005586592,0.0335195530726257,-8,-0.00893854748603352,-0.893854748603352,"Stable",38,30,13,"Dabbling ducks"
"Serinus_serinus",6,13,895,0.00670391061452514,0.0145251396648045,7,0.00782122905027933,0.782122905027933,"Stable",6,13,10,"Passerine seedeaters"
"Tringa_ochropus",23,30,895,0.0256983240223464,0.0335195530726257,7,0.00782122905027933,0.782122905027933,"Stable",23,30,28,"Scolopacids"
"Larus_canus",145,152,895,0.162011173184358,0.169832402234637,7,0.00782122905027932,0.782122905027932,"Stable",145,152,198,"Gulls"
"Lullula_arborea",74,80,895,0.08268156424581,0.0893854748603352,6,0.00670391061452515,0.670391061452515,"Stable",74,80,167,"Open-land insectivores"
"Locustella_luscinioides",22,16,895,0.0245810055865922,0.017877094972067,-6,-0.00670391061452514,-0.670391061452514,"Stable",22,16,10,"Marsh warblers"
"Streptopelia_turtur",9,15,895,0.0100558659217877,0.0167597765363128,6,0.00670391061452514,0.670391061452514,"Stable",9,15,12,"Columbids"
"Hippolais_icterina",774,768,895,0.864804469273743,0.858100558659218,-6,-0.00670391061452513,-0.670391061452513,"Stable",774,768,750,"Foliage gleaners"
"Passer_domesticus",869,864,895,0.970949720670391,0.96536312849162,-5,-0.005586592178771,-0.5586592178771,"Stable",869,864,819,"Passerine seedeaters"
"Spatula_querquedula",77,73,895,0.0860335195530726,0.0815642458100559,-4,-0.00446927374301677,-0.446927374301677,"Stable",77,73,53,"Dabbling ducks"
"Circus_pygargus",19,16,895,0.0212290502793296,0.017877094972067,-3,-0.00335195530726257,-0.335195530726257,"Stable",19,16,11,"Diurnal raptors"
"Ficedula_parva",7,10,895,0.00782122905027933,0.0111731843575419,3,0.00335195530726257,0.335195530726257,"Stable",7,10,12,"Flycatchers"
"Turdus_merula",887,890,895,0.991061452513966,0.994413407821229,3,0.00335195530726251,0.335195530726251,"Stable",887,890,890,"Thrushes"
"Alauda_arvensis",892,890,895,0.996648044692737,0.994413407821229,-2,-0.00223463687150838,-0.223463687150838,"Stable",892,890,879,"Open-land insectivores"
"Mergus_serrator",168,170,895,0.187709497206704,0.189944134078212,2,0.00223463687150838,0.223463687150838,"Stable",168,170,88,"Aquatic pursuers"
"Sturnus_vulgaris",881,882,895,0.984357541899441,0.985474860335195,1,0.00111731843575413,0.111731843575413,"Stable",881,882,841,"Starlings"
"Cinclus_cinclus",9,9,895,0.0100558659217877,0.0100558659217877,0,0,0,"Stable",9,9,6,"Dippers"
"Acanthis_flammea",67,417,895,0.0748603351955307,0.465921787709497,350,0.391061452513967,39.1061452513967,"Increase",67,417,452,"Passerine seedeaters"
"Accipiter_nisus",361,637,895,0.403351955307263,0.711731843575419,276,0.308379888268156,30.8379888268156,"Increase",361,637,394,"Diurnal raptors"
"Turdus_viscivorus",262,497,895,0.292737430167598,0.555307262569832,235,0.262569832402235,26.2569832402235,"Increase",262,497,453,"Thrushes"
"Buteo_buteo",496,730,895,0.554189944134078,0.815642458100559,234,0.26145251396648,26.145251396648,"Increase",496,730,744,"Diurnal raptors"
"Phylloscopus_collybita",608,839,895,0.679329608938547,0.937430167597765,231,0.258100558659218,25.8100558659218,"Increase",608,839,889,"Foliage gleaners"
"Falco_tinnunculus",428,647,895,0.478212290502793,0.722905027932961,219,0.244692737430168,24.4692737430168,"Increase",428,647,517,"Diurnal raptors"
"Astur_gentilis",127,332,895,0.141899441340782,0.370949720670391,205,0.229050279329609,22.9050279329609,"Increase",127,332,253,"Diurnal raptors"
"Turdus_pilaris",38,235,895,0.0424581005586592,0.262569832402235,197,0.220111731843575,22.0111731843575,"Increase",38,235,138,"Thrushes"
"Tachybaptus_ruficollis",207,402,895,0.231284916201117,0.449162011173184,195,0.217877094972067,21.7877094972067,"Increase",207,402,439,"Aquatic pursuers"
"Circus_aeruginosus",69,258,895,0.0770949720670391,0.288268156424581,189,0.211173184357542,21.1173184357542,"Increase",69,258,363,"Diurnal raptors"
"Corvus_corax",79,262,895,0.088268156424581,0.292737430167598,183,0.204469273743017,20.4469273743017,"Increase",79,262,560,"Omnivorous corvids"
"Phoenicurus_ochruros",82,265,895,0.0916201117318436,0.29608938547486,183,0.204469273743017,20.4469273743017,"Increase",82,265,338,"Low flycatching feeders"
"Certhia_familiaris",366,544,895,0.408938547486034,0.607821229050279,178,0.198882681564246,19.8882681564246,"Increase",366,544,553,"Tit-like birds"
"Streptopelia_decaocto",554,731,895,0.618994413407821,0.816759776536313,177,0.197765363128492,19.7765363128492,"Increase",554,731,670,"Columbids"
"Loxia_curvirostra",90,256,895,0.100558659217877,0.286033519553073,166,0.185474860335196,18.5474860335196,"Increase",90,256,178,"Passerine seedeaters"
"Pyrrhula_pyrrhula",427,590,895,0.477094972067039,0.659217877094972,163,0.182122905027933,18.2122905027933,"Increase",427,590,656,"Passerine seedeaters"
"Garrulus_glandarius",540,697,895,0.603351955307263,0.77877094972067,157,0.175418994413408,17.5418994413408,"Increase",540,697,524,"Omnivorous corvids"
"Anser_anser",150,301,895,0.167597765363128,0.336312849162011,151,0.168715083798883,16.8715083798883,"Increase",150,301,589,"Grazing waterfowl"
"Asio_otus",232,379,895,0.259217877094972,0.423463687150838,147,0.164245810055866,16.4245810055866,"Increase",232,379,295,"Owls"
"Dendrocopos_major",652,799,895,0.728491620111732,0.892737430167598,147,0.164245810055866,16.4245810055866,"Increase",652,799,811,"Woodpeckers"
"Acrocephalus_palustris",482,623,895,0.53854748603352,0.69608938547486,141,0.157541899441341,15.7541899441341,"Increase",482,623,720,"Marsh warblers"
"Columba_oenas",34,173,895,0.0379888268156425,0.193296089385475,139,0.155307262569832,15.5307262569832,"Increase",34,173,386,"Columbids"
"Aythya_fuligula",92,229,895,0.102793296089385,0.25586592178771,137,0.153072625698324,15.3072625698324,"Increase",92,229,207,"Diving ducks"
"Coccothraustes_coccothraustes",232,367,895,0.259217877094972,0.410055865921788,135,0.150837988826816,15.0837988826816,"Increase",232,367,377,"Passerine seedeaters"
"Carduelis_carduelis",523,657,895,0.584357541899441,0.734078212290503,134,0.149720670391061,14.9720670391061,"Increase",523,657,702,"Passerine seedeaters"
"Podiceps_grisegena",174,307,895,0.194413407821229,0.343016759776536,133,0.148603351955307,14.8603351955307,"Increase",174,307,362,"Aquatic pursuers"
"Muscicapa_striata",419,548,895,0.468156424581006,0.612290502793296,129,0.144134078212291,14.4134078212291,"Increase",419,548,503,"Flycatchers"
"Corvus_frugilegus",180,304,895,0.201117318435754,0.339664804469274,124,0.13854748603352,13.854748603352,"Increase",180,304,411,"Omnivorous corvids"
"Locustella_naevia",146,265,895,0.163128491620112,0.29608938547486,119,0.132960893854749,13.2960893854749,"Increase",146,265,286,"Marsh warblers"
"Fulica_atra",709,825,895,0.792178770949721,0.921787709497207,116,0.129608938547486,12.9608938547486,"Increase",709,825,656,"Rails"
"Rallus_aquaticus",177,287,895,0.197765363128492,0.320670391061453,110,0.122905027932961,12.2905027932961,"Increase",177,287,351,"Rails"
"Anas_platyrhynchos",759,866,895,0.84804469273743,0.967597765363128,107,0.119553072625698,11.9553072625698,"Increase",759,866,742,"Dabbling ducks"
"Certhia_brachydactyla",24,130,895,0.0268156424581006,0.145251396648045,106,0.118435754189944,11.8435754189944,"Increase",24,130,302,"Tit-like birds"
"Phoenicurus_phoenicurus",532,638,895,0.594413407821229,0.712849162011173,106,0.118435754189944,11.8435754189944,"Increase",532,638,850,"Low flycatching feeders"
"Periparus_ater",631,733,895,0.705027932960894,0.818994413407821,102,0.113966480446927,11.3966480446927,"Increase",631,733,727,"Tit-like birds"
"Sitta_europaea",445,547,895,0.497206703910615,0.611173184357542,102,0.113966480446927,11.3966480446927,"Increase",445,547,705,"Tit-like birds"
"Haematopus_ostralegus",300,401,895,0.335195530726257,0.44804469273743,101,0.112849162011173,11.2849162011173,"Increase",300,401,424,"Plovers"
"Acrocephalus_scirpaceus",618,718,895,0.690502793296089,0.802234636871508,100,0.111731843575419,11.1731843575419,"Increase",618,718,669,"Marsh warblers"
"Spinus_spinus",87,184,895,0.0972067039106145,0.205586592178771,97,0.108379888268156,10.8379888268156,"Increase",87,184,103,"Passerine seedeaters"
"Corvus_cornix",749,845,895,0.836871508379888,0.94413407821229,96,0.107262569832402,10.7262569832402,"Increase",749,845,783,"Omnivorous corvids"
"Aegithalos_caudatus",312,404,895,0.348603351955307,0.451396648044693,92,0.102793296089385,10.2793296089385,"Increase",312,404,441,"Tit-like birds"
