"","kvadratkod","survey","tmean_breeding"
"AD90","AD90","AD90_1",8.47988972508823
"AD91","AD91","AD91_1",8.45706600924897
"AD92","AD92","AD92_1",8.35523413943628
"AD93","AD93","AD93_1",8.38690245283115
"AD94","AD94","AD94_1",8.45299477768267
"AD95","AD95","AD95_1",8.43499115059932
"AD96","AD96","AD96_1",8.4338494877676
"AE81","AE81","AE81_1",8.51715922516204
"AE82","AE82","AE82_1",8.50346780306644
"AE83","AE83","AE83_1",8.4977685735643
"AE90","AE90","AE90_1",8.54709837398701
"AE91","AE91","AE91_1",8.54896489685768
"AE92","AE92","AE92_1",8.54051369407445
"AE93","AE93","AE93_1",8.52242180386939
"AE94","AE94","AE94_1",8.51371379896814
"AE95","AE95","AE95_1",8.5168810188315
"AE96","AE96","AE96_1",8.49797003164103
"AE97","AE97","AE97_1",8.45987645164354
"AE98","AE98","AE98_1",8.47879870646434
"AE99","AE99","AE99_1",8.49087647405082
"AF81","AF81","AF81_1",8.52129170899646
"AF82","AF82","AF82_1",8.52620434496228
"AF90","AF90","AF90_1",8.55983790526081
"AF91","AF91","AF91_1",8.51953995971227
"AF92","AF92","AF92_1",8.51867831318454
"AF93","AF93","AF93_1",8.51470698167725
"AF94","AF94","AF94_1",8.51939834551958
"AF95","AF95","AF95_1",8.51735611481683
"AF96","AF96","AF96_1",8.51061165729971
"AF97","AF97","AF97_1",8.54161102422078
"AF98","AF98","AF98_1",8.54637254719238
"AF99","AF99","AF99_1",8.54436782993506
"BC10","BC10","BC10_1",8.31374268728592
"BC11","BC11","BC11_1",8.33515191154878
"BC20","BC20","BC20_1",8.33884311995448
"BC21","BC21","BC21_1",8.31924583708412
"BC22","BC22","BC22_1",8.3337776455939
"BC23","BC23","BC23_1",8.37702312752133
"BC30","BC30","BC30_1",8.34355824971507
"BC31","BC31","BC31_1",8.34858359141039
"BC32","BC32","BC32_1",8.31007795012647
"BC33","BC33","BC33_1",8.29229347103908
"BC34","BC34","BC34_1",8.36689726659117
"BC40","BC40","BC40_1",8.32582930437392
"BC41","BC41","BC41_1",8.3209457992336
"BC42","BC42","BC42_1",8.30134473871402
"BC43","BC43","BC43_1",8.23502131185067
"BC44","BC44","BC44_1",8.33098264980287
"BC45","BC45","BC45_1",8.36681423778945
"BC50","BC50","BC50_1",8.38339300690578
"BC51","BC51","BC51_1",8.35821479461151
"BC52","BC52","BC52_1",8.29930752795384
"BC53","BC53","BC53_1",8.24466670808225
"BC54","BC54","BC54_1",8.28383805059077
"BC55","BC55","BC55_1",8.29372597303044
"BC56","BC56","BC56_1",8.30917891676167
"BC60","BC60","BC60_1",8.31364602231722
"BC61","BC61","BC61_1",8.46823750475287
"BC62","BC62","BC62_1",8.39345470895456
"BC63","BC63","BC63_1",8.33706557762197
"BC64","BC64","BC64_1",8.38658283821346
"BC65","BC65","BC65_1",8.35515421152899
"BC70","BC70","BC70_1",8.41072791897799
"BC71","BC71","BC71_1",8.4368639816993
"BC72","BC72","BC72_1",8.43677982631469
"BC73","BC73","BC73_1",8.4031242438789
"BC74","BC74","BC74_1",8.41561321924812
"BC75","BC75","BC75_1",8.4270665076016
"BC80","BC80","BC80_1",8.51139922671239
"BC81","BC81","BC81_1",8.42507147091946
"BC82","BC82","BC82_1",8.46078593459166
"BC83","BC83","BC83_1",8.47246782731253
"BC84","BC84","BC84_1",8.4190079433796
"BC85","BC85","BC85_1",8.40601143901458
"BC86","BC86","BC86_1",8.44326204109731
"BC91","BC91","BC91_1",8.522300579567
"BC92","BC92","BC92_1",8.51128410568682
"BC93","BC93","BC93_1",8.48959777940595
"BC94","BC94","BC94_1",8.45895070168003
"BC95","BC95","BC95_1",8.4286207926116
"BC96","BC96","BC96_1",8.42157121548466
"BD00","BD00","BD00_1",8.47947623218767
"BD01","BD01","BD01_1",8.43725978290516
"BD02","BD02","BD02_1",8.30569073752138
"BD03","BD03","BD03_1",8.31959226244577
"BD04","BD04","BD04_1",8.4167892495707
"BD05","BD05","BD05_1",8.44827833819331
"BD06","BD06","BD06_1",8.43385239878983
"BD07","BD07","BD07_1",8.4330032935128
"BD08","BD08","BD08_1",8.41492012414542
"BD09","BD09","BD09_1",8.39463704596138
"BD10","BD10","BD10_1",8.4696102457731
"BD11","BD11","BD11_1",8.4057717217507
"BD12","BD12","BD12_1",8.30719870291332
"BD13","BD13","BD13_1",8.29145359392921
"BD14","BD14","BD14_1",8.42675107460699
"BD16","BD16","BD16_1",8.39875434987064
"BD17","BD17","BD17_1",8.23421985819209
"BD18","BD18","BD18_1",8.3453197314883
"BD19","BD19","BD19_1",8.37309115174707
"BD20","BD20","BD20_1",8.4199740830689
"BD21","BD21","BD21_1",8.36335238952656
"BD22","BD22","BD22_1",8.31476915010112
"BD23","BD23","BD23_1",8.19209057615861
"BD24","BD24","BD24_1",8.38381259458006
"BD26","BD26","BD26_1",8.41134597433726
"BD27","BD27","BD27_1",8.15834354885979
"BD28","BD28","BD28_1",8.22861053472078
"BD29","BD29","BD29_1",8.33839478362866
"BD30","BD30","BD30_1",8.36353357855652
"BD31","BD31","BD31_1",8.30752583789895
"BD32","BD32","BD32_1",8.32243426888259
"BD33","BD33","BD33_1",8.38062341273082
"BD34","BD34","BD34_1",8.46902011058325
"BD35","BD35","BD35_1",8.44353404099895
"BD36","BD36","BD36_1",8.4212198011527
"BD37","BD37","BD37_1",8.37244803913861
"BD38","BD38","BD38_1",8.3696317933182
"BD39","BD39","BD39_1",8.35285088382143
"BD40","BD40","BD40_1",8.30287169789077
"BD41","BD41","BD41_1",8.34382649623329
"BD42","BD42","BD42_1",8.42679030212823
"BD43","BD43","BD43_1",8.4709039000898
"BD44","BD44","BD44_1",8.485123012964
"BD45","BD45","BD45_1",8.3985885698916
"BD46","BD46","BD46_1",8.47152139340736
"BD47","BD47","BD47_1",8.46039126377166
"BD48","BD48","BD48_1",8.46407360973118
"BD49","BD49","BD49_1",8.41871930109623
"BD50","BD50","BD50_1",8.32015320068165
"BD51","BD51","BD51_1",8.43679626070204
"BD52","BD52","BD52_1",8.52522647993302
"BD53","BD53","BD53_1",8.5258312136129
"BD54","BD54","BD54_1",8.52617125956394
"BD55","BD55","BD55_1",8.5148180165837
"BD56","BD56","BD56_1",8.49821062809072
"BD57","BD57","BD57_1",8.42579345089306
"BD58","BD58","BD58_1",8.37068292453533
"BD59","BD59","BD59_1",8.46704173405403
"BD60","BD60","BD60_1",8.36718019690026
"BD61","BD61","BD61_1",8.44681978884064
"BD62","BD62","BD62_1",8.5414225997852
"BD63","BD63","BD63_1",8.53236190074549
"BD64","BD64","BD64_1",8.44430637635177
"BD65","BD65","BD65_1",8.52424971579163
"BD66","BD66","BD66_1",8.48431464448716
"BD67","BD67","BD67_1",8.39123815920757
"BD68","BD68","BD68_1",8.28790365266214
"BD69","BD69","BD69_1",8.42785901624685
"BD70","BD70","BD70_1",8.27827115583641
"BD71","BD71","BD71_1",8.34056720890038
"BD72","BD72","BD72_1",8.50399594465845
"BD73","BD73","BD73_1",8.51935427324344
"BD74","BD74","BD74_1",8.42767170544023
"BD75","BD75","BD75_1",8.47416536043518
"BD76","BD76","BD76_1",8.52394770099571
"BD77","BD77","BD77_1",8.44172349561431
"BD78","BD78","BD78_1",8.38326635847201
"BD79","BD79","BD79_1",8.40862247481071
"BD80","BD80","BD80_1",8.2994537609779
"BD81","BD81","BD81_1",8.40391513746425
"BD82","BD82","BD82_1",8.48890661932704
"BD83","BD83","BD83_1",8.50377055083074
"BD84","BD84","BD84_1",8.39815948540098
"BD85","BD85","BD85_1",8.40743039192386
"BD86","BD86","BD86_1",8.48748110408287
"BD87","BD87","BD87_1",8.44662041053593
"BD88","BD88","BD88_1",8.49303216375528
"BD89","BD89","BD89_1",8.50546869092166
"BD90","BD90","BD90_1",8.4357082600002
"BD91","BD91","BD91_1",8.4913127963848
"BD92","BD92","BD92_1",8.51701930741137
"BD93","BD93","BD93_1",8.495913067844
"BD94","BD94","BD94_1",8.36817365753734
"BD95","BD95","BD95_1",8.36745107883143
"BD96","BD96","BD96_1",8.41784035706618
"BD97","BD97","BD97_1",8.39018253075024
"BD98","BD98","BD98_1",8.49733791257484
"BD99","BD99","BD99_1",8.49788468752292
"BE02","BE02","BE02_1",8.55200830383743
"BE03","BE03","BE03_1",8.53115924399717
"BE04","BE04","BE04_1",8.53393691947412
"BE05","BE05","BE05_1",8.52397437872006
"BE06","BE06","BE06_1",8.50671575011594
"BE07","BE07","BE07_1",8.48958662544708
"BE08","BE08","BE08_1",8.50013824376431
"BE09","BE09","BE09_1",8.49474965330873
"BE10","BE10","BE10_1",8.57341364219215
"BE11","BE11","BE11_1",8.56970725605464
"BE12","BE12","BE12_1",8.54942549329327
"BE13","BE13","BE13_1",8.49981418034252
"BE14","BE14","BE14_1",8.49403031511029
"BE15","BE15","BE15_1",8.49227963508951
"BE16","BE16","BE16_1",8.45517901011424
"BE17","BE17","BE17_1",8.46095627600056
"BE18","BE18","BE18_1",8.50095107582487
"BE19","BE19","BE19_1",8.47049769738554
"BE20","BE20","BE20_1",8.55755653302013
"BE21","BE21","BE21_1",8.49696238463041
"BE22","BE22","BE22_1",8.41769572616246
"BE23","BE23","BE23_1",8.39626723551254
"BE24","BE24","BE24_1",8.39254457065692
"BE25","BE25","BE25_1",8.36175608578873
"BE26","BE26","BE26_1",8.35796467998742
"BE27","BE27","BE27_1",8.36720318374129
"BE28","BE28","BE28_1",8.44465002241206
"BE29","BE29","BE29_1",8.46295591384009
"BE30","BE30","BE30_1",8.523901067138
"BE31","BE31","BE31_1",8.37713866255131
"BE32","BE32","BE32_1",8.23700357780271
"BE33","BE33","BE33_1",8.25912727471765
"BE34","BE34","BE34_1",8.329983651172
"BE35","BE35","BE35_1",8.33754994412898
"BE36","BE36","BE36_1",8.27795663122645
"BE37","BE37","BE37_1",8.30426959475378
"BE38","BE38","BE38_1",8.37269743361896
"BE39","BE39","BE39_1",8.44471989546684
"BE40","BE40","BE40_1",8.51673539715854
"BE41","BE41","BE41_1",8.40626420513326
"BE42","BE42","BE42_1",8.32221883493212
"BE43","BE43","BE43_1",8.25035518460739
"BE44","BE44","BE44_1",8.26905772022686
"BE45","BE45","BE45_1",8.2482437372618
"BE46","BE46","BE46_1",8.25105625842889
"BE47","BE47","BE47_1",8.27500702386586
"BE48","BE48","BE48_1",8.37815433388009
"BE49","BE49","BE49_1",8.42554599907693
"BE50","BE50","BE50_1",8.4886839793968
"BE51","BE51","BE51_1",8.3882002339671
"BE52","BE52","BE52_1",8.3698502906898
"BE53","BE53","BE53_1",8.35525764516624
"BE54","BE54","BE54_1",8.30875007852435
"BE55","BE55","BE55_1",8.17999096035537
"BE56","BE56","BE56_1",8.17441834420909
"BE57","BE57","BE57_1",8.28036642330411
"BE58","BE58","BE58_1",8.37733099813722
"BE59","BE59","BE59_1",8.38789148810244
"BE60","BE60","BE60_1",8.49848281084599
"BE61","BE61","BE61_1",8.44136193410875
"BE62","BE62","BE62_1",8.39990333751623
"BE63","BE63","BE63_1",8.38322869575448
"BE64","BE64","BE64_1",8.33681285265076
"BE65","BE65","BE65_1",8.27813264007125
"BE66","BE66","BE66_1",8.25578559609329
"BE67","BE67","BE67_1",8.28342718680345
"BE68","BE68","BE68_1",8.38720758385874
"BE69","BE69","BE69_1",8.37425647892858
"BE70","BE70","BE70_1",8.45271648709165
"BE71","BE71","BE71_1",8.39394948932155
"BE72","BE72","BE72_1",8.2941056976802
"BE73","BE73","BE73_1",8.32009326346538
"BE74","BE74","BE74_1",8.29702603284334
"BE75","BE75","BE75_1",8.3083796506722
"BE76","BE76","BE76_1",8.31912736896706
"BE77","BE77","BE77_1",8.34579958435893
"BE78","BE78","BE78_1",8.41668120805605
"BE79","BE79","BE79_1",8.39212657451624
"BE80","BE80","BE80_1",8.45071441356628
"BE81","BE81","BE81_1",8.33942795408066
"BE82","BE82","BE82_1",8.25908231699311
"BE83","BE83","BE83_1",8.2894664229323
"BE84","BE84","BE84_1",8.28594367628395
"BE85","BE85","BE85_1",8.3199800944575
"BE86","BE86","BE86_1",8.36837148867456
"BE87","BE87","BE87_1",8.39083783693899
"BE88","BE88","BE88_1",8.40902692660054
"BE89","BE89","BE89_1",8.35473279205368
"BE90","BE90","BE90_1",8.42249807235838
"BE91","BE91","BE91_1",8.38346834444758
"BE92","BE92","BE92_1",8.28050703717781
"BE93","BE93","BE93_1",8.3069860709298
"BE94","BE94","BE94_1",8.32000807166118
"BE95","BE95","BE95_1",8.33002874620246
"BE96","BE96","BE96_1",8.36580240803503
"BE97","BE97","BE97_1",8.37120415255453
"BE98","BE98","BE98_1",8.3783182688692
"BE99","BE99","BE99_1",8.37088436094641
"BF00","BF00","BF00_1",8.5687316849411
"BF01","BF01","BF01_1",8.5421876263124
"BF02","BF02","BF02_1",8.53523305780088
"BF03","BF03","BF03_1",8.47364498393141
"BF04","BF04","BF04_1",8.55547453319264
"BF05","BF05","BF05_1",8.48635184852119
"BF06","BF06","BF06_1",8.53487890484377
"BF07","BF07","BF07_1",8.5645138424372
"BF08","BF08","BF08_1",8.56907568826816
"BF10","BF10","BF10_1",8.5595795345032
"BF11","BF11","BF11_1",8.51877972975744
"BF12","BF12","BF12_1",8.55600229066015
"BF13","BF13","BF13_1",8.5185035257993
"BF14","BF14","BF14_1",8.50492941390424
"BF15","BF15","BF15_1",8.50275917818625
"BF16","BF16","BF16_1",8.53633097991496
"BF17","BF17","BF17_1",8.56208266064455
"BF18","BF18","BF18_1",8.5837138723764
"BF20","BF20","BF20_1",8.53394298529381
"BF21","BF21","BF21_1",8.51343853138773
"BF22","BF22","BF22_1",8.57992060831301
"BF23","BF23","BF23_1",8.51058420447393
"BF24","BF24","BF24_1",8.46993652633645
"BF25","BF25","BF25_1",8.44947968895234
"BF26","BF26","BF26_1",8.48242750872797
"BF27","BF27","BF27_1",8.5187655210731
"BF28","BF28","BF28_1",8.54531145881255
"BF29","BF29","BF29_1",8.58230827785117
"BF30","BF30","BF30_1",8.47484760417033
"BF31","BF31","BF31_1",8.5066947997859
"BF32","BF32","BF32_1",8.52158453307273
"BF33","BF33","BF33_1",8.49840468504347
"BF34","BF34","BF34_1",8.41707920718202
"BF35","BF35","BF35_1",8.38769281651892
"BF36","BF36","BF36_1",8.4112072573961
"BF37","BF37","BF37_1",8.43546053461709
"BF38","BF38","BF38_1",8.4814410008133
"BF39","BF39","BF39_1",8.5695470528987
"BF40","BF40","BF40_1",8.47154766403029
"BF41","BF41","BF41_1",8.49387197030674
"BF42","BF42","BF42_1",8.46799916752551
"BF43","BF43","BF43_1",8.54250642936514
"BF44","BF44","BF44_1",8.49603847175723
"BF45","BF45","BF45_1",8.42285681995244
"BF46","BF46","BF46_1",8.37874822150893
"BF47","BF47","BF47_1",8.39429637707846
"BF48","BF48","BF48_1",8.50351597117725
"BF49","BF49","BF49_1",8.56684288781417
"BF50","BF50","BF50_1",8.53464192427209
"BF51","BF51","BF51_1",8.4681672475315
"BF52","BF52","BF52_1",8.49035770102814
"BF53","BF53","BF53_1",8.51848721979998
"BF54","BF54","BF54_1",8.49565918648762
"BF55","BF55","BF55_1",8.42980166899797
"BF56","BF56","BF56_1",8.41713495984534
"BF57","BF57","BF57_1",8.38258899197991
"BF58","BF58","BF58_1",8.48800658287287
"BF59","BF59","BF59_1",8.54756822710748
"BF60","BF60","BF60_1",8.56078331625383
"BF61","BF61","BF61_1",8.50528609157829
"BF62","BF62","BF62_1",8.4664102114866
"BF63","BF63","BF63_1",8.4773182922485
"BF64","BF64","BF64_1",8.49120872480745
"BF65","BF65","BF65_1",8.45569554336454
"BF66","BF66","BF66_1",8.44600802101574
"BF67","BF67","BF67_1",8.45668696263172
"BF68","BF68","BF68_1",8.50841142554902
"BF69","BF69","BF69_1",8.51057040657966
"BF70","BF70","BF70_1",8.51113401006008
"BF71","BF71","BF71_1",8.514784840834
"BF72","BF72","BF72_1",8.46845583396106
"BF73","BF73","BF73_1",8.45054353252094
"BF74","BF74","BF74_1",8.46362213165445
"BF75","BF75","BF75_1",8.46413644426017
"BF76","BF76","BF76_1",8.47141698436037
"BF77","BF77","BF77_1",8.47424418389072
"BF78","BF78","BF78_1",8.46916325769003
"BF79","BF79","BF79_1",8.49705226372692
"BF80","BF80","BF80_1",8.47359987069911
"BF81","BF81","BF81_1",8.4405882301137
"BF82","BF82","BF82_1",8.40618962285721
"BF83","BF83","BF83_1",8.40766524718342
"BF84","BF84","BF84_1",8.43245449010015
"BF85","BF85","BF85_1",8.42500503204291
"BF86","BF86","BF86_1",8.42866570673459
"BF87","BF87","BF87_1",8.43439115963091
"BF88","BF88","BF88_1",8.39856057869882
"BF89","BF89","BF89_1",8.44126178492608
"BF90","BF90","BF90_1",8.3951800680357
"BF91","BF91","BF91_1",8.32070460037679
"BF92","BF92","BF92_1",8.34900429383533
"BF93","BF93","BF93_1",8.35739324429346
"BF94","BF94","BF94_1",8.32110711684987
"BF95","BF95","BF95_1",8.37533879030744
"BF96","BF96","BF96_1",8.38683390748688
"BF97","BF97","BF97_1",8.39545210706074
"BF98","BF98","BF98_1",8.3834503954004
"BF99","BF99","BF99_1",8.41975989413747
"BG09","BG09","BG09_1",8.57967674410581
"BG19","BG19","BG19_1",8.58874740256915
"BG26","BG26","BG26_1",8.59924215038522
"BG27","BG27","BG27_1",8.57891360641167
"BG28","BG28","BG28_1",8.58384108158232
"BG29","BG29","BG29_1",8.58691543859214
"BG30","BG30","BG30_1",8.68181272561106
"BG31","BG31","BG31_1",8.66658353194058
"BG32","BG32","BG32_1",8.66371305401917
"BG33","BG33","BG33_1",8.65632708049784
"BG36","BG36","BG36_1",8.60532777189908
"BG37","BG37","BG37_1",8.60484624434396
"BG38","BG38","BG38_1",8.60554155202562
"BG39","BG39","BG39_1",8.54215734041099
"BG40","BG40","BG40_1",8.68963687824013
"BG41","BG41","BG41_1",8.66533212838893
"BG42","BG42","BG42_1",8.66621054342695
"BG43","BG43","BG43_1",8.67334229249836
"BG45","BG45","BG45_1",8.66051817152373
"BG48","BG48","BG48_1",8.63922139190517
"BG49","BG49","BG49_1",8.57788476268386
"BG50","BG50","BG50_1",8.69371824662969
"BG51","BG51","BG51_1",8.71074411953316
"BG52","BG52","BG52_1",8.70740262359852
"BG53","BG53","BG53_1",8.69586444554142
"BG54","BG54","BG54_1",8.6861287890745
"BG55","BG55","BG55_1",8.67267147873393
"BG56","BG56","BG56_1",8.67202674753162
"BG57","BG57","BG57_1",8.64929166052039
"BG58","BG58","BG58_1",8.63349104232441
"BG59","BG59","BG59_1",8.60674046733736
"BG60","BG60","BG60_1",8.7110423203875
"BG61","BG61","BG61_1",8.72521280823333
"BG62","BG62","BG62_1",8.70109253651358
"BG63","BG63","BG63_1",8.68949025952627
"BG64","BG64","BG64_1",8.6594221705468
"BG65","BG65","BG65_1",8.64148499215589
"BG66","BG66","BG66_1",8.66944322021409
"BG67","BG67","BG67_1",8.65733830941033
"BG68","BG68","BG68_1",8.59877923265346
"BG69","BG69","BG69_1",8.57752057401097
"BG70","BG70","BG70_1",8.71763547481386
"BG71","BG71","BG71_1",8.71621757359231
"BG72","BG72","BG72_1",8.63698825455503
"BG73","BG73","BG73_1",8.63557443193386
"BG74","BG74","BG74_1",8.62437014213776
"BG75","BG75","BG75_1",8.61775691190975
"BG76","BG76","BG76_1",8.67287030277075
"BG77","BG77","BG77_1",8.63773501498709
"BG78","BG78","BG78_1",8.56623928043498
"BG79","BG79","BG79_1",8.54181104139208
"BG80","BG80","BG80_1",8.6975941611559
"BG81","BG81","BG81_1",8.62080507684374
"BG82","BG82","BG82_1",8.61578606636414
"BG83","BG83","BG83_1",8.60216033349491
"BG84","BG84","BG84_1",8.54270255074374
"BG85","BG85","BG85_1",8.62153516852056
"BG86","BG86","BG86_1",8.65373884018431
"BG87","BG87","BG87_1",8.60712420782413
"BG88","BG88","BG88_1",8.56410494717733
"BG89","BG89","BG89_1",8.45984246181085
"BG90","BG90","BG90_1",8.67549977324066
"BG91","BG91","BG91_1",8.62575978403322
"BG92","BG92","BG92_1",8.548680339703
"BG93","BG93","BG93_1",8.52274031046154
"BG94","BG94","BG94_1",8.54296540340662
"BG95","BG95","BG95_1",8.60520090010117
"BG96","BG96","BG96_1",8.55942389681068
"BG97","BG97","BG97_1",8.5255006993889
"BG98","BG98","BG98_1",8.53087563192139
"BG99","BG99","BG99_1",8.37400937329867
"BH49","BH49","BH49_1",8.69821643829346
"BH57","BH57","BH57_1",8.75532628774087
"BH58","BH58","BH58_1",8.71489068610415
"BH59","BH59","BH59_1",8.68751591371895
"BH66","BH66","BH66_1",8.78160204403449
"BH67","BH67","BH67_1",8.76286260359135
"BH68","BH68","BH68_1",8.73270694204929
"BH69","BH69","BH69_1",8.7056432870213
"BH76","BH76","BH76_1",8.8002747955036
"BH77","BH77","BH77_1",8.77016447184002
"BH78","BH78","BH78_1",8.71312587529034
"BH79","BH79","BH79_1",8.70331151044686
"BH86","BH86","BH86_1",8.80674975542701
"BH87","BH87","BH87_1",8.8003757449759
"BH88","BH88","BH88_1",8.73151194642258
"BH89","BH89","BH89_1",8.70217698684188
"BH96","BH96","BH96_1",8.79962131307468
"BH97","BH97","BH97_1",8.79535626250141
"BH98","BH98","BH98_1",8.74622751642575
"BH99","BH99","BH99_1",8.68518780382632
"CB70","CB70","CB70_1",8.49057256349928
"CB80","CB80","CB80_1",8.48555101126713
"CB81","CB81","CB81_1",8.52393846209783
"CB82","CB82","CB82_1",8.50384158944538
"CB90","CB90","CB90_1",8.53049958002287
"CB91","CB91","CB91_1",8.48450193024705
"CB92","CB92","CB92_1",8.44727855734615
"CB93","CB93","CB93_1",8.38300198132339
"CB94","CB94","CB94_1",8.45283581394666
"CC01","CC01","CC01_1",8.53852486342884
"CC03","CC03","CC03_1",8.51896615715954
"CC04","CC04","CC04_1",8.48587976573139
"CC05","CC05","CC05_1",8.48173079065056
"CC06","CC06","CC06_1",8.42001753825057
"CC10","CC10","CC10_1",8.55602361249074
"CC11","CC11","CC11_1",8.55207108562734
"CC14","CC14","CC14_1",8.52690741310817
"CC15","CC15","CC15_1",8.51279963816115
"CC16","CC16","CC16_1",8.46775845844535
"CC20","CC20","CC20_1",8.54926412443308
"CC21","CC21","CC21_1",8.4620398225642
"CC22","CC22","CC22_1",8.54293808589763
"CC23","CC23","CC23_1",8.54702044864471
"CC24","CC24","CC24_1",8.52932800660323
"CC25","CC25","CC25_1",8.51713698634856
"CC26","CC26","CC26_1",8.4900735143545
"CC30","CC30","CC30_1",8.50422560520747
"CC31","CC31","CC31_1",8.50007234874286
"CC32","CC32","CC32_1",8.44377177588295
"CC33","CC33","CC33_1",8.53671160014171
"CC34","CC34","CC34_1",8.46869133468466
"CC35","CC35","CC35_1",8.40086215999943
"CC36","CC36","CC36_1",8.39925466674033
"CC40","CC40","CC40_1",8.42490111198893
"CC41","CC41","CC41_1",8.45654054658726
"CC42","CC42","CC42_1",8.50337237205984
"CC43","CC43","CC43_1",8.5593943443368
"CC44","CC44","CC44_1",8.511373910238
"CC45","CC45","CC45_1",8.35150909832342
"CC46","CC46","CC46_1",8.37837490329465
"CC47","CC47","CC47_1",8.56177300363534
"CC50","CC50","CC50_1",8.38950669636415
"CC51","CC51","CC51_1",8.39754124137384
"CC52","CC52","CC52_1",8.45659296874515
"CC53","CC53","CC53_1",8.51654817242118
"CC54","CC54","CC54_1",8.55334779005997
"CC55","CC55","CC55_1",8.45289594734216
"CC56","CC56","CC56_1",8.45010724637587
"CC57","CC57","CC57_1",8.54747753547894
"CC60","CC60","CC60_1",8.44773663536995
"CC61","CC61","CC61_1",8.44583643269088
"CC62","CC62","CC62_1",8.49309856892901
"CC63","CC63","CC63_1",8.5177409154531
"CC64","CC64","CC64_1",8.59034294020594
"CC65","CC65","CC65_1",8.57544291839343
"CC66","CC66","CC66_1",8.56805121171443
"CC67","CC67","CC67_1",8.50843851387148
"CC68","CC68","CC68_1",8.53736206457348
"CC70","CC70","CC70_1",8.41660522438807
"CC71","CC71","CC71_1",8.42304933397971
"CC72","CC72","CC72_1",8.47595568194217
"CC73","CC73","CC73_1",8.6021139121
"CC74","CC74","CC74_1",8.59851767354238
"CC75","CC75","CC75_1",8.57854578962491
"CC76","CC76","CC76_1",8.58288729339021
"CC77","CC77","CC77_1",8.54256611586321
"CC78","CC78","CC78_1",8.52212624620483
"CC79","CC79","CC79_1",8.49571483733873
"CC80","CC80","CC80_1",8.36561189734223
"CC81","CC81","CC81_1",8.31119146045122
"CC82","CC82","CC82_1",8.29441037164435
"CC83","CC83","CC83_1",8.52114552367428
"CC84","CC84","CC84_1",8.5943647905769
"CC85","CC85","CC85_1",8.59853550662469
"CC86","CC86","CC86_1",8.60379159375069
"CC87","CC87","CC87_1",8.57077597328949
"CC88","CC88","CC88_1",8.56365449092079
"CC89","CC89","CC89_1",8.49563919344164
"CC90","CC90","CC90_1",8.25987292476892
"CC91","CC91","CC91_1",8.30263278724729
"CC92","CC92","CC92_1",8.3690400699764
"CC93","CC93","CC93_1",8.45583018752128
"CC94","CC94","CC94_1",8.60670529772632
"CC95","CC95","CC95_1",8.6210908269449
"CC96","CC96","CC96_1",8.5900541833677
"CC97","CC97","CC97_1",8.55643053389816
"CC98","CC98","CC98_1",8.56317663969089
"CC99","CC99","CC99_1",8.56072878372045
"CD00","CD00","CD00_1",8.41152879284143
"CD01","CD01","CD01_1",8.40112987908878
"CD02","CD02","CD02_1",8.4738415164823
"CD03","CD03","CD03_1",8.53045664596806
"CD04","CD04","CD04_1",8.50034864370021
"CD05","CD05","CD05_1",8.45811359005857
"CD06","CD06","CD06_1",8.35957205182515
"CD07","CD07","CD07_1",8.44481334229185
"CD08","CD08","CD08_1",8.47355796251419
"CD09","CD09","CD09_1",8.48649506921847
"CD10","CD10","CD10_1",8.34427356898949
"CD11","CD11","CD11_1",8.38593140465764
"CD12","CD12","CD12_1",8.41241596824428
"CD13","CD13","CD13_1",8.51557819328418
"CD14","CD14","CD14_1",8.54126418692664
"CD15","CD15","CD15_1",8.57024080165579
"CD16","CD16","CD16_1",8.47378941460488
"CD17","CD17","CD17_1",8.46888792713452
"CD18","CD18","CD18_1",8.51378596670517
"CD20","CD20","CD20_1",8.32726127582928
"CD21","CD21","CD21_1",8.37987379457492
"CD22","CD22","CD22_1",8.49723620400123
"CD23","CD23","CD23_1",8.49356575217244
"CD24","CD24","CD24_1",8.42620540427883
"CD25","CD25","CD25_1",8.58198070117033
"CD26","CD26","CD26_1",8.52320784927823
"CD27","CD27","CD27_1",8.5562435256561
"CD28","CD28","CD28_1",8.52789281840582
"CD29","CD29","CD29_1",8.48965451746504
"CD30","CD30","CD30_1",8.29239790157397
"CD31","CD31","CD31_1",8.43982707797638
"CD32","CD32","CD32_1",8.46388712133301
"CD33","CD33","CD33_1",8.52592647848186
"CD34","CD34","CD34_1",8.54632216961797
"CD35","CD35","CD35_1",8.59573675672628
"CD36","CD36","CD36_1",8.57136500665077
"CD37","CD37","CD37_1",8.45713098928543
"CD38","CD38","CD38_1",8.43909282146487
"CD39","CD39","CD39_1",8.4658050615159
"CD40","CD40","CD40_1",8.44808963200057
"CD41","CD41","CD41_1",8.39911789362694
"CD42","CD42","CD42_1",8.37856138461756
"CD43","CD43","CD43_1",8.5682238884532
"CD44","CD44","CD44_1",8.45181686770426
"CD45","CD45","CD45_1",8.44510224623891
"CD46","CD46","CD46_1",8.48669319256633
"CD47","CD47","CD47_1",8.46901266709617
"CD48","CD48","CD48_1",8.43765858050714
"CD49","CD49","CD49_1",8.45941765234406
"CD50","CD50","CD50_1",8.46868024207125
"CD51","CD51","CD51_1",8.39349981775946
"CD52","CD52","CD52_1",8.37174710588175
"CD53","CD53","CD53_1",8.50238642870899
"CD54","CD54","CD54_1",8.48164455942029
"CD55","CD55","CD55_1",8.43744674214942
"CD56","CD56","CD56_1",8.45776982852219
"CD57","CD57","CD57_1",8.44404428683386
"CD58","CD58","CD58_1",8.44827771086205
"CD59","CD59","CD59_1",8.40667972358363
"CD60","CD60","CD60_1",8.37168158754437
"CD61","CD61","CD61_1",8.34138856420777
"CD62","CD62","CD62_1",8.36659965598986
"CD63","CD63","CD63_1",8.4927998390875
"CD64","CD64","CD64_1",8.45434405395203
"CD65","CD65","CD65_1",8.39878753353799
"CD66","CD66","CD66_1",8.44372711152514
"CD67","CD67","CD67_1",8.4289595536305
"CD68","CD68","CD68_1",8.44061774898753
"CD69","CD69","CD69_1",8.4196276045503
"CD70","CD70","CD70_1",8.32776177239317
"CD71","CD71","CD71_1",8.43022785326684
"CD72","CD72","CD72_1",8.3560450208821
"CD73","CD73","CD73_1",8.45862807277281
"CD74","CD74","CD74_1",8.44708102188896
"CD75","CD75","CD75_1",8.3815259769004
"CD76","CD76","CD76_1",8.42652675710305
"CD77","CD77","CD77_1",8.37430961265058
"CD78","CD78","CD78_1",8.41221844537001
"CD79","CD79","CD79_1",8.42356019074516
"CD80","CD80","CD80_1",8.24861021371476
"CD81","CD81","CD81_1",8.47972776187115
"CD82","CD82","CD82_1",8.36242134582496
"CD83","CD83","CD83_1",8.44134084957295
"CD84","CD84","CD84_1",8.48720802168286
"CD85","CD85","CD85_1",8.37610083922759
"CD86","CD86","CD86_1",8.38538472995966
"CD87","CD87","CD87_1",8.24525779782096
"CD88","CD88","CD88_1",8.31439525337536
"CD89","CD89","CD89_1",8.37574074432002
"CD90","CD90","CD90_1",8.34433971964454
"CD91","CD91","CD91_1",8.45266148163194
"CD92","CD92","CD92_1",8.35949217581306
"CD93","CD93","CD93_1",8.46373221016779
"CD94","CD94","CD94_1",8.4166336893053
"CD95","CD95","CD95_1",8.40049246717546
"CD96","CD96","CD96_1",8.31102606119567
"CD97","CD97","CD97_1",8.2479895988962
"CD98","CD98","CD98_1",8.20400527794306
"CD99","CD99","CD99_1",8.23971330646062
"CE00","CE00","CE00_1",8.36614358838709
"CE01","CE01","CE01_1",8.3647658783824
"CE02","CE02","CE02_1",8.33118336102003
"CE03","CE03","CE03_1",8.29058465250757
"CE04","CE04","CE04_1",8.2898031617257
"CE05","CE05","CE05_1",8.33947966128941
"CE06","CE06","CE06_1",8.3326547170002
"CE07","CE07","CE07_1",8.32365197007009
"CE08","CE08","CE08_1",8.36490265665607
"CE09","CE09","CE09_1",8.42418441719081
"CE10","CE10","CE10_1",8.32673481502969
"CE11","CE11","CE11_1",8.30429559475471
"CE12","CE12","CE12_1",8.29093940324087
"CE13","CE13","CE13_1",8.26165497421242
"CE14","CE14","CE14_1",8.22003283363874
"CE15","CE15","CE15_1",8.27288780740479
"CE16","CE16","CE16_1",8.26916553877309
"CE17","CE17","CE17_1",8.29757705308826
"CE18","CE18","CE18_1",8.37945537261984
"CE19","CE19","CE19_1",8.38350833890276
"CE20","CE20","CE20_1",8.27248794546472
"CE21","CE21","CE21_1",8.24301327482438
"CE22","CE22","CE22_1",8.17303680943979
"CE23","CE23","CE23_1",8.2072048248883
"CE24","CE24","CE24_1",8.21071925614618
"CE25","CE25","CE25_1",8.21910331948925
"CE26","CE26","CE26_1",8.24902622781348
"CE27","CE27","CE27_1",8.30988935334434
"CE28","CE28","CE28_1",8.29104603519562
"CE29","CE29","CE29_1",8.25326242964536
"CE30","CE30","CE30_1",8.2107091231106
"CE31","CE31","CE31_1",8.21677229617327
"CE32","CE32","CE32_1",8.15589798951098
"CE33","CE33","CE33_1",8.13557174341724
"CE34","CE34","CE34_1",8.12129876725855
"CE35","CE35","CE35_1",8.17774576093983
"CE36","CE36","CE36_1",8.16484196993084
"CE37","CE37","CE37_1",8.22555459978871
"CE38","CE38","CE38_1",8.21044728167151
"CE39","CE39","CE39_1",8.20199280188451
"CE40","CE40","CE40_1",8.11192845337162
"CE41","CE41","CE41_1",8.13711768866358
"CE42","CE42","CE42_1",8.08228964128866
"CE43","CE43","CE43_1",8.05853643502883
"CE44","CE44","CE44_1",8.04690166766294
"CE45","CE45","CE45_1",8.13728475656612
"CE46","CE46","CE46_1",8.15479794396913
"CE47","CE47","CE47_1",8.21709545228905
"CE48","CE48","CE48_1",8.22571449653433
"CE49","CE49","CE49_1",8.33455699859282
"CE50","CE50","CE50_1",7.98564008113908
"CE51","CE51","CE51_1",8.05603165374823
"CE52","CE52","CE52_1",8.06674550737444
"CE53","CE53","CE53_1",7.99950427063179
"CE54","CE54","CE54_1",8.1009155466982
"CE55","CE55","CE55_1",8.11290847803851
"CE56","CE56","CE56_1",8.20230049032955
"CE57","CE57","CE57_1",8.25600381499688
"CE58","CE58","CE58_1",8.32904267596485
"CE59","CE59","CE59_1",8.3932509213887
"CE60","CE60","CE60_1",8.02358948477097
"CE61","CE61","CE61_1",8.06071511794278
"CE62","CE62","CE62_1",8.11297022012398
"CE63","CE63","CE63_1",7.96174129143742
"CE64","CE64","CE64_1",8.30957667058967
"CE65","CE65","CE65_1",8.2690446077402
"CE66","CE66","CE66_1",8.25959406393711
"CE67","CE67","CE67_1",8.28209918468178
"CE68","CE68","CE68_1",8.32408855981867
"CE69","CE69","CE69_1",8.34123984424985
"CE70","CE70","CE70_1",7.98539283652218
"CE71","CE71","CE71_1",7.94916732743121
"CE72","CE72","CE72_1",8.20291046065767
"CE73","CE73","CE73_1",8.07902189346689
"CE74","CE74","CE74_1",8.32532532343385
"CE75","CE75","CE75_1",8.29913941559261
"CE76","CE76","CE76_1",8.19869227447904
"CE77","CE77","CE77_1",8.33850511970383
"CE78","CE78","CE78_1",8.45299258838656
"CE79","CE79","CE79_1",8.40747740701436
"CE80","CE80","CE80_1",8.17510518778656
"CE81","CE81","CE81_1",8.1998967353958
"CE82","CE82","CE82_1",8.33788725652972
"CE83","CE83","CE83_1",8.0746400313832
"CE84","CE84","CE84_1",8.20588005045671
"CE85","CE85","CE85_1",8.30981680917151
"CE86","CE86","CE86_1",8.3484056762996
"CE87","CE87","CE87_1",8.39541184122786
"CE88","CE88","CE88_1",8.38014965025839
"CE89","CE89","CE89_1",8.40176004231639
"CE90","CE90","CE90_1",8.18027748234951
"CE91","CE91","CE91_1",8.18777999964898
"CE92","CE92","CE92_1",8.41761093864286
"CE93","CE93","CE93_1",8.30468411766792
"CE94","CE94","CE94_1",8.10225862397819
"CE95","CE95","CE95_1",8.09061007165933
"CE96","CE96","CE96_1",8.27998779971265
"CE97","CE97","CE97_1",8.27387366456844
"CE98","CE98","CE98_1",8.28129849769431
"CE99","CE99","CE99_1",8.28286250561951
"CF00","CF00","CF00_1",8.38672719681635
"CF01","CF01","CF01_1",8.25454950884504
"CF02","CF02","CF02_1",8.24456211735848
"CF03","CF03","CF03_1",8.27438356695885
"CF04","CF04","CF04_1",8.27822901112624
"CF05","CF05","CF05_1",8.3260526721137
"CF06","CF06","CF06_1",8.320235029744
"CF07","CF07","CF07_1",8.35150005667423
"CF08","CF08","CF08_1",8.31582724539056
"CF09","CF09","CF09_1",8.35792171907326
"CF10","CF10","CF10_1",8.3649981486818
"CF11","CF11","CF11_1",8.2885829075753
"CF12","CF12","CF12_1",8.24291591597501
"CF13","CF13","CF13_1",8.22963784626381
"CF14","CF14","CF14_1",8.26948122237697
"CF15","CF15","CF15_1",8.2582647957135
"CF16","CF16","CF16_1",8.26167671492783
"CF17","CF17","CF17_1",8.27588587631277
"CF18","CF18","CF18_1",8.3098978502565
"CF19","CF19","CF19_1",8.26786769681192
"CF20","CF20","CF20_1",8.40330961078013
"CF21","CF21","CF21_1",8.34357555494327
"CF22","CF22","CF22_1",8.25316795518514
"CF23","CF23","CF23_1",8.20655984538609
"CF24","CF24","CF24_1",8.1976111753023
"CF25","CF25","CF25_1",8.13451266111358
"CF26","CF26","CF26_1",8.18267354173496
"CF27","CF27","CF27_1",8.16049923249007
"CF28","CF28","CF28_1",8.18894349368165
"CF29","CF29","CF29_1",8.25989349827094
"CF30","CF30","CF30_1",8.3805529250691
"CF31","CF31","CF31_1",8.30205783843941
"CF32","CF32","CF32_1",8.26459218330029
"CF33","CF33","CF33_1",8.35536595384926
"CF34","CF34","CF34_1",8.19610675442866
"CF35","CF35","CF35_1",8.04094663144327
"CF36","CF36","CF36_1",8.12734173008564
"CF37","CF37","CF37_1",8.07852770000948
"CF38","CF38","CF38_1",8.06377524923718
"CF39","CF39","CF39_1",8.18294473617985
"CF40","CF40","CF40_1",8.41603597342597
"CF41","CF41","CF41_1",8.28229300870945
"CF42","CF42","CF42_1",8.24274069126654
"CF43","CF43","CF43_1",8.2607162917451
"CF44","CF44","CF44_1",8.19854672543887
"CF45","CF45","CF45_1",8.12954887472794
"CF46","CF46","CF46_1",8.12507062565723
"CF47","CF47","CF47_1",8.03981487839497
"CF48","CF48","CF48_1",7.95259198389982
"CF49","CF49","CF49_1",8.08012201388171
"CF50","CF50","CF50_1",8.43222368678704
"CF51","CF51","CF51_1",8.39104426606377
"CF52","CF52","CF52_1",8.27264748642285
"CF53","CF53","CF53_1",8.19868277037211
"CF54","CF54","CF54_1",8.35388370508559
"CF55","CF55","CF55_1",8.10870742576493
"CF56","CF56","CF56_1",8.04855515119223
"CF57","CF57","CF57_1",8.08927444138561
"CF58","CF58","CF58_1",8.10847758102776
"CF59","CF59","CF59_1",8.00719270307363
"CF60","CF60","CF60_1",8.46533782096771
"CF61","CF61","CF61_1",8.31548441149122
"CF62","CF62","CF62_1",8.24918619949538
"CF63","CF63","CF63_1",8.1910007901377
"CF64","CF64","CF64_1",8.38224693208539
"CF65","CF65","CF65_1",8.17467094382883
"CF66","CF66","CF66_1",8.10539618959841
"CF67","CF67","CF67_1",8.16987833898601
"CF68","CF68","CF68_1",8.19563772309064
"CF69","CF69","CF69_1",8.04793729085623
"CF70","CF70","CF70_1",8.58444091074178
"CF71","CF71","CF71_1",8.43382718892927
"CF72","CF72","CF72_1",8.32967552124633
"CF73","CF73","CF73_1",8.27473292104561
"CF74","CF74","CF74_1",8.3918286859521
"CF75","CF75","CF75_1",8.14784930912566
"CF76","CF76","CF76_1",8.11492543832042
"CF77","CF77","CF77_1",8.22302074706167
"CF78","CF78","CF78_1",8.26608796525819
"CF79","CF79","CF79_1",8.18756080784811
"CF80","CF80","CF80_1",8.57425397013322
"CF81","CF81","CF81_1",8.50797917949577
"CF82","CF82","CF82_1",8.53202542215688
"CF83","CF83","CF83_1",8.4240820084108
"CF84","CF84","CF84_1",8.49778410662631
"CF85","CF85","CF85_1",8.22749557721902
"CF86","CF86","CF86_1",8.22617224263761
"CF87","CF87","CF87_1",8.30388805937952
"CF88","CF88","CF88_1",8.31391331489921
"CF89","CF89","CF89_1",8.18137915873397
"CF90","CF90","CF90_1",8.57354478857536
"CF91","CF91","CF91_1",8.59018403657652
"CF92","CF92","CF92_1",8.52290018990424
"CF93","CF93","CF93_1",8.56264363728106
"CF94","CF94","CF94_1",8.36303607738805
"CF95","CF95","CF95_1",8.33346586130283
"CF96","CF96","CF96_1",8.28482118501541
"CF97","CF97","CF97_1",8.36187924637885
"CF98","CF98","CF98_1",8.43672472039677
"CF99","CF99","CF99_1",8.38138073363249
"CG00","CG00","CG00_1",8.6594904609332
"CG01","CG01","CG01_1",8.62363628358601
"CG02","CG02","CG02_1",8.52220977164511
"CG03","CG03","CG03_1",8.54491493019058
"CG04","CG04","CG04_1",8.61315570530743
"CG05","CG05","CG05_1",8.52758618259226
"CG06","CG06","CG06_1",8.40705287788269
"CG07","CG07","CG07_1",8.47946483173621
"CG08","CG08","CG08_1",8.47087560531735
"CG09","CG09","CG09_1",8.38128513547309
"CG10","CG10","CG10_1",8.62850635425311
"CG11","CG11","CG11_1",8.52358517129217
"CG12","CG12","CG12_1",8.45161240362271
"CG13","CG13","CG13_1",8.54241406590514
"CG14","CG14","CG14_1",8.56027167491243
"CG15","CG15","CG15_1",8.51130677491909
"CG16","CG16","CG16_1",8.38571297229171
"CG17","CG17","CG17_1",8.41668649543954
"CG18","CG18","CG18_1",8.46729191807065
"CG19","CG19","CG19_1",8.39958066902447
"CG20","CG20","CG20_1",8.58370656262333
"CG21","CG21","CG21_1",8.40966231563379
"CG22","CG22","CG22_1",8.43933018831805
"CG23","CG23","CG23_1",8.51971386208277
"CG24","CG24","CG24_1",8.48758803660339
"CG25","CG25","CG25_1",8.52987671685664
"CG26","CG26","CG26_1",8.46408592441104
"CG27","CG27","CG27_1",8.39763272971415
"CG28","CG28","CG28_1",8.4744363879172
"CG29","CG29","CG29_1",8.48514521485206
"CG30","CG30","CG30_1",8.56925149613768
"CG31","CG31","CG31_1",8.48695316711091
"CG32","CG32","CG32_1",8.48093765411177
"CG33","CG33","CG33_1",8.5000283771709
"CG34","CG34","CG34_1",8.48284090175262
"CG35","CG35","CG35_1",8.50482520129654
"CG36","CG36","CG36_1",8.45881231318659
"CG37","CG37","CG37_1",8.42709514401467
"CG38","CG38","CG38_1",8.46367339480702
"CG39","CG39","CG39_1",8.43743364035363
"CG40","CG40","CG40_1",8.53135398173877
"CG41","CG41","CG41_1",8.48716137293833
"CG42","CG42","CG42_1",8.46420432666441
"CG43","CG43","CG43_1",8.45483308999399
"CG44","CG44","CG44_1",8.49183539299921
"CG45","CG45","CG45_1",8.4311847047805
"CG46","CG46","CG46_1",8.4180480357254
"CG47","CG47","CG47_1",8.42420051602187
"CG48","CG48","CG48_1",8.4140140068227
"CG49","CG49","CG49_1",8.34834708503213
"CG50","CG50","CG50_1",8.52284551504188
"CG51","CG51","CG51_1",8.49902921205645
"CG52","CG52","CG52_1",8.45158595138094
"CG53","CG53","CG53_1",8.54274290522441
"CG54","CG54","CG54_1",8.5743227691303
"CG55","CG55","CG55_1",8.40151759327727
"CG56","CG56","CG56_1",8.43757006647781
"CG57","CG57","CG57_1",8.40663630544311
"CG58","CG58","CG58_1",8.38137190013771
"CG59","CG59","CG59_1",8.4040519582022
"CG60","CG60","CG60_1",8.60571139121235
"CG61","CG61","CG61_1",8.66141610434421
"CG62","CG62","CG62_1",8.6710570571179
"CG63","CG63","CG63_1",8.51880194321969
"CG64","CG64","CG64_1",8.57387303785073
"CG65","CG65","CG65_1",8.52741809823115
"CG66","CG66","CG66_1",8.54144655326341
"CG67","CG67","CG67_1",8.47793980619841
"CG68","CG68","CG68_1",8.39164731101653
"CG69","CG69","CG69_1",8.50715473096805
"CG71","CG71","CG71_1",8.73647594375837
"CG73","CG73","CG73_1",8.60776537829576
"CG74","CG74","CG74_1",8.58727012722861
"CG75","CG75","CG75_1",8.59610811413284
"CG76","CG76","CG76_1",8.55364296655183
"CG77","CG77","CG77_1",8.60663681511675
"CG78","CG78","CG78_1",8.50412164910582
"CG79","CG79","CG79_1",8.53577846246237
"CG80","CG80","CG80_1",8.73459450627897
"CG83","CG83","CG83_1",8.66913370196725
"CG84","CG84","CG84_1",8.63462125032383
"CG85","CG85","CG85_1",8.67178108742906
"CG86","CG86","CG86_1",8.65789918107193
"CG88","CG88","CG88_1",8.65702762485276
"CG89","CG89","CG89_1",8.60221614468275
"CG90","CG90","CG90_1",8.6976259200434
"CG94","CG94","CG94_1",8.69689874729633
"CG95","CG95","CG95_1",8.70135155504924
"CG98","CG98","CG98_1",8.65565210845567
"CG99","CG99","CG99_1",8.6094128018676
"CH06","CH06","CH06_1",8.81186307730054
"CH07","CH07","CH07_1",8.7726126971052
"CH08","CH08","CH08_1",8.73386309797311
"CH09","CH09","CH09_1",8.69865277193032
"CH16","CH16","CH16_1",8.78685382287902
"CH17","CH17","CH17_1",8.76125957759375
"CH18","CH18","CH18_1",8.70949936283728
"CH19","CH19","CH19_1",8.66703932674111
"CH25","CH25","CH25_1",8.7153490661601
"CH26","CH26","CH26_1",8.74333341526461
"CH27","CH27","CH27_1",8.73593630629797
"CH28","CH28","CH28_1",8.69525718659682
"CH29","CH29","CH29_1",8.64625082093989
"CH34","CH34","CH34_1",8.74172439173185
"CH35","CH35","CH35_1",8.700924352129
"CH36","CH36","CH36_1",8.72436555197122
"CH37","CH37","CH37_1",8.70825764648456
"CH38","CH38","CH38_1",8.65954457289244
"CH39","CH39","CH39_1",8.61511443067706
"CH45","CH45","CH45_1",8.66070726424252
"CH46","CH46","CH46_1",8.68377803794499
"CH47","CH47","CH47_1",8.66955825653756
"CH48","CH48","CH48_1",8.60779715576255
"CH49","CH49","CH49_1",8.51127864826101
"CH55","CH55","CH55_1",8.68805270012522
"CH56","CH56","CH56_1",8.62965243636816
"CH57","CH57","CH57_1",8.60029836770301
"CH58","CH58","CH58_1",8.58297684177701
"CH59","CH59","CH59_1",8.63662500890748
"CH65","CH65","CH65_1",8.81842795122289
"CH66","CH66","CH66_1",8.65039475827489
"CH67","CH67","CH67_1",8.5622629425151
"CH68","CH68","CH68_1",8.54475403757282
"CH69","CH69","CH69_1",8.66318008041741
"CH76","CH76","CH76_1",8.80552006434615
"CH77","CH77","CH77_1",8.6770015433273
"CH78","CH78","CH78_1",8.56877787507953
"CH79","CH79","CH79_1",8.67242548633906
"CH85","CH85","CH85_1",8.83995190225282
"CH86","CH86","CH86_1",8.78245235188224
"CH87","CH87","CH87_1",8.70902682017279
"CH88","CH88","CH88_1",8.66231547197875
"CH89","CH89","CH89_1",8.76580482420317
"CH95","CH95","CH95_1",8.82186048856267
"CH96","CH96","CH96_1",8.77143239536693
"CH97","CH97","CH97_1",8.69439233120642
"CH98","CH98","CH98_1",8.75053365291482
"CH99","CH99","CH99_1",8.73026348721021
"DA80","DA80","DA80_1",8.46500777935635
"DA90","DA90","DA90_1",8.47357618686184
"DB00","DB00","DB00_1",8.46428884972772
"DB01","DB01","DB01_1",8.47274001880565
"DB02","DB02","DB02_1",8.46340729773889
"DB03","DB03","DB03_1",8.40009595271233
"DB04","DB04","DB04_1",8.4156757342774
"DB05","DB05","DB05_1",8.45091976514644
"DB10","DB10","DB10_1",8.44756441328705
"DB11","DB11","DB11_1",8.42796743326567
"DB12","DB12","DB12_1",8.44139863793012
"DB13","DB13","DB13_1",8.40398419705715
"DB14","DB14","DB14_1",8.38211620111851
"DB15","DB15","DB15_1",8.31896655100977
"DB16","DB16","DB16_1",8.37739569851295
"DB20","DB20","DB20_1",8.37252824588468
"DB21","DB21","DB21_1",8.36348870107653
"DB22","DB22","DB22_1",8.40296755641202
"DB23","DB23","DB23_1",8.38819294107368
"DB24","DB24","DB24_1",8.32827241826743
"DB25","DB25","DB25_1",8.28720809155285
"DB26","DB26","DB26_1",8.43371555015878
"DB30","DB30","DB30_1",8.21102056642969
"DB31","DB31","DB31_1",8.21465138148638
"DB32","DB32","DB32_1",8.2995226565043
"DB33","DB33","DB33_1",8.3545476229885
"DB34","DB34","DB34_1",8.22950339211411
"DB35","DB35","DB35_1",8.36706875667248
"DB36","DB36","DB36_1",8.45221645641861
"DB40","DB40","DB40_1",8.16915032351451
"DB41","DB41","DB41_1",8.27733388517769
"DB42","DB42","DB42_1",8.18405816692163
"DB43","DB43","DB43_1",8.35099788805443
"DB44","DB44","DB44_1",8.35229748222564
"DB45","DB45","DB45_1",8.40159978169639
"DB46","DB46","DB46_1",8.4199889097286
"DB47","DB47","DB47_1",8.46914502099055
"DB50","DB50","DB50_1",8.35336139168673
"DB51","DB51","DB51_1",8.26124293078247
"DB52","DB52","DB52_1",8.20087258153994
"DB53","DB53","DB53_1",8.1492180963394
"DB54","DB54","DB54_1",8.28386084797935
"DB55","DB55","DB55_1",8.39829495790694
"DB56","DB56","DB56_1",8.42548885507607
"DB57","DB57","DB57_1",8.41906385066548
"DB60","DB60","DB60_1",8.33689381870117
"DB61","DB61","DB61_1",8.25321308301731
"DB62","DB62","DB62_1",8.18881349363584
"DB63","DB63","DB63_1",8.26044736361438
"DB64","DB64","DB64_1",8.38104591623557
"DB65","DB65","DB65_1",8.45224521989521
"DB66","DB66","DB66_1",8.44840654601047
"DB67","DB67","DB67_1",8.4111943794314
"DB68","DB68","DB68_1",8.42923387121705
"DB70","DB70","DB70_1",8.40938558438243
"DB71","DB71","DB71_1",8.31247677422288
"DB72","DB72","DB72_1",8.19468240071135
"DB73","DB73","DB73_1",8.24765321311072
"DB74","DB74","DB74_1",8.46448605508734
"DB75","DB75","DB75_1",8.50255983317786
"DB76","DB76","DB76_1",8.49883645999141
"DB77","DB77","DB77_1",8.46632426041489
"DB78","DB78","DB78_1",8.43568923703368
"DB79","DB79","DB79_1",8.44963450950165
"DB80","DB80","DB80_1",8.46280598242156
"DB81","DB81","DB81_1",8.45600522625452
"DB82","DB82","DB82_1",8.37785865664468
"DB83","DB83","DB83_1",8.45819926678841
"DB84","DB84","DB84_1",8.51040962364324
"DB89","DB89","DB89_1",8.45519678233065
"DB94","DB94","DB94_1",8.50098310672786
"DB99","DB99","DB99_1",8.47958479547772
"DC00","DC00","DC00_1",8.39647255562379
"DC01","DC01","DC01_1",8.46780736757072
"DC02","DC02","DC02_1",8.43412251291645
"DC03","DC03","DC03_1",8.51245919434617
"DC04","DC04","DC04_1",8.56946177665223
"DC05","DC05","DC05_1",8.60996316424726
"DC06","DC06","DC06_1",8.57455282520884
"DC07","DC07","DC07_1",8.57004428726733
"DC08","DC08","DC08_1",8.55948252481249
"DC09","DC09","DC09_1",8.54262216520824
"DC10","DC10","DC10_1",8.346234410269
"DC11","DC11","DC11_1",8.42755624543722
"DC12","DC12","DC12_1",8.36330278257144
"DC13","DC13","DC13_1",8.45801033873002
"DC14","DC14","DC14_1",8.5116055618038
"DC15","DC15","DC15_1",8.5641390244729
"DC16","DC16","DC16_1",8.54190318295452
"DC17","DC17","DC17_1",8.54107451900482
"DC18","DC18","DC18_1",8.54246243779754
"DC19","DC19","DC19_1",8.47489595648069
"DC20","DC20","DC20_1",8.46183032506275
"DC21","DC21","DC21_1",8.47067365216683
"DC22","DC22","DC22_1",8.41653855771675
"DC23","DC23","DC23_1",8.5057902538065
"DC24","DC24","DC24_1",8.5827452509801
"DC25","DC25","DC25_1",8.58901035135706
"DC26","DC26","DC26_1",8.38451171000104
"DC27","DC27","DC27_1",8.50333940167781
"DC28","DC28","DC28_1",8.48733642448124
"DC29","DC29","DC29_1",8.40581177455272
"DC30","DC30","DC30_1",8.4568581309054
"DC31","DC31","DC31_1",8.5102094736353
"DC32","DC32","DC32_1",8.5623719304985
"DC33","DC33","DC33_1",8.53545147626108
"DC34","DC34","DC34_1",8.60238101941146
"DC35","DC35","DC35_1",8.52460849537671
"DC36","DC36","DC36_1",8.51378978195898
"DC37","DC37","DC37_1",8.48175734997646
"DC38","DC38","DC38_1",8.4274504160134
"DC39","DC39","DC39_1",8.32273073095392
"DC40","DC40","DC40_1",8.5757774144571
"DC41","DC41","DC41_1",8.58112706256568
"DC42","DC42","DC42_1",8.57227279164079
"DC43","DC43","DC43_1",8.59009939765607
"DC44","DC44","DC44_1",8.56320338453916
"DC45","DC45","DC45_1",8.50085831187654
"DC46","DC46","DC46_1",8.50942194609926
"DC47","DC47","DC47_1",8.3842251015681
"DC48","DC48","DC48_1",8.26479885494516
"DC49","DC49","DC49_1",8.19713963378508
"DC50","DC50","DC50_1",8.56944885607148
"DC51","DC51","DC51_1",8.57794552259099
"DC52","DC52","DC52_1",8.56982384575485
"DC53","DC53","DC53_1",8.57249214501427
"DC54","DC54","DC54_1",8.53611551953547
"DC55","DC55","DC55_1",8.51796588031262
"DC56","DC56","DC56_1",8.51010320561743
"DC57","DC57","DC57_1",8.31263781389278
"DC58","DC58","DC58_1",8.26659740740062
"DC59","DC59","DC59_1",8.43039491283232
"DC63","DC63","DC63_1",8.56146115385702
"DC64","DC64","DC64_1",8.53457045022031
"DC65","DC65","DC65_1",8.53234340268414
"DC66","DC66","DC66_1",8.51739593835371
"DC67","DC67","DC67_1",8.44836389091062
"DC68","DC68","DC68_1",8.47509846823512
"DC69","DC69","DC69_1",8.45053070529186
"DC76","DC76","DC76_1",8.57147705925748
"DC77","DC77","DC77_1",8.53440478687965
"DC78","DC78","DC78_1",8.45726052596585
"DC79","DC79","DC79_1",8.34932712291729
"DC88","DC88","DC88_1",8.50333967417038
"DC89","DC89","DC89_1",8.46489618589696
"DD00","DD00","DD00_1",8.3851823831118
"DD01","DD01","DD01_1",8.41928155974017
"DD02","DD02","DD02_1",8.46135115164612
"DD03","DD03","DD03_1",8.46227557702616
"DD04","DD04","DD04_1",8.42261505027184
"DD05","DD05","DD05_1",8.40176840278009
"DD06","DD06","DD06_1",8.26662372439989
"DD07","DD07","DD07_1",8.21335762575828
"DD08","DD08","DD08_1",8.19623423377442
"DD09","DD09","DD09_1",8.18441166607455
"DD10","DD10","DD10_1",8.46794847779085
"DD11","DD11","DD11_1",8.47933554724765
"DD12","DD12","DD12_1",8.42271638227431
"DD13","DD13","DD13_1",8.3852604496422
"DD14","DD14","DD14_1",8.37216619136184
"DD15","DD15","DD15_1",8.38840777608332
"DD16","DD16","DD16_1",8.38974821382138
"DD17","DD17","DD17_1",8.37977191072373
"DD18","DD18","DD18_1",8.38552089176138
"DD19","DD19","DD19_1",8.3186301448087
"DD20","DD20","DD20_1",8.3556115184196
"DD21","DD21","DD21_1",8.51118754742592
"DD22","DD22","DD22_1",8.37170180364281
"DD23","DD23","DD23_1",8.34919902173352
"DD24","DD24","DD24_1",8.32233548448327
"DD25","DD25","DD25_1",8.27015242879666
"DD26","DD26","DD26_1",8.53777780315118
"DD27","DD27","DD27_1",8.44171218165558
"DD28","DD28","DD28_1",8.3961041130646
"DD29","DD29","DD29_1",8.40065095509145
"DD30","DD30","DD30_1",8.44073885472618
"DD31","DD31","DD31_1",8.52991156754787
"DD32","DD32","DD32_1",8.37946399350244
"DD33","DD33","DD33_1",8.25348572019556
"DD34","DD34","DD34_1",8.3647832344154
"DD35","DD35","DD35_1",8.45235707878966
"DD36","DD36","DD36_1",8.47842412282598
"DD37","DD37","DD37_1",8.48970735337206
"DD38","DD38","DD38_1",8.50555032606686
"DD39","DD39","DD39_1",8.43758753462475
"DD40","DD40","DD40_1",8.44658000050086
"DD41","DD41","DD41_1",8.50262148742713
"DD42","DD42","DD42_1",8.43243944767483
"DD43","DD43","DD43_1",8.45502767854613
"DD44","DD44","DD44_1",8.44094062411729
"DD45","DD45","DD45_1",8.43363526308338
"DD46","DD46","DD46_1",8.49033057457872
"DD47","DD47","DD47_1",8.58958673694237
"DD48","DD48","DD48_1",8.57595472631932
"DD49","DD49","DD49_1",8.55643462694572
"DD50","DD50","DD50_1",8.50502659324147
"DD51","DD51","DD51_1",8.51248492375586
"DD52","DD52","DD52_1",8.61085611400601
"DD53","DD53","DD53_1",8.5718012009835
"DD54","DD54","DD54_1",8.56213738216794
"DD55","DD55","DD55_1",8.55492702982483
"DD56","DD56","DD56_1",8.57735477437884
"DD57","DD57","DD57_1",8.60127606322724
"DD58","DD58","DD58_1",8.58437848875726
"DD59","DD59","DD59_1",8.58261898207034
"DD60","DD60","DD60_1",8.46435825260106
"DD61","DD61","DD61_1",8.54396284329502
"DD62","DD62","DD62_1",8.54194189136292
"DD63","DD63","DD63_1",8.50338284635935
"DD64","DD64","DD64_1",8.54571657423293
"DD65","DD65","DD65_1",8.59291042082132
"DD66","DD66","DD66_1",8.60777747157874
"DD67","DD67","DD67_1",8.59368246135935
"DD70","DD70","DD70_1",8.42538532282907
"DD71","DD71","DD71_1",8.4584352566589
"DD72","DD72","DD72_1",8.54959091755635
"DD73","DD73","DD73_1",8.5846721168519
"DD80","DD80","DD80_1",8.3628912419393
"DD81","DD81","DD81_1",8.39383658781271
"DD82","DD82","DD82_1",8.42652547897909
"DD90","DD90","DD90_1",8.39978820278535
"DD91","DD91","DD91_1",8.3653908313
"DD92","DD92","DD92_1",8.39080566657114
"DD93","DD93","DD93_1",8.57294717137625
"DE00","DE00","DE00_1",8.05300650992948
"DE01","DE01","DE01_1",8.17809939905539
"DE02","DE02","DE02_1",8.32552663954906
"DE03","DE03","DE03_1",8.2078695441597
"DE04","DE04","DE04_1",8.18413640656639
"DE05","DE05","DE05_1",8.15771457133176
"DE06","DE06","DE06_1",8.21630892495719
"DE07","DE07","DE07_1",8.2023353017137
"DE08","DE08","DE08_1",8.11645590925107
"DE09","DE09","DE09_1",8.29596433684859
"DE10","DE10","DE10_1",8.08484455283275
"DE11","DE11","DE11_1",8.34472094538071
"DE12","DE12","DE12_1",8.26538797652423
"DE13","DE13","DE13_1",8.13372435154632
"DE14","DE14","DE14_1",8.3683133918097
"DE15","DE15","DE15_1",8.19592412776533
"DE16","DE16","DE16_1",8.13202961456715
"DE17","DE17","DE17_1",8.12153895295492
"DE18","DE18","DE18_1",8.32277167870178
"DE19","DE19","DE19_1",8.38259716722166
"DE20","DE20","DE20_1",8.1929682876102
"DE21","DE21","DE21_1",8.24344644916743
"DE22","DE22","DE22_1",8.11965764033779
"DE23","DE23","DE23_1",8.20982099528596
"DE24","DE24","DE24_1",8.44505700740226
"DE25","DE25","DE25_1",8.31610252323805
"DE26","DE26","DE26_1",8.17571760243172
"DE27","DE27","DE27_1",8.16679849646217
"DE28","DE28","DE28_1",8.37074183383005
"DE29","DE29","DE29_1",8.31567249876056
"DE30","DE30","DE30_1",8.18483048774554
"DE31","DE31","DE31_1",8.10060349596395
"DE32","DE32","DE32_1",8.21181209581956
"DE33","DE33","DE33_1",8.21998307425669
"DE34","DE34","DE34_1",8.42187352236952
"DE35","DE35","DE35_1",8.27522638149616
"DE36","DE36","DE36_1",8.31635490504444
"DE37","DE37","DE37_1",8.29828633790209
"DE38","DE38","DE38_1",8.30493715910636
"DE39","DE39","DE39_1",8.31432345319952
"DE40","DE40","DE40_1",8.44996942066228
"DE41","DE41","DE41_1",8.36620314028979
"DE42","DE42","DE42_1",8.248364755109
"DE43","DE43","DE43_1",8.21844165922681
"DE44","DE44","DE44_1",8.46659701680475
"DE45","DE45","DE45_1",8.2596305243191
"DE46","DE46","DE46_1",8.2862196052517
"DE47","DE47","DE47_1",8.27045078674147
"DE48","DE48","DE48_1",8.21058855184595
"DE49","DE49","DE49_1",8.33374121201286
"DE50","DE50","DE50_1",8.53085983865217
"DE51","DE51","DE51_1",8.5419455625581
"DE52","DE52","DE52_1",8.38694587111335
"DE53","DE53","DE53_1",8.3518820039415
"DE54","DE54","DE54_1",8.54383771270895
"DE55","DE55","DE55_1",8.50147111761169
"DE56","DE56","DE56_1",8.47344575143856
"DE57","DE57","DE57_1",8.14698980850686
"DE58","DE58","DE58_1",8.24964584561647
"DE59","DE59","DE59_1",8.38160026859999
"DE65","DE65","DE65_1",8.60179376447154
"DE66","DE66","DE66_1",8.57118645026151
"DE67","DE67","DE67_1",8.37180657161755
"DE68","DE68","DE68_1",8.37335824169536
"DE69","DE69","DE69_1",8.3948624173765
"DE70","DE70","DE70_1",8.56549017970472
"DE75","DE75","DE75_1",8.48362277865113
"DE76","DE76","DE76_1",8.59350186038959
"DE77","DE77","DE77_1",8.56394049770161
"DE78","DE78","DE78_1",8.30824567401212
"DE79","DE79","DE79_1",8.48880736357899
"DE80","DE80","DE80_1",8.5631560871988
"DE83","DE83","DE83_1",8.48483946597302
"DE84","DE84","DE84_1",8.43390660976165
"DE85","DE85","DE85_1",8.46261818265522
"DE86","DE86","DE86_1",8.36013904610339
"DE87","DE87","DE87_1",8.49581755954214
"DE88","DE88","DE88_1",8.40222888542926
"DE89","DE89","DE89_1",8.52035091826861
"DE90","DE90","DE90_1",8.48617465979096
"DE91","DE91","DE91_1",8.49433900132227
"DE93","DE93","DE93_1",8.46741830759072
"DE94","DE94","DE94_1",8.49061855456002
"DE95","DE95","DE95_1",8.44345454225139
"DE96","DE96","DE96_1",8.28573764808657
"DE97","DE97","DE97_1",8.3713114550895
"DE98","DE98","DE98_1",8.45706775196576
"DE99","DE99","DE99_1",8.50535259796707
"DF00","DF00","DF00_1",8.53190495806854
"DF01","DF01","DF01_1",8.48754053318899
"DF02","DF02","DF02_1",8.52448023919851
"DF04","DF04","DF04_1",8.3408952233894
"DF05","DF05","DF05_1",8.1866407803004
"DF06","DF06","DF06_1",8.26622842050247
"DF07","DF07","DF07_1",8.3531371190187
"DF08","DF08","DF08_1",8.54307265785909
"DF09","DF09","DF09_1",8.31909384113493
"DF10","DF10","DF10_1",8.49519307411949
"DF14","DF14","DF14_1",8.42730296206562
"DF15","DF15","DF15_1",8.19585433430749
"DF16","DF16","DF16_1",8.33613563367792
"DF17","DF17","DF17_1",8.44411756710735
"DF18","DF18","DF18_1",8.48495373491568
"DF19","DF19","DF19_1",8.24631427732991
"DF20","DF20","DF20_1",8.54254983955924
"DF21","DF21","DF21_1",8.60415272636995
"DF24","DF24","DF24_1",8.53318586803061
"DF25","DF25","DF25_1",8.5194499236149
"DF26","DF26","DF26_1",8.48608208836443
"DF27","DF27","DF27_1",8.52053351032396
"DF28","DF28","DF28_1",8.56405160587762
"DF29","DF29","DF29_1",8.2309007665905
"DF30","DF30","DF30_1",8.45349321685547
"DF31","DF31","DF31_1",8.58366757629916
"DF32","DF32","DF32_1",8.62606167793274
"DF36","DF36","DF36_1",8.54830588521633
"DF37","DF37","DF37_1",8.59219554114176
"DF38","DF38","DF38_1",8.57323292506726
"DF39","DF39","DF39_1",8.32067380167428
"DF40","DF40","DF40_1",8.38839339709711
"DF41","DF41","DF41_1",8.54731318152537
"DF42","DF42","DF42_1",8.60252625361965
"DF43","DF43","DF43_1",8.56288528503815
"DF47","DF47","DF47_1",8.58655293150553
"DF48","DF48","DF48_1",8.57820194491817
"DF49","DF49","DF49_1",8.48728026136435
"DF50","DF50","DF50_1",8.38303399065968
"DF51","DF51","DF51_1",8.51149015760554
"DF52","DF52","DF52_1",8.58544125174447
"DF55","DF55","DF55_1",8.56985059930311
"DF58","DF58","DF58_1",8.59496198039311
"DF59","DF59","DF59_1",8.525264819323
"DF60","DF60","DF60_1",8.45996409213285
"DF61","DF61","DF61_1",8.48210528574495
"DF62","DF62","DF62_1",8.57477810511698
"DF65","DF65","DF65_1",8.57878340679558
"DF66","DF66","DF66_1",8.57579547652511
"DF69","DF69","DF69_1",8.59152125195542
"DF70","DF70","DF70_1",8.531949227975
"DF71","DF71","DF71_1",8.53778188969197
"DF72","DF72","DF72_1",8.56529970582504
"DF80","DF80","DF80_1",8.55687567954827
"DF81","DF81","DF81_1",8.55971536547474
"DF90","DF90","DF90_1",8.54145978104149
"DF91","DF91","DF91_1",8.5445733804412
"DF96","DF96","DF96_1",8.50354195108778
"DF97","DF97","DF97_1",8.43490966863399
"DF98","DF98","DF98_1",8.51568810834388
"DG00","DG00","DG00_1",8.69329275334903
"DG05","DG05","DG05_1",8.68643541664792
"DG06","DG06","DG06_1",8.68573388697951
"DG07","DG07","DG07_1",8.6371723605521
"DG08","DG08","DG08_1",8.61674621963581
"DG09","DG09","DG09_1",8.55534129213055
"DG14","DG14","DG14_1",8.59009974733208
"DG15","DG15","DG15_1",8.547507253155
"DG16","DG16","DG16_1",8.62731468327888
"DG17","DG17","DG17_1",8.53648061526589
"DG18","DG18","DG18_1",8.48928791669215
"DG19","DG19","DG19_1",8.47362317796504
"DG21","DG21","DG21_1",8.65482158307603
"DG22","DG22","DG22_1",8.66484456727652
"DG23","DG23","DG23_1",8.65346017398805
"DG24","DG24","DG24_1",8.47283016610057
"DG25","DG25","DG25_1",8.40801429703989
"DG26","DG26","DG26_1",8.43110060725346
"DG27","DG27","DG27_1",8.34857166937844
"DG28","DG28","DG28_1",8.4286014992475
"DG29","DG29","DG29_1",8.51216210699684
"DG30","DG30","DG30_1",8.62664275633131
"DG31","DG31","DG31_1",8.65027151827931
"DG32","DG32","DG32_1",8.66422474491217
"DG33","DG33","DG33_1",8.56230702997418
"DG34","DG34","DG34_1",8.34464706492008
"DG35","DG35","DG35_1",8.22008793961236
"DG36","DG36","DG36_1",8.25582071913646
"DG37","DG37","DG37_1",8.3008456589262
"DG38","DG38","DG38_1",8.25319077310077
"DG39","DG39","DG39_1",8.42062662421659
"DG40","DG40","DG40_1",8.67043597980688
"DG41","DG41","DG41_1",8.54832964028721
"DG42","DG42","DG42_1",8.60450134453147
"DG43","DG43","DG43_1",8.41765736169653
"DG44","DG44","DG44_1",8.4522840894257
"DG45","DG45","DG45_1",8.27689440066082
"DG46","DG46","DG46_1",8.17025051303219
"DG47","DG47","DG47_1",8.17245505184001
"DG48","DG48","DG48_1",8.20322983241434
"DG49","DG49","DG49_1",8.35899888110292
"DG50","DG50","DG50_1",8.63144537926607
"DG51","DG51","DG51_1",8.55354850658608
"DG52","DG52","DG52_1",8.30689420252534
"DG53","DG53","DG53_1",8.26381023400651
"DG54","DG54","DG54_1",8.43146369802628
"DG55","DG55","DG55_1",8.44939606861979
"DG56","DG56","DG56_1",8.29785693815843
"DG57","DG57","DG57_1",8.1856173944748
"DG58","DG58","DG58_1",8.38713642192513
"DG59","DG59","DG59_1",8.43901654594598
"DG60","DG60","DG60_1",8.59276178378249
"DG61","DG61","DG61_1",8.3223652656268
"DG62","DG62","DG62_1",8.28375622103238
"DG63","DG63","DG63_1",8.37945647087395
"DG64","DG64","DG64_1",8.42265710596426
"DG65","DG65","DG65_1",8.44307231983014
"DG66","DG66","DG66_1",8.41552701687549
"DG67","DG67","DG67_1",8.34442165790149
"DG68","DG68","DG68_1",8.49307102179327
"DG69","DG69","DG69_1",8.4870349315155
"DG70","DG70","DG70_1",8.57789375949984
"DG71","DG71","DG71_1",8.36030365920178
"DG72","DG72","DG72_1",8.32144728117269
"DG73","DG73","DG73_1",8.34922320486193
"DG74","DG74","DG74_1",8.32786943969684
"DG75","DG75","DG75_1",8.31877389939373
"DG76","DG76","DG76_1",8.39037355668749
"DG77","DG77","DG77_1",8.45674804462321
"DG78","DG78","DG78_1",8.51278376314763
"DG79","DG79","DG79_1",8.53146350672616
"DG80","DG80","DG80_1",8.50248906033545
"DG81","DG81","DG81_1",8.31361736461237
"DG82","DG82","DG82_1",8.23771942708654
"DG83","DG83","DG83_1",8.21705906007439
"DG84","DG84","DG84_1",8.18163780989216
"DG85","DG85","DG85_1",8.1909122561708
"DG86","DG86","DG86_1",8.33303288450606
"DG87","DG87","DG87_1",8.45241389112343
"DG88","DG88","DG88_1",8.51887713397233
"DG89","DG89","DG89_1",8.55533458713769
"DG90","DG90","DG90_1",8.42555757862008
"DG91","DG91","DG91_1",8.17254364974851
"DG92","DG92","DG92_1",8.14568445145753
"DG93","DG93","DG93_1",8.03808954019508
"DG94","DG94","DG94_1",8.08642746661061
"DG95","DG95","DG95_1",8.16650612098036
"DG96","DG96","DG96_1",8.3230945834427
"DG97","DG97","DG97_1",8.4597536471109
"DG98","DG98","DG98_1",8.49713109038007
"DG99","DG99","DG99_1",8.51378162985981
"DH06","DH06","DH06_1",8.76261663176378
"DH07","DH07","DH07_1",8.75706097175051
"DH08","DH08","DH08_1",8.7315023448223
"DH09","DH09","DH09_1",8.61344167185929
"DH16","DH16","DH16_1",8.78611305758175
"DH17","DH17","DH17_1",8.68451192606144
"DH18","DH18","DH18_1",8.66546331372757
"DH19","DH19","DH19_1",8.62487352416659
"DH25","DH25","DH25_1",8.796630160571
"DH26","DH26","DH26_1",8.73282952632918
"DH27","DH27","DH27_1",8.56677231854873
"DH28","DH28","DH28_1",8.54119472845672
"DH29","DH29","DH29_1",8.65205684115956
"DH36","DH36","DH36_1",8.75206619267374
"DH37","DH37","DH37_1",8.62170748569996
"DH38","DH38","DH38_1",8.71561368356543
"DH49","DH49","DH49_1",8.68285709033073
"DH57","DH57","DH57_1",8.67962342082962
"DH58","DH58","DH58_1",8.67407563606072
"DH59","DH59","DH59_1",8.67714293873993
"DH66","DH66","DH66_1",8.56101118640852
"DH67","DH67","DH67_1",8.60047008583041
"DH69","DH69","DH69_1",8.65351068668287
"DH75","DH75","DH75_1",8.60680159436815
"DH76","DH76","DH76_1",8.5567939639747
"DH77","DH77","DH77_1",8.63722253215889
"DH78","DH78","DH78_1",8.64424003640136
"DH79","DH79","DH79_1",8.64469965476125
"DH85","DH85","DH85_1",8.61982958356444
"DH86","DH86","DH86_1",8.62337560821675
"DH87","DH87","DH87_1",8.64789411191895
"DH88","DH88","DH88_1",8.63611485504651
"DH89","DH89","DH89_1",8.61731711125236
"DH95","DH95","DH95_1",8.6354517908864
"DH96","DH96","DH96_1",8.64169319019096
"DH97","DH97","DH97_1",8.63021907723133
"DH98","DH98","DH98_1",8.60469849756537
"DH99","DH99","DH99_1",8.57601120714226
"EB01","EB01","EB01_1",8.5482098193409
"EB02","EB02","EB02_1",8.57461983486564
"EB03","EB03","EB03_1",8.52246215943083
"EB04","EB04","EB04_1",8.52383656112879
"EB05","EB05","EB05_1",8.57187473773956
"EB06","EB06","EB06_1",8.56686699634775
"EB07","EB07","EB07_1",8.52167749195522
"EB08","EB08","EB08_1",8.49481990079943
"EB09","EB09","EB09_1",8.5374503657144
"EB10","EB10","EB10_1",8.5300859637677
"EB11","EB11","EB11_1",8.542006378846
"EB12","EB12","EB12_1",8.55738871494915
"EB13","EB13","EB13_1",8.56102543620542
"EB14","EB14","EB14_1",8.60056345025879
"ED00","ED00","ED00_1",8.4193621945632
"ED01","ED01","ED01_1",8.4060847962728
"ED02","ED02","ED02_1",8.40628979124488
"ED03","ED03","ED03_1",8.53881437624339
"ED10","ED10","ED10_1",8.47198749632843
"ED11","ED11","ED11_1",8.37011815296447
"ED12","ED12","ED12_1",8.36232178771621
"ED13","ED13","ED13_1",8.44264192899937
"ED20","ED20","ED20_1",8.50137706428994
"ED21","ED21","ED21_1",8.42777957808025
"ED22","ED22","ED22_1",8.44453300503418
"ED23","ED23","ED23_1",8.53455131774567
"ED30","ED30","ED30_1",8.51217796397244
"ED31","ED31","ED31_1",8.47475460499438
"ED32","ED32","ED32_1",8.51554566834791
"ED41","ED41","ED41_1",8.51728229843964
"EE04","EE04","EE04_1",8.54730177912221
"EE05","EE05","EE05_1",8.47730048029374
"EE06","EE06","EE06_1",8.42692475413534
"EE07","EE07","EE07_1",8.43856200648372
"EE08","EE08","EE08_1",8.40868490656477
"EE09","EE09","EE09_1",8.52376019702202
"EE14","EE14","EE14_1",8.5581970793107
"EE15","EE15","EE15_1",8.43207471700092
"EE16","EE16","EE16_1",8.50191507375232
"EE17","EE17","EE17_1",8.45559972175551
"EE18","EE18","EE18_1",8.3964250469883
"EE19","EE19","EE19_1",8.44424141812532
"EE20","EE20","EE20_1",8.55279804289657
"EE24","EE24","EE24_1",8.52417065416064
"EE26","EE26","EE26_1",8.53227777326798
"EE27","EE27","EE27_1",8.42475378764456
"EE28","EE28","EE28_1",8.41422147357427
"EE29","EE29","EE29_1",8.37360266858016
"EE38","EE38","EE38_1",8.45264246592404
"EE39","EE39","EE39_1",8.45304951782661
"EE81","EE81","EE81_1",8.47740190976973
"EE90","EE90","EE90_1",8.42159564733741
"EE91","EE91","EE91_1",8.43966623549088
"EF00","EF00","EF00_1",8.50902324875
"EF01","EF01","EF01_1",8.5125853654603
"EF02","EF02","EF02_1",8.51810007989121
"EF06","EF06","EF06_1",8.50005755654807
"EF07","EF07","EF07_1",8.46958335124557
"EF08","EF08","EF08_1",8.5160002182173
"EF09","EF09","EF09_1",8.55325580991564
"EF10","EF10","EF10_1",8.45473367265966
"EF11","EF11","EF11_1",8.48126418680389
"EF19","EF19","EF19_1",8.55437261316404
"EF20","EF20","EF20_1",8.50394990414508
"EF35","EF35","EF35_1",8.45337544158545
"EF44","EF44","EF44_1",8.4654341591471
"EF45","EF45","EF45_1",8.38294738675971
"EF53","EF53","EF53_1",8.44775389611166
"EF54","EF54","EF54_1",8.41167205269504
"EF55","EF55","EF55_1",8.39187458038882
"EF60","EF60","EF60_1",8.48098660684363
"EF61","EF61","EF61_1",8.46624622715872
"EF63","EF63","EF63_1",8.40779912719304
"EF64","EF64","EF64_1",8.42301667515082
"EF65","EF65","EF65_1",8.45568001539316
"EF66","EF66","EF66_1",8.49811508082428
"EF68","EF68","EF68_1",8.4723657094636
"EF69","EF69","EF69_1",8.48724198377741
"EF70","EF70","EF70_1",8.43803268608266
"EF71","EF71","EF71_1",8.45285988399512
"EF72","EF72","EF72_1",8.40050435583524
"EF73","EF73","EF73_1",8.3375133057644
"EF74","EF74","EF74_1",8.39449802812835
"EF75","EF75","EF75_1",8.49036188747651
"EF76","EF76","EF76_1",8.49339070708675
"EF78","EF78","EF78_1",8.4709987909844
"EF79","EF79","EF79_1",8.48107097229954
"EF80","EF80","EF80_1",8.40052115465063
"EF81","EF81","EF81_1",8.42580149124415
"EF82","EF82","EF82_1",8.42081161152284
"EF83","EF83","EF83_1",8.27679111374299
"EF84","EF84","EF84_1",8.42010058711936
"EF85","EF85","EF85_1",8.43928264803704
"EF86","EF86","EF86_1",8.44921615751392
"EF87","EF87","EF87_1",8.4556793842286
"EF90","EF90","EF90_1",8.28432504433787
"EF91","EF91","EF91_1",8.26537079665562
"EF92","EF92","EF92_1",8.25746352245444
"EF93","EF93","EF93_1",8.32394686755693
"EF94","EF94","EF94_1",8.2386239870566
"EF95","EF95","EF95_1",8.28760467754691
"EF96","EF96","EF96_1",8.43329900672734
"EF97","EF97","EF97_1",8.3115111964948
"EF98","EF98","EF98_1",8.47781212536729
"EG00","EG00","EG00_1",8.42693706954606
"EG01","EG01","EG01_1",8.14403399988321
"EG02","EG02","EG02_1",8.06046418609218
"EG03","EG03","EG03_1",7.94653907231283
"EG04","EG04","EG04_1",8.08018149437013
"EG05","EG05","EG05_1",8.19381179911975
"EG06","EG06","EG06_1",8.35890993323954
"EG07","EG07","EG07_1",8.43713178328186
"EG08","EG08","EG08_1",8.46863590707751
"EG09","EG09","EG09_1",8.49652684970395
"EG10","EG10","EG10_1",8.45299770767036
"EG11","EG11","EG11_1",8.22601236475383
"EG12","EG12","EG12_1",8.16546199023328
"EG13","EG13","EG13_1",8.05533369240941
"EG14","EG14","EG14_1",8.1593960423229
"EG15","EG15","EG15_1",8.2759930864156
"EG16","EG16","EG16_1",8.42291867239271
"EG17","EG17","EG17_1",8.44566326438039
"EG18","EG18","EG18_1",8.48783567195807
"EG19","EG19","EG19_1",8.48485373334482
"EG21","EG21","EG21_1",8.44154757783838
"EG22","EG22","EG22_1",8.37282535476926
"EG23","EG23","EG23_1",8.36467691057822
"EG24","EG24","EG24_1",8.34116569847589
"EG25","EG25","EG25_1",8.40465128173787
"EG26","EG26","EG26_1",8.44485459973517
"EG27","EG27","EG27_1",8.45076571481856
"EG30","EG30","EG30_1",8.49573191143757
"EG31","EG31","EG31_1",8.51042136222033
"EG33","EG33","EG33_1",8.51881193252978
"EG34","EG34","EG34_1",8.50832804798918
"EG35","EG35","EG35_1",8.51414618421347
"EG36","EG36","EG36_1",8.50143005004169
"EG40","EG40","EG40_1",8.48186517480977
"EG41","EG41","EG41_1",8.47438112727447
"EG42","EG42","EG42_1",8.47921614918032
"EG44","EG44","EG44_1",8.51882055583071
"EG46","EG46","EG46_1",8.4945758362728
"EG67","EG67","EG67_1",8.4687811963704
"EG72","EG72","EG72_1",8.4993426198727
"EG73","EG73","EG73_1",8.50282048840452
"EG74","EG74","EG74_1",8.50055554130504
"EG76","EG76","EG76_1",8.45019549485509
"EG77","EG77","EG77_1",8.46103967601012
"EG78","EG78","EG78_1",8.46922436731113
"EG79","EG79","EG79_1",8.44236180354977
"EG83","EG83","EG83_1",8.50146724495255
"EG84","EG84","EG84_1",8.48774008627034
"EG85","EG85","EG85_1",8.4504758052304
"EG86","EG86","EG86_1",8.38829612850313
"EG87","EG87","EG87_1",8.43941179688526
"EG88","EG88","EG88_1",8.44734527081195
"EG89","EG89","EG89_1",8.40290466637028
"EG93","EG93","EG93_1",8.48724758156937
"EG94","EG94","EG94_1",8.46390809666139
"EG95","EG95","EG95_1",8.39895930718164
"EG96","EG96","EG96_1",8.38402385273834
"EG97","EG97","EG97_1",8.28417127891775
"EG98","EG98","EG98_1",8.25483434482692
"EG99","EG99","EG99_1",8.33134645432062
"EH05","EH05","EH05_1",8.63479284693668
"EH06","EH06","EH06_1",8.62180285670329
"EH07","EH07","EH07_1",8.61710048205411
"EH08","EH08","EH08_1",8.57952351484239
"EH09","EH09","EH09_1",8.49563023445025
"EH13","EH13","EH13_1",8.66977294704696
"EH14","EH14","EH14_1",8.63801664553526
"EH15","EH15","EH15_1",8.59627926015919
"EH16","EH16","EH16_1",8.61780075368869
"EH17","EH17","EH17_1",8.59841462584632
"EH18","EH18","EH18_1",8.59066527644974
"EH19","EH19","EH19_1",8.55967489894326
"EH23","EH23","EH23_1",8.6607415310726
"EH24","EH24","EH24_1",8.6293928049972
"EH25","EH25","EH25_1",8.5810237869722
"EH26","EH26","EH26_1",8.55546767847016
"EH27","EH27","EH27_1",8.5285844427857
"EH28","EH28","EH28_1",8.5242893064481
"EH36","EH36","EH36_1",8.5962739088431
"EH37","EH37","EH37_1",8.54757377852192
"EH38","EH38","EH38_1",8.51627716892176
"EH39","EH39","EH39_1",8.50652502233224
"EH49","EH49","EH49_1",8.54031302357694
"EH54","EH54","EH54_1",8.64424289874037
"EH55","EH55","EH55_1",8.61451981107552
"EH56","EH56","EH56_1",8.60792291384777
"EH57","EH57","EH57_1",8.59340934642707
"EH63","EH63","EH63_1",8.65544332563712
"EH64","EH64","EH64_1",8.64298451367845
"EH65","EH65","EH65_1",8.60633383832521
"EH66","EH66","EH66_1",8.58653863305381
"EH67","EH67","EH67_1",8.56244641316473
"EH68","EH68","EH68_1",8.56703766964052
"EH73","EH73","EH73_1",8.64917661296704
"EH74","EH74","EH74_1",8.62984579980877
"EH75","EH75","EH75_1",8.59966609000132
"EH76","EH76","EH76_1",8.56218986704161
"EH77","EH77","EH77_1",8.5550410721214
"EH78","EH78","EH78_1",8.55463421340813
"EH83","EH83","EH83_1",8.64847645836856
"EH84","EH84","EH84_1",8.61788345288211
"EH85","EH85","EH85_1",8.59214942142584
"EH86","EH86","EH86_1",8.54671741797487
"EH87","EH87","EH87_1",8.50849552794571
"EH88","EH88","EH88_1",8.52914125883747
"EH92","EH92","EH92_1",8.65076741537554
"EH93","EH93","EH93_1",8.6396724634641
"EH94","EH94","EH94_1",8.59604750891861
"EH95","EH95","EH95_1",8.56138866516584
"EH96","EH96","EH96_1",8.52221374243216
"EH97","EH97","EH97_1",8.50659759930716
"EH98","EH98","EH98_1",8.51488516736179
"FE00","FE00","FE00_1",8.44517506738895
"FE10","FE10","FE10_1",8.41378680497598
"FE20","FE20","FE20_1",8.42779286044155
"FE30","FE30","FE30_1",8.44843696437423
"FE40","FE40","FE40_1",8.4466767561739
"FE41","FE41","FE41_1",8.46658098764404
"FE50","FE50","FE50_1",8.4486300628384
"FE51","FE51","FE51_1",8.44781001653601
"FE60","FE60","FE60_1",8.45854332162481
"FE61","FE61","FE61_1",8.45979071238282
"FE62","FE62","FE62_1",8.43898582617209
"FE70","FE70","FE70_1",8.44347162561096
"FE71","FE71","FE71_1",8.4368497389791
"FE72","FE72","FE72_1",8.44629694215061
"FE73","FE73","FE73_1",8.47616452465469
"FE80","FE80","FE80_1",8.42612442402585
"FE81","FE81","FE81_1",8.45623642447783
"FE82","FE82","FE82_1",8.43461831930932
"FE83","FE83","FE83_1",8.40328661353374
"FE90","FE90","FE90_1",8.42595036679834
"FE91","FE91","FE91_1",8.45576624382926
"FE92","FE92","FE92_1",8.36009283825185
"FE93","FE93","FE93_1",8.42869984241596
"FE94","FE94","FE94_1",8.45684013269407
"FF00","FF00","FF00_1",8.28837227237234
"FF01","FF01","FF01_1",8.21553678743245
"FF02","FF02","FF02_1",8.26879700965309
"FF03","FF03","FF03_1",8.16614175657597
"FF04","FF04","FF04_1",8.30350205074421
"FF05","FF05","FF05_1",8.39572807729338
"FF06","FF06","FF06_1",8.40562315296146
"FF07","FF07","FF07_1",8.30288317474293
"FF08","FF08","FF08_1",8.30896257383538
"FF10","FF10","FF10_1",8.24730179901933
"FF11","FF11","FF11_1",8.25403156405382
"FF12","FF12","FF12_1",8.26762907222982
"FF13","FF13","FF13_1",8.16260474882957
"FF14","FF14","FF14_1",8.36905170949336
"FF15","FF15","FF15_1",8.40352743731311
"FF16","FF16","FF16_1",8.46810291121517
"FF17","FF17","FF17_1",8.36016546865286
"FF18","FF18","FF18_1",8.33582135818637
"FF19","FF19","FF19_1",8.46239917816827
"FF20","FF20","FF20_1",8.23689016162086
"FF21","FF21","FF21_1",8.24654840972981
"FF22","FF22","FF22_1",8.26988293671244
"FF23","FF23","FF23_1",8.17346151949797
"FF24","FF24","FF24_1",8.3502546844084
"FF25","FF25","FF25_1",8.43324305789153
"FF26","FF26","FF26_1",8.46931808608104
"FF27","FF27","FF27_1",8.26469676329179
"FF28","FF28","FF28_1",8.37042724454383
"FF29","FF29","FF29_1",8.37667834579763
"FF30","FF30","FF30_1",8.21834773280097
"FF31","FF31","FF31_1",8.21990813024496
"FF32","FF32","FF32_1",8.24505449530131
"FF33","FF33","FF33_1",8.10126561611076
"FF34","FF34","FF34_1",8.28964364723667
"FF35","FF35","FF35_1",8.3809351791608
"FF36","FF36","FF36_1",8.36835932685874
"FF37","FF37","FF37_1",8.44750550015244
"FF38","FF38","FF38_1",8.30862952561619
"FF39","FF39","FF39_1",8.37128231688802
"FF40","FF40","FF40_1",8.24947331209832
"FF41","FF41","FF41_1",8.13890569290109
"FF42","FF42","FF42_1",8.21140168600442
"FF43","FF43","FF43_1",8.16891182831304
"FF44","FF44","FF44_1",8.27575825299546
"FF45","FF45","FF45_1",8.35628971016432
"FF46","FF46","FF46_1",8.42635535105532
"FF47","FF47","FF47_1",8.43007515874067
"FF48","FF48","FF48_1",8.4125517181431
"FF49","FF49","FF49_1",8.45271846455294
"FF50","FF50","FF50_1",8.1708678328851
"FF51","FF51","FF51_1",8.00265407215437
"FF52","FF52","FF52_1",8.05022177791412
"FF53","FF53","FF53_1",8.19076187686362
"FF54","FF54","FF54_1",8.30520944759634
"FF55","FF55","FF55_1",8.37953258541773
"FF56","FF56","FF56_1",8.42789023763656
"FF57","FF57","FF57_1",8.44838868792141
"FF60","FF60","FF60_1",8.16802884268467
"FF61","FF61","FF61_1",7.99692521701503
"FF62","FF62","FF62_1",8.02772088737704
"FF63","FF63","FF63_1",8.12717222441692
"FF64","FF64","FF64_1",8.27021467462489
"FF65","FF65","FF65_1",8.34583890652435
"FF66","FF66","FF66_1",8.31185548173562
"FF67","FF67","FF67_1",8.32435360593158
"FF68","FF68","FF68_1",8.45862857909846
"FF69","FF69","FF69_1",8.45161095515471
"FF70","FF70","FF70_1",8.18884862067802
"FF71","FF71","FF71_1",8.1086491464061
"FF72","FF72","FF72_1",8.20742987846378
"FF73","FF73","FF73_1",8.26792547872783
"FF74","FF74","FF74_1",8.3889540059654
"FF75","FF75","FF75_1",8.41809902185946
"FF76","FF76","FF76_1",8.39252191646338
"FF77","FF77","FF77_1",8.37293367461521
"FF78","FF78","FF78_1",8.39139151287817
"FF79","FF79","FF79_1",8.44616134554541
"FF80","FF80","FF80_1",8.21166128746114
"FF81","FF81","FF81_1",8.17075733109027
"FF82","FF82","FF82_1",8.21378334269163
"FF83","FF83","FF83_1",8.19814876040184
"FF84","FF84","FF84_1",8.35381066207943
"FF85","FF85","FF85_1",8.42885341177955
"FF86","FF86","FF86_1",8.42820075399621
"FF87","FF87","FF87_1",8.42525006803295
"FF88","FF88","FF88_1",8.41761357344899
"FF89","FF89","FF89_1",8.42807017525721
"FF90","FF90","FF90_1",8.29282041659896
"FF91","FF91","FF91_1",8.27559319524349
"FF92","FF92","FF92_1",8.20166698465394
"FF93","FF93","FF93_1",8.14432843902552
"FF94","FF94","FF94_1",8.25093956436186
"FF95","FF95","FF95_1",8.36260689908095
"FF96","FF96","FF96_1",8.37978190652341
"FF97","FF97","FF97_1",8.35026086112746
"FF98","FF98","FF98_1",8.35060661831766
"FF99","FF99","FF99_1",8.38985494384727
"FG00","FG00","FG00_1",8.52078618979705
"FG03","FG03","FG03_1",8.48028235651921
"FG04","FG04","FG04_1",8.44766263993836
"FG05","FG05","FG05_1",8.35862532626172
"FG06","FG06","FG06_1",8.28259106159446
"FG07","FG07","FG07_1",8.23900087035574
"FG08","FG08","FG08_1",8.12698222189491
"FG09","FG09","FG09_1",8.2992429004729
"FG13","FG13","FG13_1",8.46242630397711
"FG14","FG14","FG14_1",8.38742148121353
"FG15","FG15","FG15_1",8.32476243404221
"FG16","FG16","FG16_1",8.23402285821289
"FG17","FG17","FG17_1",8.16571578606052
"FG18","FG18","FG18_1",8.08030940038235
"FG19","FG19","FG19_1",8.14587579734128
"FG23","FG23","FG23_1",8.42646952196961
"FG24","FG24","FG24_1",8.3972324163779
"FG25","FG25","FG25_1",8.32804579500747
"FG26","FG26","FG26_1",8.20082625148917
"FG27","FG27","FG27_1",8.25177428819515
"FG28","FG28","FG28_1",8.1709271882361
"FG29","FG29","FG29_1",8.19913544956232
"FG31","FG31","FG31_1",8.43920094793951
"FG33","FG33","FG33_1",8.42544035516378
"FG34","FG34","FG34_1",8.38687252149136
"FG35","FG35","FG35_1",8.32358435962274
"FG36","FG36","FG36_1",8.23542832067935
"FG37","FG37","FG37_1",8.2699793326575
"FG38","FG38","FG38_1",8.19247463715579
"FG39","FG39","FG39_1",8.22027883808855
"FG41","FG41","FG41_1",8.44160043930698
"FG42","FG42","FG42_1",8.42093515152466
"FG43","FG43","FG43_1",8.42754999127576
"FG44","FG44","FG44_1",8.39016343024114
"FG45","FG45","FG45_1",8.3364483808979
"FG46","FG46","FG46_1",8.31277991629793
"FG47","FG47","FG47_1",8.23061106736439
"FG48","FG48","FG48_1",8.27299312865942
"FG49","FG49","FG49_1",8.20379596815933
"FG50","FG50","FG50_1",8.41819256077287
"FG51","FG51","FG51_1",8.41208935224763
"FG52","FG52","FG52_1",8.4080613144278
"FG53","FG53","FG53_1",8.38538142856047
"FG54","FG54","FG54_1",8.30125674314731
"FG55","FG55","FG55_1",8.17692494485442
"FG56","FG56","FG56_1",8.19342150694082
"FG57","FG57","FG57_1",8.20338695469207
"FG58","FG58","FG58_1",8.2145227179965
"FG59","FG59","FG59_1",8.2001207121794
"FG60","FG60","FG60_1",8.40183123804806
"FG61","FG61","FG61_1",8.39618015451854
"FG62","FG62","FG62_1",8.3020828893898
"FG63","FG63","FG63_1",8.27331273081412
"FG64","FG64","FG64_1",8.16031115120556
"FG65","FG65","FG65_1",8.11820970666711
"FG66","FG66","FG66_1",8.21715927594901
"FG67","FG67","FG67_1",8.24196949073453
"FG68","FG68","FG68_1",8.21522998571373
"FG69","FG69","FG69_1",8.20452492279214
"FG70","FG70","FG70_1",8.31226039746716
"FG71","FG71","FG71_1",8.19485089947139
"FG72","FG72","FG72_1",8.23130501823959
"FG73","FG73","FG73_1",8.16816664241229
"FG74","FG74","FG74_1",7.87064877836906
"FG75","FG75","FG75_1",7.87384591489373
"FG76","FG76","FG76_1",8.12164376755316
"FG77","FG77","FG77_1",8.1825915229681
"FG78","FG78","FG78_1",8.1686319519441
"FG79","FG79","FG79_1",8.18959363459538
"FG80","FG80","FG80_1",8.09485828884836
"FG81","FG81","FG81_1",8.1596616259337
"FG82","FG82","FG82_1",8.29617992975459
"FG83","FG83","FG83_1",8.26038766182847
"FG84","FG84","FG84_1",7.92792587025646
"FG85","FG85","FG85_1",8.02899873264218
"FG86","FG86","FG86_1",8.11178240120086
"FG87","FG87","FG87_1",8.18699808245671
"FG88","FG88","FG88_1",8.15738379585841
"FG89","FG89","FG89_1",8.15482128215145
"FG90","FG90","FG90_1",8.16488031439354
"FG91","FG91","FG91_1",8.24722063912799
"FG92","FG92","FG92_1",8.3305859860272
"FG93","FG93","FG93_1",8.34523487953702
"FG94","FG94","FG94_1",8.23902697173194
"FG95","FG95","FG95_1",8.14490773777866
"FG96","FG96","FG96_1",8.19858589214027
"FG97","FG97","FG97_1",8.2593212979554
"FG98","FG98","FG98_1",8.23213999592395
"FG99","FG99","FG99_1",8.22237506928604
"FH01","FH01","FH01_1",8.64684635791546
"FH02","FH02","FH02_1",8.63441229711415
"FH03","FH03","FH03_1",8.61001978580892
"FH04","FH04","FH04_1",8.52879549719703
"FH05","FH05","FH05_1",8.52717398917445
"FH06","FH06","FH06_1",8.52643240491725
"FH07","FH07","FH07_1",8.52289840585841
"FH08","FH08","FH08_1",8.50987730580357
"FH10","FH10","FH10_1",8.66219689967135
"FH11","FH11","FH11_1",8.64888656945662
"FH12","FH12","FH12_1",8.61059064526284
"FH13","FH13","FH13_1",8.55661298988727
"FH14","FH14","FH14_1",8.52382585165272
"FH15","FH15","FH15_1",8.51877433603529
"FH16","FH16","FH16_1",8.52386286628413
"FH17","FH17","FH17_1",8.52554310939114
"FH18","FH18","FH18_1",8.49607519527895
"FH20","FH20","FH20_1",8.64992545005118
"FH21","FH21","FH21_1",8.63300287095708
"FH22","FH22","FH22_1",8.59009331962355
"FH23","FH23","FH23_1",8.50600547003887
"FH24","FH24","FH24_1",8.50743539747717
"FH25","FH25","FH25_1",8.5127355676727
"FH27","FH27","FH27_1",8.52187502384186
"FH28","FH28","FH28_1",8.47754774417294
"FH29","FH29","FH29_1",8.47343971598164
"FH31","FH31","FH31_1",8.63086732822266
"FH32","FH32","FH32_1",8.56664511632308
"FH33","FH33","FH33_1",8.4901047116043
"FH34","FH34","FH34_1",8.49552595208209
"FH35","FH35","FH35_1",8.4987149007103
"FH36","FH36","FH36_1",8.50174976574218
"FH37","FH37","FH37_1",8.49263033471613
"FH42","FH42","FH42_1",8.52546868674055
"FH43","FH43","FH43_1",8.48542041717199
"FH44","FH44","FH44_1",8.50541807722715
"FH45","FH45","FH45_1",8.47974505129141
"FH46","FH46","FH46_1",8.45937777842169
"FH47","FH47","FH47_1",8.48353744559271
"FH48","FH48","FH48_1",8.45689655774635
"FH51","FH51","FH51_1",8.55093138464887
"FH52","FH52","FH52_1",8.49903441454021
"FH53","FH53","FH53_1",8.48166602541132
"FH54","FH54","FH54_1",8.48611615519796
"FH55","FH55","FH55_1",8.47242876323133
"FH56","FH56","FH56_1",8.46319243425476
"FH57","FH57","FH57_1",8.44734156259107
"FH58","FH58","FH58_1",8.44586404010346
"FH61","FH61","FH61_1",8.55030213947506
"FH62","FH62","FH62_1",8.50650083517844
"FH63","FH63","FH63_1",8.51374960228331
"FH64","FH64","FH64_1",8.47488998268824
"FH65","FH65","FH65_1",8.44483097072575
"FH66","FH66","FH66_1",8.42373841035947
"FH67","FH67","FH67_1",8.33766049705661
"FH68","FH68","FH68_1",8.4102230452611
"FH69","FH69","FH69_1",8.4226526190918
"FH70","FH70","FH70_1",8.57907892520805
"FH71","FH71","FH71_1",8.54778684067132
"FH72","FH72","FH72_1",8.52705565391879
"FH73","FH73","FH73_1",8.48959425609016
"FH74","FH74","FH74_1",8.45016425223799
"FH75","FH75","FH75_1",8.40894410434842
"FH76","FH76","FH76_1",8.37252777613254
"FH77","FH77","FH77_1",8.36103988403293
"FH78","FH78","FH78_1",8.40230824393104
"FH79","FH79","FH79_1",8.35555967118662
"FH80","FH80","FH80_1",8.58091844053048
"FH81","FH81","FH81_1",8.5459839478608
"FH82","FH82","FH82_1",8.52112811100855
"FH83","FH83","FH83_1",8.47919924696785
"FH84","FH84","FH84_1",8.41962125002255
"FH85","FH85","FH85_1",8.38444104800486
"FH86","FH86","FH86_1",8.35459616460058
"FH87","FH87","FH87_1",8.39199104098748
"FH88","FH88","FH88_1",8.39025720567594
"FH89","FH89","FH89_1",8.15218109292037
"FH94","FH94","FH94_1",8.43270700702705
"FH95","FH95","FH95_1",8.34830331055447
"FH96","FH96","FH96_1",8.37458840915354
"FH97","FH97","FH97_1",8.37908566618854
"FH98","FH98","FH98_1",8.35435720187558
"FH99","FH99","FH99_1",8.24522140575537
"GE00","GE00","GE00_1",8.35154723481739
"GE01","GE01","GE01_1",8.37494800196818
"GE02","GE02","GE02_1",8.35317916126053
"GE03","GE03","GE03_1",8.34327514814716
"GE04","GE04","GE04_1",8.45379529492173
"GE10","GE10","GE10_1",8.21062531784335
"GE11","GE11","GE11_1",8.23805632684002
"GE12","GE12","GE12_1",8.20450424485093
"GE13","GE13","GE13_1",8.38631628961528
"GE14","GE14","GE14_1",8.46745837969323
"GE20","GE20","GE20_1",8.23266827306664
"GE21","GE21","GE21_1",8.32917472851769
"GE22","GE22","GE22_1",8.38919505215368
"GE23","GE23","GE23_1",8.39387527137857
"GE24","GE24","GE24_1",8.47888408828481
"GE30","GE30","GE30_1",8.3765891870719
"GE31","GE31","GE31_1",8.32772651075172
"GE32","GE32","GE32_1",8.2455736959303
"GE33","GE33","GE33_1",8.29265488829702
"GE34","GE34","GE34_1",8.42720576479922
"GE40","GE40","GE40_1",8.43166053140452
"GE41","GE41","GE41_1",8.41088722029817
"GE42","GE42","GE42_1",8.32443791100885
"GE43","GE43","GE43_1",8.32682315856616
"GE44","GE44","GE44_1",8.49100695810817
"GF00","GF00","GF00_1",8.38114644571193
"GF01","GF01","GF01_1",8.3659173162961
"GF02","GF02","GF02_1",8.27892788594598
"GF03","GF03","GF03_1",8.23489832451357
"GF04","GF04","GF04_1",8.24478923591103
"GF05","GF05","GF05_1",8.32540814837229
"GF06","GF06","GF06_1",8.37204597102178
"GF07","GF07","GF07_1",8.29765095584795
"GF08","GF08","GF08_1",8.23377439627494
"GF09","GF09","GF09_1",8.31592647035371
"GF12","GF12","GF12_1",8.37119374406002
"GF13","GF13","GF13_1",8.36426407708273
"GF14","GF14","GF14_1",8.30768766798298
"GF15","GF15","GF15_1",8.29807864848843
"GF16","GF16","GF16_1",8.28236605765386
"GF17","GF17","GF17_1",8.29473715115285
"GF18","GF18","GF18_1",8.19255753806422
"GF19","GF19","GF19_1",8.20942407514851
"GF23","GF23","GF23_1",8.3921126167864
"GF24","GF24","GF24_1",8.3456187066516
"GF25","GF25","GF25_1",8.29120396309169
"GF26","GF26","GF26_1",8.22954996022014
"GF27","GF27","GF27_1",8.21825141998849
"GF28","GF28","GF28_1",8.18586525890829
"GF29","GF29","GF29_1",8.18880632458833
"GF33","GF33","GF33_1",8.37182740788623
"GF34","GF34","GF34_1",8.34148809895243
"GF35","GF35","GF35_1",8.30209783226682
"GF36","GF36","GF36_1",8.23238219390273
"GF37","GF37","GF37_1",8.23727299987311
"GF38","GF38","GF38_1",8.17575083623787
"GF39","GF39","GF39_1",8.23312474752074
"GF42","GF42","GF42_1",8.36345071298916
"GF43","GF43","GF43_1",8.36677219397489
"GF44","GF44","GF44_1",8.36724465933936
"GF45","GF45","GF45_1",8.30376204287691
"GF46","GF46","GF46_1",8.29310092285753
"GF47","GF47","GF47_1",8.2441408936936
"GF48","GF48","GF48_1",8.30552691665975
"GF49","GF49","GF49_1",8.3500542316238
"GF52","GF52","GF52_1",8.33968454242701
"GF53","GF53","GF53_1",8.35516448156064
"GF54","GF54","GF54_1",8.36241244395929
"GF55","GF55","GF55_1",8.37139785666438
"GF56","GF56","GF56_1",8.39105644460565
"GF57","GF57","GF57_1",8.39821709972356
"GF63","GF63","GF63_1",8.34579323752077
"GF64","GF64","GF64_1",8.36243153777182
"GF65","GF65","GF65_1",8.38928997516632
"GF73","GF73","GF73_1",8.34426220940008
"GF74","GF74","GF74_1",8.36549443949352
"GF75","GF75","GF75_1",8.37890774168313
"GG00","GG00","GG00_1",8.28909649526352
"GG01","GG01","GG01_1",8.35504136577679
"GG02","GG02","GG02_1",8.33944697114535
"GG04","GG04","GG04_1",8.33847747768252
"GG05","GG05","GG05_1",8.25264840500378
"GG06","GG06","GG06_1",8.24836751259909
"GG07","GG07","GG07_1",8.27103112650274
"GG08","GG08","GG08_1",8.25326419423383
"GG09","GG09","GG09_1",8.33036463241913
"GG10","GG10","GG10_1",8.33842708061784
"GG11","GG11","GG11_1",8.32417279477444
"GG15","GG15","GG15_1",8.29986828239007
"GG16","GG16","GG16_1",8.23952074505601
"GG17","GG17","GG17_1",8.26728797960809
"GG18","GG18","GG18_1",8.29467223172139
"GG19","GG19","GG19_1",8.33968289971188
"GG20","GG20","GG20_1",8.30351433514618
"GG25","GG25","GG25_1",8.27763069435953
"GG26","GG26","GG26_1",8.19800152157467
"GG27","GG27","GG27_1",8.19788405192472
"GG28","GG28","GG28_1",8.27007242242295
"GG30","GG30","GG30_1",8.21945859936618
"GG35","GG35","GG35_1",8.26625397304685
"GG36","GG36","GG36_1",8.16661211339563
"GG37","GG37","GG37_1",8.17268493850347
"GG38","GG38","GG38_1",8.25697427369462
"GG40","GG40","GG40_1",8.16707549880754
"GG50","GG50","GG50_1",8.09788439745794
"GH05","GH05","GH05_1",8.37091979244434
"GH06","GH06","GH06_1",8.3503985248376
"GH07","GH07","GH07_1",8.34815527397016
"GH08","GH08","GH08_1",8.31488439748002
"GH09","GH09","GH09_1",8.34087795882707
"GH17","GH17","GH17_1",8.31142228332662
"GH18","GH18","GH18_1",8.2718711769544
"GH19","GH19","GH19_1",8.31374192869189
"GH29","GH29","GH29_1",8.29227563027844
"GH39","GH39","GH39_1",8.25207839998929
"GH49","GH49","GH49_1",8.12828567060082
"GH59","GH59","GH59_1",7.8884353303012
"HA03","HA03","HA03_1",7.76415326135886
"HA04","HA04","HA04_1",7.67917271497596
"HA05","HA05","HA05_1",7.69821675205843
"HA06","HA06","HA06_1",7.44251162746185
"HA07","HA07","HA07_1",7.45376496541673
"HA08","HA08","HA08_1",7.65403855970549
"HA12","HA12","HA12_1",7.83919563627226
"HA13","HA13","HA13_1",7.60969912483417
"HA14","HA14","HA14_1",7.41786856544656
"HA15","HA15","HA15_1",7.30115910232277
"HA16","HA16","HA16_1",7.20642574117537
"HA17","HA17","HA17_1",7.38401905884545
"HA18","HA18","HA18_1",7.69417618374901
"HA22","HA22","HA22_1",7.75584590455192
"HA23","HA23","HA23_1",7.50426886755114
"HA24","HA24","HA24_1",7.16284303265391
"HA25","HA25","HA25_1",7.18149062373549
"HA26","HA26","HA26_1",7.24942976809902
"HA27","HA27","HA27_1",7.61704562478918
"HA31","HA31","HA31_1",7.80828865448966
"HA32","HA32","HA32_1",7.70730429247696
"HA33","HA33","HA33_1",7.41204192777902
"HA34","HA34","HA34_1",7.13013713761208
"HA35","HA35","HA35_1",7.19087383641817
"HA36","HA36","HA36_1",7.48080031726696
"HA41","HA41","HA41_1",7.81346898081459
"HA42","HA42","HA42_1",7.70020570427514
"HA43","HA43","HA43_1",7.40694912966978
"HA44","HA44","HA44_1",7.23459891889977
"HA45","HA45","HA45_1",7.41708819218694
"HA46","HA46","HA46_1",7.73169771646065
"HA51","HA51","HA51_1",7.8228332351543
"HA52","HA52","HA52_1",7.79209897890092
"HA53","HA53","HA53_1",7.63189046384834
"HA54","HA54","HA54_1",7.4865541052863
"HA55","HA55","HA55_1",7.66815772773322
"HA63","HA63","HA63_1",7.78958721346872
"HA64","HA64","HA64_1",7.79522450905614
"HA69","HA69","HA69_1",7.7754510927426
