"","kvadratkod","survey","prec_winter"
"AD90","AD90","AD90_1",162.536074511313
"AD91","AD91","AD91_1",164.268495397818
"AD92","AD92","AD92_1",172.268263673437
"AD93","AD93","AD93_1",168.102716452826
"AD94","AD94","AD94_1",164.04289262566
"AD95","AD95","AD95_1",164.839781536713
"AD96","AD96","AD96_1",166.301112094425
"AE81","AE81","AE81_1",157.877675668264
"AE82","AE82","AE82_1",159.28617473969
"AE83","AE83","AE83_1",159.650086106273
"AE90","AE90","AE90_1",154.120801431874
"AE91","AE91","AE91_1",154.653477381381
"AE92","AE92","AE92_1",154.711359238783
"AE93","AE93","AE93_1",156.358767471883
"AE94","AE94","AE94_1",157.567936052401
"AE95","AE95","AE95_1",157.883163158607
"AE96","AE96","AE96_1",159.519984582898
"AE97","AE97","AE97_1",163.774883493353
"AE98","AE98","AE98_1",161.164968271351
"AE99","AE99","AE99_1",161.314319595657
"AF81","AF81","AF81_1",149.971893158529
"AF82","AF82","AF82_1",150.536913040768
"AF90","AF90","AF90_1",147.68467620649
"AF91","AF91","AF91_1",150.649713199144
"AF92","AF92","AF92_1",150.579875334421
"AF93","AF93","AF93_1",152.33788564461
"AF94","AF94","AF94_1",153.124931321425
"AF95","AF95","AF95_1",155.306817424807
"AF96","AF96","AF96_1",156.749272617566
"AF97","AF97","AF97_1",153.925928369638
"AF98","AF98","AF98_1",153.351757459459
"AF99","AF99","AF99_1",153.871305083348
"BC10","BC10","BC10_1",175.60399982546
"BC11","BC11","BC11_1",175.495938731163
"BC20","BC20","BC20_1",166.424371050254
"BC21","BC21","BC21_1",171.400761881224
"BC22","BC22","BC22_1",174.519837076173
"BC23","BC23","BC23_1",173.185808717082
"BC30","BC30","BC30_1",167.152759783214
"BC31","BC31","BC31_1",166.138292324059
"BC32","BC32","BC32_1",169.586824601983
"BC33","BC33","BC33_1",173.939034143885
"BC34","BC34","BC34_1",172.382031438998
"BC40","BC40","BC40_1",167.546745322491
"BC41","BC41","BC41_1",166.88202336603
"BC42","BC42","BC42_1",166.873230842317
"BC43","BC43","BC43_1",171.356005516459
"BC44","BC44","BC44_1",169.288101561638
"BC45","BC45","BC45_1",171.903459131856
"BC50","BC50","BC50_1",159.981125702028
"BC51","BC51","BC51_1",160.46943665501
"BC52","BC52","BC52_1",166.138140472337
"BC53","BC53","BC53_1",166.258605950943
"BC54","BC54","BC54_1",167.459478582236
"BC55","BC55","BC55_1",172.458852636863
"BC56","BC56","BC56_1",173.262453509032
"BC60","BC60","BC60_1",166.342678355791
"BC61","BC61","BC61_1",153.169460218216
"BC62","BC62","BC62_1",160.10143530811
"BC63","BC63","BC63_1",159.091232244192
"BC64","BC64","BC64_1",155.830556066318
"BC65","BC65","BC65_1",162.68125759984
"BC70","BC70","BC70_1",154.603336385134
"BC71","BC71","BC71_1",154.307049723729
"BC72","BC72","BC72_1",157.341368434764
"BC73","BC73","BC73_1",156.415385118644
"BC74","BC74","BC74_1",158.953647758654
"BC75","BC75","BC75_1",158.319125326163
"BC80","BC80","BC80_1",149.410914390165
"BC81","BC81","BC81_1",156.699011248195
"BC82","BC82","BC82_1",153.397286872002
"BC83","BC83","BC83_1",152.340721617122
"BC84","BC84","BC84_1",157.641357378458
"BC85","BC85","BC85_1",158.424571370412
"BC86","BC86","BC86_1",156.513204999434
"BC91","BC91","BC91_1",148.162225726718
"BC92","BC92","BC92_1",148.363572768592
"BC93","BC93","BC93_1",151.613569698314
"BC94","BC94","BC94_1",151.421104416384
"BC95","BC95","BC95_1",153.321199388975
"BC96","BC96","BC96_1",155.210377665955
"BD00","BD00","BD00_1",163.018127767962
"BD01","BD01","BD01_1",165.792778574055
"BD02","BD02","BD02_1",171.917803099925
"BD03","BD03","BD03_1",164.427041881726
"BD04","BD04","BD04_1",162.665462590032
"BD05","BD05","BD05_1",163.572233369421
"BD06","BD06","BD06_1",165.527826774731
"BD07","BD07","BD07_1",165.134697308918
"BD08","BD08","BD08_1",166.645473112012
"BD09","BD09","BD09_1",171.57874857683
"BD10","BD10","BD10_1",164.486147307703
"BD11","BD11","BD11_1",167.70638050286
"BD12","BD12","BD12_1",168.706827172179
"BD13","BD13","BD13_1",164.818655514341
"BD14","BD14","BD14_1",158.514637803915
"BD16","BD16","BD16_1",171.934332703719
"BD17","BD17","BD17_1",181.185343668198
"BD18","BD18","BD18_1",170.646778722047
"BD19","BD19","BD19_1",169.403536528758
"BD20","BD20","BD20_1",168.339520118814
"BD21","BD21","BD21_1",171.369152217961
"BD22","BD22","BD22_1",167.527979753977
"BD23","BD23","BD23_1",170.706061756757
"BD24","BD24","BD24_1",155.427201557619
"BD26","BD26","BD26_1",168.634150407493
"BD27","BD27","BD27_1",178.064557119222
"BD28","BD28","BD28_1",168.707820713884
"BD29","BD29","BD29_1",167.611759838624
"BD30","BD30","BD30_1",173.793091544834
"BD31","BD31","BD31_1",170.939280572541
"BD32","BD32","BD32_1",166.398312149306
"BD33","BD33","BD33_1",157.057750667854
"BD34","BD34","BD34_1",164.223663808994
"BD35","BD35","BD35_1",167.541781078113
"BD36","BD36","BD36_1",165.671913255838
"BD37","BD37","BD37_1",158.947086803176
"BD38","BD38","BD38_1",155.584430048553
"BD39","BD39","BD39_1",163.055379179767
"BD40","BD40","BD40_1",174.220407687944
"BD41","BD41","BD41_1",166.021524783781
"BD42","BD42","BD42_1",160.045520067381
"BD43","BD43","BD43_1",160.355141307133
"BD44","BD44","BD44_1",164.470576973733
"BD45","BD45","BD45_1",167.678521276969
"BD46","BD46","BD46_1",159.435659698872
"BD47","BD47","BD47_1",159.845488326567
"BD48","BD48","BD48_1",157.829908320641
"BD49","BD49","BD49_1",162.021732130669
"BD50","BD50","BD50_1",171.85108599346
"BD51","BD51","BD51_1",159.087144772595
"BD52","BD52","BD52_1",157.720775540901
"BD53","BD53","BD53_1",160.599094842284
"BD54","BD54","BD54_1",160.824268955775
"BD55","BD55","BD55_1",157.855602162706
"BD56","BD56","BD56_1",159.270703000125
"BD57","BD57","BD57_1",164.849209506457
"BD58","BD58","BD58_1",166.077960907869
"BD59","BD59","BD59_1",158.303364699389
"BD60","BD60","BD60_1",164.618240366719
"BD61","BD61","BD61_1",159.7208462554
"BD62","BD62","BD62_1",160.721224123042
"BD63","BD63","BD63_1",161.497106856225
"BD64","BD64","BD64_1",167.287828002788
"BD65","BD65","BD65_1",157.754320903435
"BD66","BD66","BD66_1",160.255635686865
"BD67","BD67","BD67_1",164.740705953597
"BD68","BD68","BD68_1",162.714676650047
"BD69","BD69","BD69_1",158.522956426837
"BD70","BD70","BD70_1",173.425157208499
"BD71","BD71","BD71_1",166.538814316198
"BD72","BD72","BD72_1",161.278117038171
"BD73","BD73","BD73_1",158.449036678575
"BD74","BD74","BD74_1",159.822135975224
"BD75","BD75","BD75_1",156.910735014392
"BD76","BD76","BD76_1",153.660322869628
"BD77","BD77","BD77_1",156.263574380464
"BD78","BD78","BD78_1",153.333649938758
"BD79","BD79","BD79_1",156.573746454552
"BD80","BD80","BD80_1",163.176785627862
"BD81","BD81","BD81_1",152.020526413019
"BD82","BD82","BD82_1",156.363927042949
"BD83","BD83","BD83_1",155.427819684852
"BD84","BD84","BD84_1",161.69880094861
"BD85","BD85","BD85_1",155.616168728441
"BD86","BD86","BD86_1",151.91952211516
"BD87","BD87","BD87_1",155.863914288365
"BD88","BD88","BD88_1",147.930193838236
"BD89","BD89","BD89_1",147.673038608949
"BD90","BD90","BD90_1",150.531921309396
"BD91","BD91","BD91_1",149.156009378983
"BD92","BD92","BD92_1",150.316892800293
"BD93","BD93","BD93_1",152.127415562135
"BD94","BD94","BD94_1",157.790123749972
"BD95","BD95","BD95_1",149.918515219855
"BD96","BD96","BD96_1",151.749509896845
"BD97","BD97","BD97_1",152.647880054228
"BD98","BD98","BD98_1",146.221073091747
"BD99","BD99","BD99_1",150.410305225836
"BE02","BE02","BE02_1",156.057762339566
"BE03","BE03","BE03_1",157.593850253379
"BE04","BE04","BE04_1",156.954879883588
"BE05","BE05","BE05_1",158.562216814134
"BE06","BE06","BE06_1",160.366525657804
"BE07","BE07","BE07_1",160.195536543074
"BE08","BE08","BE08_1",159.306004927584
"BE09","BE09","BE09_1",162.633063017373
"BE10","BE10","BE10_1",158.11089527258
"BE11","BE11","BE11_1",158.415471082564
"BE12","BE12","BE12_1",160.520784036396
"BE13","BE13","BE13_1",161.647189461103
"BE14","BE14","BE14_1",163.132183860894
"BE15","BE15","BE15_1",163.551611149705
"BE16","BE16","BE16_1",165.576569929636
"BE17","BE17","BE17_1",162.563070704614
"BE18","BE18","BE18_1",162.535150955016
"BE19","BE19","BE19_1",165.769935367903
"BE20","BE20","BE20_1",164.035036831901
"BE21","BE21","BE21_1",168.394191985896
"BE22","BE22","BE22_1",173.001202595171
"BE23","BE23","BE23_1",170.013497697969
"BE24","BE24","BE24_1",170.664145308389
"BE25","BE25","BE25_1",171.995762300075
"BE26","BE26","BE26_1",172.01297542104
"BE27","BE27","BE27_1",169.706640782828
"BE28","BE28","BE28_1",166.520115172607
"BE29","BE29","BE29_1",166.434829167184
"BE30","BE30","BE30_1",168.787308721055
"BE31","BE31","BE31_1",173.337001570855
"BE32","BE32","BE32_1",177.075651035528
"BE33","BE33","BE33_1",172.983063695183
"BE34","BE34","BE34_1",170.540876693777
"BE35","BE35","BE35_1",166.180275812725
"BE36","BE36","BE36_1",173.278914550031
"BE37","BE37","BE37_1",169.740169800156
"BE38","BE38","BE38_1",169.611148782755
"BE39","BE39","BE39_1",167.68833857612
"BE40","BE40","BE40_1",172.98536824472
"BE41","BE41","BE41_1",174.53205393088
"BE42","BE42","BE42_1",171.345393058776
"BE43","BE43","BE43_1",171.961160304178
"BE44","BE44","BE44_1",175.857997066414
"BE45","BE45","BE45_1",175.864358601653
"BE46","BE46","BE46_1",173.623791393634
"BE47","BE47","BE47_1",172.101288814699
"BE48","BE48","BE48_1",167.87926106023
"BE49","BE49","BE49_1",168.968336568177
"BE50","BE50","BE50_1",176.788974819054
"BE51","BE51","BE51_1",176.691012282874
"BE52","BE52","BE52_1",170.99240492678
"BE53","BE53","BE53_1",167.204738222315
"BE54","BE54","BE54_1",171.59830931109
"BE55","BE55","BE55_1",180.531222853464
"BE56","BE56","BE56_1",176.983778715444
"BE57","BE57","BE57_1",167.606279213387
"BE58","BE58","BE58_1",167.405577665837
"BE59","BE59","BE59_1",172.26956012208
"BE60","BE60","BE60_1",175.902472844655
"BE61","BE61","BE61_1",172.763143111425
"BE62","BE62","BE62_1",173.911867039975
"BE63","BE63","BE63_1",172.323775003598
"BE64","BE64","BE64_1",172.96375759146
"BE65","BE65","BE65_1",167.24738239714
"BE66","BE66","BE66_1",167.534314496693
"BE67","BE67","BE67_1",172.044081106022
"BE68","BE68","BE68_1",165.755570755075
"BE69","BE69","BE69_1",170.76940611785
"BE70","BE70","BE70_1",178.598982066026
"BE71","BE71","BE71_1",180.135093189585
"BE72","BE72","BE72_1",181.743953631356
"BE73","BE73","BE73_1",179.011274026095
"BE74","BE74","BE74_1",179.712870565152
"BE75","BE75","BE75_1",173.029340575366
"BE76","BE76","BE76_1",168.746956803118
"BE77","BE77","BE77_1",165.627278918269
"BE78","BE78","BE78_1",164.323002446503
"BE79","BE79","BE79_1",167.398090189459
"BE80","BE80","BE80_1",176.829575276864
"BE81","BE81","BE81_1",180.466599448651
"BE82","BE82","BE82_1",180.845942436158
"BE83","BE83","BE83_1",172.584322821127
"BE84","BE84","BE84_1",170.826831298891
"BE85","BE85","BE85_1",168.425360515102
"BE86","BE86","BE86_1",164.922328462182
"BE87","BE87","BE87_1",163.919076342001
"BE88","BE88","BE88_1",164.349551869573
"BE89","BE89","BE89_1",168.738013194535
"BE90","BE90","BE90_1",176.931225730573
"BE91","BE91","BE91_1",174.266346627004
"BE92","BE92","BE92_1",173.454595102358
"BE93","BE93","BE93_1",170.358896576018
"BE94","BE94","BE94_1",167.277696146091
"BE95","BE95","BE95_1",165.855223968001
"BE96","BE96","BE96_1",165.487800363168
"BE97","BE97","BE97_1",165.511313271604
"BE98","BE98","BE98_1",162.552569837721
"BE99","BE99","BE99_1",160.099991705773
"BF00","BF00","BF00_1",148.161566307417
"BF01","BF01","BF01_1",148.404954365273
"BF02","BF02","BF02_1",150.179576957182
"BF03","BF03","BF03_1",154.801151338195
"BF04","BF04","BF04_1",149.322197284047
"BF05","BF05","BF05_1",156.298685680281
"BF06","BF06","BF06_1",151.853850573386
"BF07","BF07","BF07_1",152.808016404041
"BF08","BF08","BF08_1",153.984333808224
"BF10","BF10","BF10_1",152.506053690845
"BF11","BF11","BF11_1",156.26650493648
"BF12","BF12","BF12_1",153.561339323594
"BF13","BF13","BF13_1",153.029370375735
"BF14","BF14","BF14_1",157.733550618332
"BF15","BF15","BF15_1",157.670535732029
"BF16","BF16","BF16_1",155.330118056438
"BF17","BF17","BF17_1",157.25481780942
"BF18","BF18","BF18_1",156.706478040802
"BF20","BF20","BF20_1",157.623664763282
"BF21","BF21","BF21_1",156.004506708431
"BF22","BF22","BF22_1",153.873530562484
"BF23","BF23","BF23_1",158.739558917922
"BF24","BF24","BF24_1",162.577176369683
"BF25","BF25","BF25_1",162.893208477659
"BF26","BF26","BF26_1",161.191276857699
"BF27","BF27","BF27_1",161.961609662403
"BF28","BF28","BF28_1",161.692492766723
"BF29","BF29","BF29_1",160.162949488035
"BF30","BF30","BF30_1",161.207683993492
"BF31","BF31","BF31_1",156.874307682828
"BF32","BF32","BF32_1",161.110229290226
"BF33","BF33","BF33_1",163.748300863427
"BF34","BF34","BF34_1",166.572359080444
"BF35","BF35","BF35_1",166.485614044277
"BF36","BF36","BF36_1",167.186162091539
"BF37","BF37","BF37_1",168.900958770315
"BF38","BF38","BF38_1",166.322705663439
"BF39","BF39","BF39_1",162.984149244459
"BF40","BF40","BF40_1",161.359469202963
"BF41","BF41","BF41_1",160.495326000073
"BF42","BF42","BF42_1",163.377974229515
"BF43","BF43","BF43_1",158.800103806269
"BF44","BF44","BF44_1",161.87435426484
"BF45","BF45","BF45_1",165.580229205491
"BF46","BF46","BF46_1",170.561240275019
"BF47","BF47","BF47_1",168.188600898051
"BF48","BF48","BF48_1",164.344618183545
"BF49","BF49","BF49_1",166.603088532212
"BF50","BF50","BF50_1",159.728057316136
"BF51","BF51","BF51_1",163.658874222128
"BF52","BF52","BF52_1",163.14875853917
"BF53","BF53","BF53_1",164.253017285956
"BF54","BF54","BF54_1",168.39696929141
"BF55","BF55","BF55_1",169.486785368507
"BF56","BF56","BF56_1",167.444694746036
"BF57","BF57","BF57_1",170.682510688126
"BF58","BF58","BF58_1",166.691998546102
"BF59","BF59","BF59_1",170.073318003842
"BF60","BF60","BF60_1",163.459626608837
"BF61","BF61","BF61_1",164.408751478607
"BF62","BF62","BF62_1",168.241146355881
"BF63","BF63","BF63_1",168.236019775456
"BF64","BF64","BF64_1",170.131164433136
"BF65","BF65","BF65_1",170.446252934696
"BF66","BF66","BF66_1",170.503972721845
"BF67","BF67","BF67_1",168.09030790186
"BF68","BF68","BF68_1",168.420985453551
"BF69","BF69","BF69_1",173.690505329579
"BF70","BF70","BF70_1",170.661090976693
"BF71","BF71","BF71_1",169.628056638151
"BF72","BF72","BF72_1",171.073956829849
"BF73","BF73","BF73_1",172.513122503649
"BF74","BF74","BF74_1",172.253000334724
"BF75","BF75","BF75_1",173.227793642261
"BF76","BF76","BF76_1",172.245224673895
"BF77","BF77","BF77_1",171.584565161833
"BF78","BF78","BF78_1",175.684587941948
"BF79","BF79","BF79_1",173.998461444272
"BF80","BF80","BF80_1",171.961410527425
"BF81","BF81","BF81_1",177.568838302018
"BF82","BF82","BF82_1",177.623606481329
"BF83","BF83","BF83_1",175.830975610865
"BF84","BF84","BF84_1",175.299939177044
"BF85","BF85","BF85_1",177.351472012212
"BF86","BF86","BF86_1",176.751264681385
"BF87","BF87","BF87_1",177.239678974767
"BF88","BF88","BF88_1",180.111266619423
"BF89","BF89","BF89_1",175.968276061756
"BF90","BF90","BF90_1",177.001785722034
"BF91","BF91","BF91_1",180.833657649097
"BF92","BF92","BF92_1",177.462285940483
"BF93","BF93","BF93_1",178.737236543789
"BF94","BF94","BF94_1",183.013296762931
"BF95","BF95","BF95_1",178.981470049096
"BF96","BF96","BF96_1",178.797822277829
"BF97","BF97","BF97_1",178.177826913245
"BF98","BF98","BF98_1",176.996569498816
"BF99","BF99","BF99_1",174.096787752653
"BG09","BG09","BG09_1",148.163648762215
"BG19","BG19","BG19_1",149.152684125611
"BG26","BG26","BG26_1",151.677795226048
"BG27","BG27","BG27_1",152.296502030111
"BG28","BG28","BG28_1",151.075744926677
"BG29","BG29","BG29_1",152.901756321341
"BG30","BG30","BG30_1",141.804832200028
"BG31","BG31","BG31_1",143.426519666817
"BG32","BG32","BG32_1",143.791688038601
"BG33","BG33","BG33_1",144.626971671768
"BG36","BG36","BG36_1",150.317635633419
"BG37","BG37","BG37_1",148.806026793021
"BG38","BG38","BG38_1",149.163811342207
"BG39","BG39","BG39_1",159.108501982101
"BG40","BG40","BG40_1",143.946968874315
"BG41","BG41","BG41_1",145.247424882793
"BG42","BG42","BG42_1",145.21536799235
"BG43","BG43","BG43_1",145.830952300543
"BG45","BG45","BG45_1",149.263418425567
"BG48","BG48","BG48_1",155.275842014561
"BG49","BG49","BG49_1",158.386254302432
"BG50","BG50","BG50_1",150.789048747288
"BG51","BG51","BG51_1",148.91560921028
"BG52","BG52","BG52_1",149.44180403922
"BG53","BG53","BG53_1",150.570930463981
"BG54","BG54","BG54_1",151.942854721267
"BG55","BG55","BG55_1",153.59902181467
"BG56","BG56","BG56_1",154.431995690034
"BG57","BG57","BG57_1",155.986656256819
"BG58","BG58","BG58_1",158.389602088383
"BG59","BG59","BG59_1",158.178789628775
"BG60","BG60","BG60_1",149.095106088728
"BG61","BG61","BG61_1",150.316442771091
"BG62","BG62","BG62_1",153.566411423725
"BG63","BG63","BG63_1",154.537537652193
"BG64","BG64","BG64_1",156.818419471614
"BG65","BG65","BG65_1",157.295075078898
"BG66","BG66","BG66_1",156.553311843142
"BG67","BG67","BG67_1",159.803021920166
"BG68","BG68","BG68_1",164.422464211251
"BG69","BG69","BG69_1",163.521115307867
"BG70","BG70","BG70_1",153.238061477776
"BG71","BG71","BG71_1",155.555631516638
"BG72","BG72","BG72_1",161.656634177583
"BG73","BG73","BG73_1",159.433452987559
"BG74","BG74","BG74_1",162.385507660417
"BG75","BG75","BG75_1",161.028655913702
"BG76","BG76","BG76_1",159.595252491766
"BG77","BG77","BG77_1",164.021790827218
"BG78","BG78","BG78_1",166.591662267206
"BG79","BG79","BG79_1",167.946185220827
"BG80","BG80","BG80_1",159.426565834595
"BG81","BG81","BG81_1",167.54656548053
"BG82","BG82","BG82_1",164.328292895547
"BG83","BG83","BG83_1",164.10238622444
"BG84","BG84","BG84_1",168.884232383484
"BG85","BG85","BG85_1",160.182972367825
"BG86","BG86","BG86_1",165.827749620581
"BG87","BG87","BG87_1",169.246985034742
"BG88","BG88","BG88_1",171.353131153496
"BG89","BG89","BG89_1",176.074382363021
"BG90","BG90","BG90_1",161.611385313649
"BG91","BG91","BG91_1",161.985426538436
"BG92","BG92","BG92_1",167.621732866104
"BG93","BG93","BG93_1",169.168429976009
"BG94","BG94","BG94_1",164.441684804477
"BG95","BG95","BG95_1",164.539473076029
"BG96","BG96","BG96_1",174.606438257518
"BG97","BG97","BG97_1",174.949487596724
"BG98","BG98","BG98_1",173.04909974805
"BG99","BG99","BG99_1",179.540592566773
"BH49","BH49","BH49_1",142.891515731812
"BH57","BH57","BH57_1",146.414992593166
"BH58","BH58","BH58_1",149.996927355797
"BH59","BH59","BH59_1",151.595366711192
"BH66","BH66","BH66_1",147.38340072142
"BH67","BH67","BH67_1",148.062648889567
"BH68","BH68","BH68_1",150.654183896602
"BH69","BH69","BH69_1",149.498085848767
"BH76","BH76","BH76_1",149.497366001189
"BH77","BH77","BH77_1",151.995573423203
"BH78","BH78","BH78_1",156.450570399751
"BH79","BH79","BH79_1",154.497934816708
"BH86","BH86","BH86_1",152.365335143764
"BH87","BH87","BH87_1",153.564276653154
"BH88","BH88","BH88_1",156.870184424369
"BH89","BH89","BH89_1",156.673021234572
"BH96","BH96","BH96_1",154.369686440549
"BH97","BH97","BH97_1",158.545606468338
"BH98","BH98","BH98_1",159.928477929827
"BH99","BH99","BH99_1",160.660956976603
"CB70","CB70","CB70_1",139.535012762963
"CB80","CB80","CB80_1",134.561229238723
"CB81","CB81","CB81_1",134.552205460192
"CB82","CB82","CB82_1",136.658049577657
"CB90","CB90","CB90_1",130.96301620652
"CB91","CB91","CB91_1",134.758209750057
"CB92","CB92","CB92_1",136.269774087946
"CB93","CB93","CB93_1",139.974071526288
"CB94","CB94","CB94_1",135.587332935383
"CC01","CC01","CC01_1",146.558767077674
"CC03","CC03","CC03_1",147.434836542428
"CC04","CC04","CC04_1",148.077887907528
"CC05","CC05","CC05_1",147.325603657832
"CC06","CC06","CC06_1",152.567597004801
"CC10","CC10","CC10_1",141.575774941882
"CC11","CC11","CC11_1",142.279260379282
"CC14","CC14","CC14_1",144.190787619481
"CC15","CC15","CC15_1",145.863855351862
"CC16","CC16","CC16_1",147.227455225712
"CC20","CC20","CC20_1",141.065434903435
"CC21","CC21","CC21_1",146.627919733005
"CC22","CC22","CC22_1",140.696482759064
"CC23","CC23","CC23_1",141.211485980542
"CC24","CC24","CC24_1",142.645229463339
"CC25","CC25","CC25_1",142.817046211071
"CC26","CC26","CC26_1",142.861647849214
"CC30","CC30","CC30_1",139.114216490128
"CC31","CC31","CC31_1",139.804686434826
"CC32","CC32","CC32_1",142.096414250826
"CC33","CC33","CC33_1",139.037200233489
"CC34","CC34","CC34_1",144.821901591568
"CC35","CC35","CC35_1",147.166204075717
"CC36","CC36","CC36_1",146.188303370864
"CC40","CC40","CC40_1",139.445002755644
"CC41","CC41","CC41_1",139.153258917509
"CC42","CC42","CC42_1",134.158455400039
"CC43","CC43","CC43_1",133.864133636048
"CC44","CC44","CC44_1",139.749960514688
"CC45","CC45","CC45_1",144.874377952071
"CC46","CC46","CC46_1",139.57343656046
"CC47","CC47","CC47_1",132.735616299155
"CC50","CC50","CC50_1",139.814501191978
"CC51","CC51","CC51_1",139.438143252904
"CC52","CC52","CC52_1",138.133106117569
"CC53","CC53","CC53_1",137.403167529224
"CC54","CC54","CC54_1",137.552756370609
"CC55","CC55","CC55_1",137.322008182519
"CC56","CC56","CC56_1",134.63496958877
"CC57","CC57","CC57_1",136.290736619209
"CC60","CC60","CC60_1",131.053854766609
"CC61","CC61","CC61_1",132.61998110693
"CC62","CC62","CC62_1",131.095330768869
"CC63","CC63","CC63_1",133.163067546856
"CC64","CC64","CC64_1",134.202561686389
"CC65","CC65","CC65_1",133.168489094047
"CC66","CC66","CC66_1",132.693779180411
"CC67","CC67","CC67_1",138.131863395688
"CC68","CC68","CC68_1",138.229598240954
"CC70","CC70","CC70_1",134.948545983035
"CC71","CC71","CC71_1",136.002210932247
"CC72","CC72","CC72_1",134.454624155801
"CC73","CC73","CC73_1",129.540731126593
"CC74","CC74","CC74_1",133.121065966158
"CC75","CC75","CC75_1",133.528744371286
"CC76","CC76","CC76_1",134.569225750913
"CC77","CC77","CC77_1",135.36324454283
"CC78","CC78","CC78_1",136.175951621695
"CC79","CC79","CC79_1",138.43167561714
"CC80","CC80","CC80_1",134.558068162994
"CC81","CC81","CC81_1",137.914816074441
"CC82","CC82","CC82_1",138.06017326034
"CC83","CC83","CC83_1",131.602407224899
"CC84","CC84","CC84_1",132.592614450377
"CC85","CC85","CC85_1",133.468158773272
"CC86","CC86","CC86_1",133.027804561137
"CC87","CC87","CC87_1",132.881992103289
"CC88","CC88","CC88_1",131.95351607176
"CC89","CC89","CC89_1",136.124376884659
"CC90","CC90","CC90_1",132.577152450698
"CC91","CC91","CC91_1",130.476074823384
"CC92","CC92","CC92_1",126.880042749715
"CC93","CC93","CC93_1",128.557369196532
"CC94","CC94","CC94_1",127.041019007886
"CC95","CC95","CC95_1",129.670694984382
"CC96","CC96","CC96_1",132.45484347119
"CC97","CC97","CC97_1",132.622594981693
"CC98","CC98","CC98_1",132.02136065089
"CC99","CC99","CC99_1",131.22401980726
"CD00","CD00","CD00_1",156.417356939
"CD01","CD01","CD01_1",158.118289288996
"CD02","CD02","CD02_1",151.911755894676
"CD03","CD03","CD03_1",146.644853331555
"CD04","CD04","CD04_1",143.220391355533
"CD05","CD05","CD05_1",144.655006440413
"CD06","CD06","CD06_1",151.067505388875
"CD07","CD07","CD07_1",142.372397223738
"CD08","CD08","CD08_1",145.767865779469
"CD09","CD09","CD09_1",146.610582770832
"CD10","CD10","CD10_1",154.880629342109
"CD11","CD11","CD11_1",149.178513003443
"CD12","CD12","CD12_1",146.760961019997
"CD13","CD13","CD13_1",145.345336387905
"CD14","CD14","CD14_1",143.925639889998
"CD15","CD15","CD15_1",139.363096095311
"CD16","CD16","CD16_1",140.887160740634
"CD17","CD17","CD17_1",139.985369282809
"CD18","CD18","CD18_1",139.517255464584
"CD20","CD20","CD20_1",148.127930364884
"CD21","CD21","CD21_1",144.981258993074
"CD22","CD22","CD22_1",138.540695270733
"CD23","CD23","CD23_1",142.449692970304
"CD24","CD24","CD24_1",145.630835710291
"CD25","CD25","CD25_1",138.207120903068
"CD26","CD26","CD26_1",141.420859975922
"CD27","CD27","CD27_1",135.644776616195
"CD28","CD28","CD28_1",140.602749519494
"CD29","CD29","CD29_1",143.733243211462
"CD30","CD30","CD30_1",143.675771676794
"CD31","CD31","CD31_1",138.92758717558
"CD32","CD32","CD32_1",142.638174039831
"CD33","CD33","CD33_1",137.812759503482
"CD34","CD34","CD34_1",136.479393639491
"CD35","CD35","CD35_1",134.320914073903
"CD36","CD36","CD36_1",137.176735167428
"CD37","CD37","CD37_1",142.155672803933
"CD38","CD38","CD38_1",143.725713415182
"CD39","CD39","CD39_1",138.572648449386
"CD40","CD40","CD40_1",134.246691841622
"CD41","CD41","CD41_1",143.246866628709
"CD42","CD42","CD42_1",142.170812711358
"CD43","CD43","CD43_1",133.6751695785
"CD44","CD44","CD44_1",143.086715231826
"CD45","CD45","CD45_1",142.917407715745
"CD46","CD46","CD46_1",140.588571606464
"CD47","CD47","CD47_1",139.609467703718
"CD48","CD48","CD48_1",136.260817091343
"CD49","CD49","CD49_1",136.458322423085
"CD50","CD50","CD50_1",138.519931921073
"CD51","CD51","CD51_1",141.333572971814
"CD52","CD52","CD52_1",139.611798926341
"CD53","CD53","CD53_1",135.693213451114
"CD54","CD54","CD54_1",137.307633291214
"CD55","CD55","CD55_1",136.12174495199
"CD56","CD56","CD56_1",134.235914426048
"CD57","CD57","CD57_1",136.577792849244
"CD58","CD58","CD58_1",135.344050990706
"CD59","CD59","CD59_1",139.845274421587
"CD60","CD60","CD60_1",140.789535645597
"CD61","CD61","CD61_1",142.139352742863
"CD62","CD62","CD62_1",136.115098201456
"CD63","CD63","CD63_1",130.944326290704
"CD64","CD64","CD64_1",137.584222954971
"CD65","CD65","CD65_1",136.457159227379
"CD66","CD66","CD66_1",133.762261120417
"CD67","CD67","CD67_1",133.563507100998
"CD68","CD68","CD68_1",134.378843171477
"CD69","CD69","CD69_1",134.719538901124
"CD70","CD70","CD70_1",138.329811653385
"CD71","CD71","CD71_1",133.412803274631
"CD72","CD72","CD72_1",134.639621591484
"CD73","CD73","CD73_1",131.780064962604
"CD74","CD74","CD74_1",133.087428606261
"CD75","CD75","CD75_1",135.43951861344
"CD76","CD76","CD76_1",131.468534906309
"CD77","CD77","CD77_1",136.024840405139
"CD78","CD78","CD78_1",133.719867328652
"CD79","CD79","CD79_1",134.075184802759
"CD80","CD80","CD80_1",141.966223297346
"CD81","CD81","CD81_1",127.974175357265
"CD82","CD82","CD82_1",133.295492102805
"CD83","CD83","CD83_1",129.030742559101
"CD84","CD84","CD84_1",129.63888284842
"CD85","CD85","CD85_1",134.200954737356
"CD86","CD86","CD86_1",132.500510518065
"CD87","CD87","CD87_1",138.583501217426
"CD88","CD88","CD88_1",132.223729216029
"CD89","CD89","CD89_1",133.189944333865
"CD90","CD90","CD90_1",133.059467659305
"CD91","CD91","CD91_1",129.516206725455
"CD92","CD92","CD92_1",136.597753925052
"CD93","CD93","CD93_1",126.682467572302
"CD94","CD94","CD94_1",134.154073873528
"CD95","CD95","CD95_1",131.107765262883
"CD96","CD96","CD96_1",133.477477223816
"CD97","CD97","CD97_1",133.653448971356
"CD98","CD98","CD98_1",133.970141046222
"CD99","CD99","CD99_1",132.93508329832
"CE00","CE00","CE00_1",177.138867649543
"CE01","CE01","CE01_1",175.75106803909
"CE02","CE02","CE02_1",170.917656860534
"CE03","CE03","CE03_1",169.526820910114
"CE04","CE04","CE04_1",168.734698831606
"CE05","CE05","CE05_1",164.692899179184
"CE06","CE06","CE06_1",164.680646570345
"CE07","CE07","CE07_1",163.449992818523
"CE08","CE08","CE08_1",158.745553325474
"CE09","CE09","CE09_1",152.628458087683
"CE10","CE10","CE10_1",172.717336422713
"CE11","CE11","CE11_1",175.626173932641
"CE12","CE12","CE12_1",172.251494053096
"CE13","CE13","CE13_1",170.288565087651
"CE14","CE14","CE14_1",168.727810572305
"CE15","CE15","CE15_1",164.554232892749
"CE16","CE16","CE16_1",164.468961038835
"CE17","CE17","CE17_1",158.590722253819
"CE18","CE18","CE18_1",151.416835412832
"CE19","CE19","CE19_1",155.420043822949
"CE20","CE20","CE20_1",173.321309851254
"CE21","CE21","CE21_1",174.449150745784
"CE22","CE22","CE22_1",175.200038883048
"CE23","CE23","CE23_1",168.930432905058
"CE24","CE24","CE24_1",163.942589772247
"CE25","CE25","CE25_1",162.550507501565
"CE26","CE26","CE26_1",158.192078619189
"CE27","CE27","CE27_1",153.248133138396
"CE28","CE28","CE28_1",157.366196700564
"CE29","CE29","CE29_1",157.438197581713
"CE30","CE30","CE30_1",172.609342480687
"CE31","CE31","CE31_1",169.865150749941
"CE32","CE32","CE32_1",169.0409578109
"CE33","CE33","CE33_1",167.051351154959
"CE34","CE34","CE34_1",166.222018668783
"CE35","CE35","CE35_1",158.939291217496
"CE36","CE36","CE36_1",158.686862508815
"CE37","CE37","CE37_1",154.429670063066
"CE38","CE38","CE38_1",155.825482249104
"CE39","CE39","CE39_1",151.146296981793
"CE40","CE40","CE40_1",173.733684403877
"CE41","CE41","CE41_1",171.822219619573
"CE42","CE42","CE42_1",170.532591797323
"CE43","CE43","CE43_1",166.78879659698
"CE44","CE44","CE44_1",162.926703993326
"CE45","CE45","CE45_1",156.294629114669
"CE46","CE46","CE46_1",153.583591234473
"CE47","CE47","CE47_1",148.847582366803
"CE48","CE48","CE48_1",147.75464902935
"CE49","CE49","CE49_1",138.770088077469
"CE50","CE50","CE50_1",171.095795293219
"CE51","CE51","CE51_1",166.937505979427
"CE52","CE52","CE52_1",163.307911362496
"CE53","CE53","CE53_1",164.737435054418
"CE54","CE54","CE54_1",153.638148926381
"CE55","CE55","CE55_1",154.304249993295
"CE56","CE56","CE56_1",146.387418682352
"CE57","CE57","CE57_1",144.300170924326
"CE58","CE58","CE58_1",140.055443958463
"CE59","CE59","CE59_1",137.269217762939
"CE60","CE60","CE60_1",162.98487607458
"CE61","CE61","CE61_1",161.457517545987
"CE62","CE62","CE62_1",158.625586976405
"CE63","CE63","CE63_1",159.981578786617
"CE64","CE64","CE64_1",141.371234428201
"CE65","CE65","CE65_1",145.260661713266
"CE66","CE66","CE66_1",144.443845937367
"CE67","CE67","CE67_1",146.030317869901
"CE68","CE68","CE68_1",142.152716803946
"CE69","CE69","CE69_1",143.844462297137
"CE70","CE70","CE70_1",165.429043252419
"CE71","CE71","CE71_1",165.293128412051
"CE72","CE72","CE72_1",149.683056688398
"CE73","CE73","CE73_1",153.667216949841
"CE74","CE74","CE74_1",145.887334288894
"CE75","CE75","CE75_1",150.70855433268
"CE76","CE76","CE76_1",149.341999405767
"CE77","CE77","CE77_1",139.474748991112
"CE78","CE78","CE78_1",134.255114117885
"CE79","CE79","CE79_1",137.199711940679
"CE80","CE80","CE80_1",151.365674226013
"CE81","CE81","CE81_1",144.668440874161
"CE82","CE82","CE82_1",144.952218746919
"CE83","CE83","CE83_1",152.811504863558
"CE84","CE84","CE84_1",149.987634811594
"CE85","CE85","CE85_1",144.626027961077
"CE86","CE86","CE86_1",140.237935758628
"CE87","CE87","CE87_1",137.182006619374
"CE88","CE88","CE88_1",141.199287589137
"CE89","CE89","CE89_1",137.97409941284
"CE90","CE90","CE90_1",154.203654882058
"CE91","CE91","CE91_1",149.093098301425
"CE92","CE92","CE92_1",140.916672441766
"CE93","CE93","CE93_1",143.572682477141
"CE94","CE94","CE94_1",152.011498633767
"CE95","CE95","CE95_1",150.250317656736
"CE96","CE96","CE96_1",139.041450392107
"CE97","CE97","CE97_1",140.409176661952
"CE98","CE98","CE98_1",142.225008465909
"CE99","CE99","CE99_1",137.42606829091
"CF00","CF00","CF00_1",174.495923518093
"CF01","CF01","CF01_1",184.095097472504
"CF02","CF02","CF02_1",182.620580612733
"CF03","CF03","CF03_1",180.350133597097
"CF04","CF04","CF04_1",179.042746870242
"CF05","CF05","CF05_1",176.6681747949
"CF06","CF06","CF06_1",180.661302561128
"CF07","CF07","CF07_1",179.05075455515
"CF08","CF08","CF08_1",179.870729906489
"CF09","CF09","CF09_1",177.467957798001
"CF10","CF10","CF10_1",175.649600922057
"CF11","CF11","CF11_1",175.517221707798
"CF12","CF12","CF12_1",177.892836488497
"CF13","CF13","CF13_1",177.049123675479
"CF14","CF14","CF14_1",176.144164775595
"CF15","CF15","CF15_1",181.096334228756
"CF16","CF16","CF16_1",179.468568442408
"CF17","CF17","CF17_1",179.751080396062
"CF18","CF18","CF18_1",174.969834230447
"CF19","CF19","CF19_1",177.766211114837
"CF20","CF20","CF20_1",174.452814911247
"CF21","CF21","CF21_1",174.8108073121
"CF22","CF22","CF22_1",175.00809289565
"CF23","CF23","CF23_1",177.710600494781
"CF24","CF24","CF24_1",179.932275265365
"CF25","CF25","CF25_1",186.014773992734
"CF26","CF26","CF26_1",177.362478546563
"CF27","CF27","CF27_1",183.512830149048
"CF28","CF28","CF28_1",178.993950263035
"CF29","CF29","CF29_1",173.167892667612
"CF30","CF30","CF30_1",174.885772648021
"CF31","CF31","CF31_1",176.978723818603
"CF32","CF32","CF32_1",173.135783158954
"CF33","CF33","CF33_1",164.533684908589
"CF34","CF34","CF34_1",176.81437507052
"CF35","CF35","CF35_1",182.833851083399
"CF36","CF36","CF36_1",171.646677472303
"CF37","CF37","CF37_1",181.945911755811
"CF38","CF38","CF38_1",179.09593998747
"CF39","CF39","CF39_1",171.125978149296
"CF40","CF40","CF40_1",166.242295662459
"CF41","CF41","CF41_1",170.505555648226
"CF42","CF42","CF42_1",171.990268957032
"CF43","CF43","CF43_1",170.943841901017
"CF44","CF44","CF44_1",175.304170678634
"CF45","CF45","CF45_1",171.053765629796
"CF46","CF46","CF46_1",169.314158556622
"CF47","CF47","CF47_1",176.577239821479
"CF48","CF48","CF48_1",177.41923911712
"CF49","CF49","CF49_1",170.614252128431
"CF50","CF50","CF50_1",164.279851294018
"CF51","CF51","CF51_1",163.644735034968
"CF52","CF52","CF52_1",168.283523247906
"CF53","CF53","CF53_1",168.616034950836
"CF54","CF54","CF54_1",162.286836577095
"CF55","CF55","CF55_1",174.121490197532
"CF56","CF56","CF56_1",172.291250404514
"CF57","CF57","CF57_1",166.338082978103
"CF58","CF58","CF58_1",162.737121045247
"CF59","CF59","CF59_1",172.685297063723
"CF60","CF60","CF60_1",159.806336814106
"CF61","CF61","CF61_1",166.455689612714
"CF62","CF62","CF62_1",166.692791123409
"CF63","CF63","CF63_1",164.352106667342
"CF64","CF64","CF64_1",155.039432160839
"CF65","CF65","CF65_1",167.801105856853
"CF66","CF66","CF66_1",165.839327526813
"CF67","CF67","CF67_1",157.487489597325
"CF68","CF68","CF68_1",161.359819543985
"CF69","CF69","CF69_1",165.262315865099
"CF70","CF70","CF70_1",151.150666304591
"CF71","CF71","CF71_1",153.877848953686
"CF72","CF72","CF72_1",155.714920074309
"CF73","CF73","CF73_1",155.989830246348
"CF74","CF74","CF74_1",153.889744489336
"CF75","CF75","CF75_1",172.569902946329
"CF76","CF76","CF76_1",162.587910940412
"CF77","CF77","CF77_1",153.581760527701
"CF78","CF78","CF78_1",160.479270611778
"CF79","CF79","CF79_1",158.214789672686
"CF80","CF80","CF80_1",151.139425217707
"CF81","CF81","CF81_1",149.993577891372
"CF82","CF82","CF82_1",144.320028840621
"CF83","CF83","CF83_1",148.806093379798
"CF84","CF84","CF84_1",146.164746104712
"CF85","CF85","CF85_1",160.847576055595
"CF86","CF86","CF86_1",151.674487064721
"CF87","CF87","CF87_1",147.87380535417
"CF88","CF88","CF88_1",155.374853685234
"CF89","CF89","CF89_1",160.086349782451
"CF90","CF90","CF90_1",145.618894460734
"CF91","CF91","CF91_1",142.155331686958
"CF92","CF92","CF92_1",147.25013214226
"CF93","CF93","CF93_1",139.425590066555
"CF94","CF94","CF94_1",160.994967860772
"CF95","CF95","CF95_1",151.038486647589
"CF96","CF96","CF96_1",146.843281322533
"CF97","CF97","CF97_1",143.073546919954
"CF98","CF98","CF98_1",144.707623019902
"CF99","CF99","CF99_1",144.862714845991
"CG00","CG00","CG00_1",166.915938439494
"CG01","CG01","CG01_1",169.226362906134
"CG02","CG02","CG02_1",172.627655371471
"CG03","CG03","CG03_1",165.594509039091
"CG04","CG04","CG04_1",163.898400991759
"CG05","CG05","CG05_1",174.567083498794
"CG06","CG06","CG06_1",181.868489153308
"CG07","CG07","CG07_1",174.216630409675
"CG08","CG08","CG08_1",173.541189804006
"CG09","CG09","CG09_1",179.020783904063
"CG10","CG10","CG10_1",170.323197674738
"CG11","CG11","CG11_1",178.148648342534
"CG12","CG12","CG12_1",173.506273158279
"CG13","CG13","CG13_1",166.412122207804
"CG14","CG14","CG14_1",172.457722780898
"CG15","CG15","CG15_1",172.912920062392
"CG16","CG16","CG16_1",173.700367294285
"CG17","CG17","CG17_1",172.966037516046
"CG18","CG18","CG18_1",170.902079763284
"CG19","CG19","CG19_1",174.833814846071
"CG20","CG20","CG20_1",174.038872564281
"CG21","CG21","CG21_1",180.90836484001
"CG22","CG22","CG22_1",168.848817227627
"CG23","CG23","CG23_1",165.199990553367
"CG24","CG24","CG24_1",175.92631578832
"CG25","CG25","CG25_1",168.279863329903
"CG26","CG26","CG26_1",169.532231703434
"CG27","CG27","CG27_1",171.563547434246
"CG28","CG28","CG28_1",166.689023286553
"CG29","CG29","CG29_1",169.960973632299
"CG30","CG30","CG30_1",172.499842617494
"CG31","CG31","CG31_1",169.180474186356
"CG32","CG32","CG32_1",165.917879695487
"CG33","CG33","CG33_1",167.862454992764
"CG34","CG34","CG34_1",170.134580927156
"CG35","CG35","CG35_1",166.629531989583
"CG36","CG36","CG36_1",170.86127874611
"CG37","CG37","CG37_1",167.952962814405
"CG38","CG38","CG38_1",166.512904957135
"CG39","CG39","CG39_1",171.540611216419
"CG40","CG40","CG40_1",171.729758361529
"CG41","CG41","CG41_1",170.024913741537
"CG42","CG42","CG42_1",167.332644717562
"CG43","CG43","CG43_1",168.18630997186
"CG44","CG44","CG44_1",166.331929766922
"CG45","CG45","CG45_1",170.943579232396
"CG46","CG46","CG46_1",170.517735138208
"CG47","CG47","CG47_1",166.241432632453
"CG48","CG48","CG48_1",170.360913826438
"CG49","CG49","CG49_1",174.941087499565
"CG50","CG50","CG50_1",170.083438349213
"CG51","CG51","CG51_1",165.210206083388
"CG52","CG52","CG52_1",163.774127728975
"CG53","CG53","CG53_1",158.32808452276
"CG54","CG54","CG54_1",158.091772487497
"CG55","CG55","CG55_1",166.983224576812
"CG56","CG56","CG56_1",160.040049929449
"CG57","CG57","CG57_1",161.716529350745
"CG58","CG58","CG58_1",164.951880306627
"CG59","CG59","CG59_1",158.682221166257
"CG60","CG60","CG60_1",161.741090045568
"CG61","CG61","CG61_1",149.182780020887
"CG62","CG62","CG62_1",151.499406077771
"CG63","CG63","CG63_1",164.822096514441
"CG64","CG64","CG64_1",157.168588639955
"CG65","CG65","CG65_1",155.397072468149
"CG66","CG66","CG66_1",153.358019779078
"CG67","CG67","CG67_1",157.827100357874
"CG68","CG68","CG68_1",159.487198435346
"CG69","CG69","CG69_1",150.158583582823
"CG71","CG71","CG71_1",150.952626184298
"CG73","CG73","CG73_1",154.246643023191
"CG74","CG74","CG74_1",152.669220651025
"CG75","CG75","CG75_1",149.710449884178
"CG76","CG76","CG76_1",153.566786728672
"CG77","CG77","CG77_1",149.876645255038
"CG78","CG78","CG78_1",149.020032500263
"CG79","CG79","CG79_1",149.870810064802
"CG80","CG80","CG80_1",151.233445685839
"CG83","CG83","CG83_1",150.797336273822
"CG84","CG84","CG84_1",147.073063249961
"CG85","CG85","CG85_1",142.550549191304
"CG86","CG86","CG86_1",144.625308422465
"CG88","CG88","CG88_1",144.354297597015
"CG89","CG89","CG89_1",146.836953433013
"CG90","CG90","CG90_1",147.141425956457
"CG94","CG94","CG94_1",140.65282811071
"CG95","CG95","CG95_1",140.095137256314
"CG98","CG98","CG98_1",142.293083026266
"CG99","CG99","CG99_1",145.701836742711
"CH06","CH06","CH06_1",157.235604868965
"CH07","CH07","CH07_1",163.309516506099
"CH08","CH08","CH08_1",164.218075634765
"CH09","CH09","CH09_1",164.767924821383
"CH16","CH16","CH16_1",163.911696626227
"CH17","CH17","CH17_1",165.976552811222
"CH18","CH18","CH18_1",167.51132398667
"CH19","CH19","CH19_1",169.141254442518
"CH25","CH25","CH25_1",168.50545788195
"CH26","CH26","CH26_1",167.83253340374
"CH27","CH27","CH27_1",168.830404497742
"CH28","CH28","CH28_1",169.997349141226
"CH29","CH29","CH29_1",171.391524097512
"CH34","CH34","CH34_1",170.055998762578
"CH35","CH35","CH35_1",170.363264326361
"CH36","CH36","CH36_1",168.220282893412
"CH37","CH37","CH37_1",169.743481606406
"CH38","CH38","CH38_1",173.332308101108
"CH39","CH39","CH39_1",172.589641811725
"CH45","CH45","CH45_1",171.458047064004
"CH46","CH46","CH46_1",170.873070951551
"CH47","CH47","CH47_1",172.904949416843
"CH48","CH48","CH48_1",174.963998528221
"CH49","CH49","CH49_1",176.549573357591
"CH55","CH55","CH55_1",167.560408913986
"CH56","CH56","CH56_1",171.564553193827
"CH57","CH57","CH57_1",171.189054603986
"CH58","CH58","CH58_1",169.493383652509
"CH59","CH59","CH59_1",158.411441176447
"CH65","CH65","CH65_1",153.27743838299
"CH66","CH66","CH66_1",163.169717246956
"CH67","CH67","CH67_1",165.020795248386
"CH68","CH68","CH68_1",165.134304473772
"CH69","CH69","CH69_1",155.133285863314
"CH76","CH76","CH76_1",151.743725288253
"CH77","CH77","CH77_1",150.82454444199
"CH78","CH78","CH78_1",154.999092527187
"CH79","CH79","CH79_1",148.668210206922
"CH85","CH85","CH85_1",147.501800783729
"CH86","CH86","CH86_1",155.828653137441
"CH87","CH87","CH87_1",157.048951839495
"CH88","CH88","CH88_1",146.908489361025
"CH89","CH89","CH89_1",145.865587565969
"CH95","CH95","CH95_1",149.217611104122
"CH96","CH96","CH96_1",149.329817998396
"CH97","CH97","CH97_1",148.265077804815
"CH98","CH98","CH98_1",140.133552580973
"CH99","CH99","CH99_1",146.899442991422
"DA80","DA80","DA80_1",125.397498955785
"DA90","DA90","DA90_1",124.371712503538
"DB00","DB00","DB00_1",133.813402305121
"DB01","DB01","DB01_1",132.295481429295
"DB02","DB02","DB02_1",131.274341263724
"DB03","DB03","DB03_1",133.193777379687
"DB04","DB04","DB04_1",131.946474200822
"DB05","DB05","DB05_1",134.20773060641
"DB10","DB10","DB10_1",131.789454461528
"DB11","DB11","DB11_1",131.743184636242
"DB12","DB12","DB12_1",131.471619465215
"DB13","DB13","DB13_1",133.747834322305
"DB14","DB14","DB14_1",133.452910540302
"DB15","DB15","DB15_1",138.504765440587
"DB16","DB16","DB16_1",135.892227093416
"DB20","DB20","DB20_1",132.814107163866
"DB21","DB21","DB21_1",131.508411990407
"DB22","DB22","DB22_1",130.141174273909
"DB23","DB23","DB23_1",131.027190150237
"DB24","DB24","DB24_1",133.235787316455
"DB25","DB25","DB25_1",134.426421981513
"DB26","DB26","DB26_1",127.049714847113
"DB30","DB30","DB30_1",137.057301967457
"DB31","DB31","DB31_1",135.182702090016
"DB32","DB32","DB32_1",132.11038806311
"DB33","DB33","DB33_1",131.663524231625
"DB34","DB34","DB34_1",138.122767225769
"DB35","DB35","DB35_1",126.006227482714
"DB36","DB36","DB36_1",127.212683092153
"DB40","DB40","DB40_1",130.666668168678
"DB41","DB41","DB41_1",125.027863382114
"DB42","DB42","DB42_1",132.456632511119
"DB43","DB43","DB43_1",126.008157064993
"DB44","DB44","DB44_1",126.779633219196
"DB45","DB45","DB45_1",126.256644951727
"DB46","DB46","DB46_1",129.771341678492
"DB47","DB47","DB47_1",129.043473208596
"DB50","DB50","DB50_1",124.765085680042
"DB51","DB51","DB51_1",128.848837136001
"DB52","DB52","DB52_1",128.682005059625
"DB53","DB53","DB53_1",133.484130811331
"DB54","DB54","DB54_1",130.659960441369
"DB55","DB55","DB55_1",126.355169536408
"DB56","DB56","DB56_1",127.751434590978
"DB57","DB57","DB57_1",129.492334425073
"DB60","DB60","DB60_1",128.830707258007
"DB61","DB61","DB61_1",129.882881592968
"DB62","DB62","DB62_1",129.364559966418
"DB63","DB63","DB63_1",123.022579849425
"DB64","DB64","DB64_1",120.009160882578
"DB65","DB65","DB65_1",122.586245078559
"DB66","DB66","DB66_1",126.328416580987
"DB67","DB67","DB67_1",129.223170898449
"DB68","DB68","DB68_1",128.906559936625
"DB70","DB70","DB70_1",123.046325431994
"DB71","DB71","DB71_1",127.571478973868
"DB72","DB72","DB72_1",128.65066758366
"DB73","DB73","DB73_1",122.668931143649
"DB74","DB74","DB74_1",118.467678742942
"DB75","DB75","DB75_1",120.456647895729
"DB76","DB76","DB76_1",122.780887746068
"DB77","DB77","DB77_1",124.889043700349
"DB78","DB78","DB78_1",125.974997189814
"DB79","DB79","DB79_1",127.662293559345
"DB80","DB80","DB80_1",118.418654601758
"DB81","DB81","DB81_1",117.899835026122
"DB82","DB82","DB82_1",118.296011944474
"DB83","DB83","DB83_1",114.981565869757
"DB84","DB84","DB84_1",116.861605618388
"DB89","DB89","DB89_1",125.832126872557
"DB94","DB94","DB94_1",119.978144897546
"DB99","DB99","DB99_1",124.02105521984
"DC00","DC00","DC00_1",122.41623428766
"DC01","DC01","DC01_1",122.922288766708
"DC02","DC02","DC02_1",124.361860658913
"DC03","DC03","DC03_1",124.310393913795
"DC04","DC04","DC04_1",128.044907894575
"DC05","DC05","DC05_1",129.096304032381
"DC06","DC06","DC06_1",130.964980804682
"DC07","DC07","DC07_1",129.292520378618
"DC08","DC08","DC08_1",130.136736265245
"DC09","DC09","DC09_1",131.361543661519
"DC10","DC10","DC10_1",124.856932991156
"DC11","DC11","DC11_1",127.292238914698
"DC12","DC12","DC12_1",132.032772473921
"DC13","DC13","DC13_1",127.509008163214
"DC14","DC14","DC14_1",127.658302694462
"DC15","DC15","DC15_1",127.47540232668
"DC16","DC16","DC16_1",130.165615892042
"DC17","DC17","DC17_1",129.618574425846
"DC18","DC18","DC18_1",129.616729890943
"DC19","DC19","DC19_1",133.461536101498
"DC20","DC20","DC20_1",120.802839685805
"DC21","DC21","DC21_1",122.977988872427
"DC22","DC22","DC22_1",123.963186488066
"DC23","DC23","DC23_1",122.715831913581
"DC24","DC24","DC24_1",121.161619402237
"DC25","DC25","DC25_1",124.879012909311
"DC26","DC26","DC26_1",134.884133919301
"DC27","DC27","DC27_1",126.242315509205
"DC28","DC28","DC28_1",130.785573861315
"DC29","DC29","DC29_1",132.713471291298
"DC30","DC30","DC30_1",122.945812975205
"DC31","DC31","DC31_1",121.113321145064
"DC32","DC32","DC32_1",120.205083213067
"DC33","DC33","DC33_1",121.011554125862
"DC34","DC34","DC34_1",122.585814876111
"DC35","DC35","DC35_1",129.811892419918
"DC36","DC36","DC36_1",125.354721463524
"DC37","DC37","DC37_1",127.028228065684
"DC38","DC38","DC38_1",130.562374568959
"DC39","DC39","DC39_1",133.452303216205
"DC40","DC40","DC40_1",117.6795484249
"DC41","DC41","DC41_1",117.742503972431
"DC42","DC42","DC42_1",121.880619733803
"DC43","DC43","DC43_1",121.259308277467
"DC44","DC44","DC44_1",124.204150919124
"DC45","DC45","DC45_1",125.74674103673
"DC46","DC46","DC46_1",126.088517253262
"DC47","DC47","DC47_1",132.332420273119
"DC48","DC48","DC48_1",135.272455502895
"DC49","DC49","DC49_1",135.492945507642
"DC50","DC50","DC50_1",119.336026700906
"DC51","DC51","DC51_1",120.198530036566
"DC52","DC52","DC52_1",120.296972515252
"DC53","DC53","DC53_1",121.607495373314
"DC54","DC54","DC54_1",124.155771002739
"DC55","DC55","DC55_1",124.002940001047
"DC56","DC56","DC56_1",125.168287645698
"DC57","DC57","DC57_1",133.884182338854
"DC58","DC58","DC58_1",126.35519384159
"DC59","DC59","DC59_1",118.949723731213
"DC63","DC63","DC63_1",121.91987004946
"DC64","DC64","DC64_1",122.553168750472
"DC65","DC65","DC65_1",122.318707924106
"DC66","DC66","DC66_1",123.915074916624
"DC67","DC67","DC67_1",125.00420727765
"DC68","DC68","DC68_1",118.62819772562
"DC69","DC69","DC69_1",124.628243214023
"DC76","DC76","DC76_1",120.337919772444
"DC77","DC77","DC77_1",121.611663172571
"DC78","DC78","DC78_1",125.490619928089
"DC79","DC79","DC79_1",128.18286309104
"DC88","DC88","DC88_1",121.330476263775
"DC89","DC89","DC89_1",119.090582879676
"DD00","DD00","DD00_1",131.170020839366
"DD01","DD01","DD01_1",128.685992699664
"DD02","DD02","DD02_1",124.673041232142
"DD03","DD03","DD03_1",127.630435689803
"DD04","DD04","DD04_1",129.619901752724
"DD05","DD05","DD05_1",128.709029479218
"DD06","DD06","DD06_1",134.57482169188
"DD07","DD07","DD07_1",131.301293152427
"DD08","DD08","DD08_1",129.222293738955
"DD09","DD09","DD09_1",130.504685000694
"DD10","DD10","DD10_1",126.046729276211
"DD11","DD11","DD11_1",127.979642609899
"DD12","DD12","DD12_1",129.848151329256
"DD13","DD13","DD13_1",131.297574671471
"DD14","DD14","DD14_1",129.221543684257
"DD15","DD15","DD15_1",126.456246482465
"DD16","DD16","DD16_1",124.976254862968
"DD17","DD17","DD17_1",120.018658951524
"DD18","DD18","DD18_1",122.594582260964
"DD19","DD19","DD19_1",124.487003127787
"DD20","DD20","DD20_1",129.166813652756
"DD21","DD21","DD21_1",126.98960462326
"DD22","DD22","DD22_1",131.553863257577
"DD23","DD23","DD23_1",130.925569604554
"DD24","DD24","DD24_1",129.119247485979
"DD25","DD25","DD25_1",129.813128316538
"DD26","DD26","DD26_1",120.164346446051
"DD27","DD27","DD27_1",125.030923797976
"DD28","DD28","DD28_1",125.6185821515
"DD29","DD29","DD29_1",120.817545784235
"DD30","DD30","DD30_1",121.467755677512
"DD31","DD31","DD31_1",122.330551421202
"DD32","DD32","DD32_1",129.835909702754
"DD33","DD33","DD33_1",132.516408120153
"DD34","DD34","DD34_1",121.603028780458
"DD35","DD35","DD35_1",118.395663682457
"DD36","DD36","DD36_1",121.678819450453
"DD37","DD37","DD37_1",123.556130944699
"DD38","DD38","DD38_1",121.002659385461
"DD39","DD39","DD39_1",123.770679096568
"DD40","DD40","DD40_1",124.242078083722
"DD41","DD41","DD41_1",123.507262698218
"DD42","DD42","DD42_1",128.517096465636
"DD43","DD43","DD43_1",118.825587905972
"DD44","DD44","DD44_1",121.426302585211
"DD45","DD45","DD45_1",124.871984454149
"DD46","DD46","DD46_1",120.510876012399
"DD47","DD47","DD47_1",118.426616838834
"DD48","DD48","DD48_1",119.001914251485
"DD49","DD49","DD49_1",117.255285164765
"DD50","DD50","DD50_1",119.429103511688
"DD51","DD51","DD51_1",120.59180410512
"DD52","DD52","DD52_1",119.913684923744
"DD53","DD53","DD53_1",120.167371161723
"DD54","DD54","DD54_1",118.45786335325
"DD55","DD55","DD55_1",115.615998363092
"DD56","DD56","DD56_1",117.416585853761
"DD57","DD57","DD57_1",119.021101520317
"DD58","DD58","DD58_1",120.153111394461
"DD59","DD59","DD59_1",119.12823482299
"DD60","DD60","DD60_1",118.647309469469
"DD61","DD61","DD61_1",118.473431965165
"DD62","DD62","DD62_1",124.203097582112
"DD63","DD63","DD63_1",122.956745283078
"DD64","DD64","DD64_1",119.909462509675
"DD65","DD65","DD65_1",118.887879587343
"DD66","DD66","DD66_1",118.064630142081
"DD67","DD67","DD67_1",119.400189124112
"DD70","DD70","DD70_1",122.816264020287
"DD71","DD71","DD71_1",121.632359806563
"DD72","DD72","DD72_1",118.80349728388
"DD73","DD73","DD73_1",114.498678724722
"DD80","DD80","DD80_1",121.793267873019
"DD81","DD81","DD81_1",117.243409028404
"DD82","DD82","DD82_1",119.681661511072
"DD90","DD90","DD90_1",116.397268419422
"DD91","DD91","DD91_1",116.409669032782
"DD92","DD92","DD92_1",115.165901475612
"DD93","DD93","DD93_1",107.229087732077
"DE00","DE00","DE00_1",154.425269467196
"DE01","DE01","DE01_1",136.217725388432
"DE02","DE02","DE02_1",144.914840075033
"DE03","DE03","DE03_1",144.807714893545
"DE04","DE04","DE04_1",138.308394957983
"DE05","DE05","DE05_1",137.964726697693
"DE06","DE06","DE06_1",135.915266359677
"DE07","DE07","DE07_1",139.158702835724
"DE08","DE08","DE08_1",141.267155307448
"DE09","DE09","DE09_1",127.455834771086
"DE10","DE10","DE10_1",146.404279812692
"DE11","DE11","DE11_1",124.947630678913
"DE12","DE12","DE12_1",141.377826865603
"DE13","DE13","DE13_1",139.293739933856
"DE14","DE14","DE14_1",127.563709394271
"DE15","DE15","DE15_1",137.111584330874
"DE16","DE16","DE16_1",135.702540984916
"DE17","DE17","DE17_1",135.84108870776
"DE18","DE18","DE18_1",124.625382489632
"DE19","DE19","DE19_1",128.201803610935
"DE20","DE20","DE20_1",130.876600175929
"DE21","DE21","DE21_1",134.952881583413
"DE22","DE22","DE22_1",138.275977383806
"DE23","DE23","DE23_1",126.156622244619
"DE24","DE24","DE24_1",122.665230563353
"DE25","DE25","DE25_1",131.093516650468
"DE26","DE26","DE26_1",130.833883460285
"DE27","DE27","DE27_1",127.837884897343
"DE28","DE28","DE28_1",121.560909878806
"DE29","DE29","DE29_1",131.259426321158
"DE30","DE30","DE30_1",126.879959477491
"DE31","DE31","DE31_1",131.705588249965
"DE32","DE32","DE32_1",121.901063173664
"DE33","DE33","DE33_1",127.415318775646
"DE34","DE34","DE34_1",122.516508715351
"DE35","DE35","DE35_1",132.850201100858
"DE36","DE36","DE36_1",123.598830791517
"DE37","DE37","DE37_1",124.67369662178
"DE38","DE38","DE38_1",127.365811182858
"DE39","DE39","DE39_1",128.681220011456
"DE40","DE40","DE40_1",113.733466644994
"DE41","DE41","DE41_1",114.780659138939
"DE42","DE42","DE42_1",118.491170494686
"DE43","DE43","DE43_1",123.671302341317
"DE44","DE44","DE44_1",117.222246107061
"DE45","DE45","DE45_1",128.054590095202
"DE46","DE46","DE46_1",127.156188260739
"DE47","DE47","DE47_1",123.95303173203
"DE48","DE48","DE48_1",130.115760616193
"DE49","DE49","DE49_1",121.375565715862
"DE50","DE50","DE50_1",112.468019845163
"DE51","DE51","DE51_1",112.254716896793
"DE52","DE52","DE52_1",115.004725290894
"DE53","DE53","DE53_1",114.938481116484
"DE54","DE54","DE54_1",110.422848943644
"DE55","DE55","DE55_1",113.782128969576
"DE56","DE56","DE56_1",119.526118000949
"DE57","DE57","DE57_1",130.805405962349
"DE58","DE58","DE58_1",120.703392207955
"DE59","DE59","DE59_1",118.450704377018
"DE65","DE65","DE65_1",115.229529355343
"DE66","DE66","DE66_1",115.906348745642
"DE67","DE67","DE67_1",118.325878663415
"DE68","DE68","DE68_1",114.823541751406
"DE69","DE69","DE69_1",121.19733449942
"DE70","DE70","DE70_1",106.813553837746
"DE75","DE75","DE75_1",118.703250578043
"DE76","DE76","DE76_1",111.872209337778
"DE77","DE77","DE77_1",114.56823297895
"DE78","DE78","DE78_1",122.609408886546
"DE79","DE79","DE79_1",113.200153036594
"DE80","DE80","DE80_1",104.798819651576
"DE83","DE83","DE83_1",115.359848944999
"DE84","DE84","DE84_1",116.116930231227
"DE85","DE85","DE85_1",116.53024200829
"DE86","DE86","DE86_1",121.088755731718
"DE87","DE87","DE87_1",117.28249771572
"DE88","DE88","DE88_1",115.52948767801
"DE89","DE89","DE89_1",111.793357982073
"DE90","DE90","DE90_1",104.235931789778
"DE91","DE91","DE91_1",104.339900829255
"DE93","DE93","DE93_1",110.077351289042
"DE94","DE94","DE94_1",105.859269678035
"DE95","DE95","DE95_1",111.125724273637
"DE96","DE96","DE96_1",111.850254644058
"DE97","DE97","DE97_1",112.727350624182
"DE98","DE98","DE98_1",110.864878821387
"DE99","DE99","DE99_1",112.410705798084
"DF00","DF00","DF00_1",140.874873754611
"DF01","DF01","DF01_1",142.754649739798
"DF02","DF02","DF02_1",140.319204823437
"DF04","DF04","DF04_1",152.735699896429
"DF05","DF05","DF05_1",149.46598740109
"DF06","DF06","DF06_1",146.171929694088
"DF07","DF07","DF07_1",140.30689988251
"DF08","DF08","DF08_1",137.105038599572
"DF09","DF09","DF09_1",150.416644944393
"DF10","DF10","DF10_1",132.519691509761
"DF14","DF14","DF14_1",141.484265065516
"DF15","DF15","DF15_1",141.75995159396
"DF16","DF16","DF16_1",132.567758802592
"DF17","DF17","DF17_1",128.026413394701
"DF18","DF18","DF18_1",141.155521559822
"DF19","DF19","DF19_1",148.101041343394
"DF20","DF20","DF20_1",127.168831724302
"DF21","DF21","DF21_1",125.59164616045
"DF24","DF24","DF24_1",132.002352166472
"DF25","DF25","DF25_1",122.78568311939
"DF26","DF26","DF26_1",125.783403583784
"DF27","DF27","DF27_1",123.20020497964
"DF28","DF28","DF28_1",130.607267059955
"DF29","DF29","DF29_1",140.394515494877
"DF30","DF30","DF30_1",127.920400446353
"DF31","DF31","DF31_1",121.908737465643
"DF32","DF32","DF32_1",120.887757301331
"DF36","DF36","DF36_1",123.612943703653
"DF37","DF37","DF37_1",121.421303516688
"DF38","DF38","DF38_1",126.571754142841
"DF39","DF39","DF39_1",129.333503859428
"DF40","DF40","DF40_1",124.961932429513
"DF41","DF41","DF41_1",117.59822660557
"DF42","DF42","DF42_1",118.268738174717
"DF43","DF43","DF43_1",121.638628791299
"DF47","DF47","DF47_1",119.242575518051
"DF48","DF48","DF48_1",119.869339757206
"DF49","DF49","DF49_1",119.302608429922
"DF50","DF50","DF50_1",119.054321661227
"DF51","DF51","DF51_1",113.745551368111
"DF52","DF52","DF52_1",115.490815011663
"DF55","DF55","DF55_1",114.034493825931
"DF58","DF58","DF58_1",114.234793847429
"DF59","DF59","DF59_1",114.846370612086
"DF60","DF60","DF60_1",114.946605303489
"DF61","DF61","DF61_1",113.196662809323
"DF62","DF62","DF62_1",111.489668567207
"DF65","DF65","DF65_1",111.261372619543
"DF66","DF66","DF66_1",109.697610390569
"DF69","DF69","DF69_1",110.120110902714
"DF70","DF70","DF70_1",112.044264413782
"DF71","DF71","DF71_1",109.336349792269
"DF72","DF72","DF72_1",108.460525194574
"DF80","DF80","DF80_1",112.736157445263
"DF81","DF81","DF81_1",110.072387053736
"DF90","DF90","DF90_1",112.810043535823
"DF91","DF91","DF91_1",111.515682494688
"DF96","DF96","DF96_1",103.237115960293
"DF97","DF97","DF97_1",105.299481724632
"DF98","DF98","DF98_1",99.9799049043818
"DG00","DG00","DG00_1",137.955898667221
"DG05","DG05","DG05_1",138.588594239533
"DG06","DG06","DG06_1",138.766622207482
"DG07","DG07","DG07_1",139.709514819591
"DG08","DG08","DG08_1",140.29524753544
"DG09","DG09","DG09_1",142.540905899903
"DG14","DG14","DG14_1",140.822629610923
"DG15","DG15","DG15_1",140.007226768575
"DG16","DG16","DG16_1",134.839115636244
"DG17","DG17","DG17_1",139.127762913894
"DG18","DG18","DG18_1",137.191509278958
"DG19","DG19","DG19_1",137.865678383635
"DG21","DG21","DG21_1",135.129724931593
"DG22","DG22","DG22_1",132.883600819892
"DG23","DG23","DG23_1",132.236104868167
"DG24","DG24","DG24_1",139.849812668131
"DG25","DG25","DG25_1",136.523979887365
"DG26","DG26","DG26_1",137.589926547353
"DG27","DG27","DG27_1",139.05399910049
"DG28","DG28","DG28_1",130.572514527901
"DG29","DG29","DG29_1",125.776888492276
"DG30","DG30","DG30_1",134.748714760243
"DG31","DG31","DG31_1",130.625820511086
"DG32","DG32","DG32_1",128.655434066613
"DG33","DG33","DG33_1",132.979916894852
"DG34","DG34","DG34_1",137.079589695096
"DG35","DG35","DG35_1",137.013958879595
"DG36","DG36","DG36_1",132.086038580299
"DG37","DG37","DG37_1",128.885745769823
"DG38","DG38","DG38_1",130.463165829063
"DG39","DG39","DG39_1",126.205893874197
"DG40","DG40","DG40_1",128.009260434835
"DG41","DG41","DG41_1",132.669855622535
"DG42","DG42","DG42_1",130.060418281242
"DG43","DG43","DG43_1",136.414770273084
"DG44","DG44","DG44_1",127.888488470979
"DG45","DG45","DG45_1",126.752570157494
"DG46","DG46","DG46_1",127.43074345531
"DG47","DG47","DG47_1",131.221558928519
"DG48","DG48","DG48_1",123.749909349195
"DG49","DG49","DG49_1",120.136417794512
"DG50","DG50","DG50_1",125.603003909328
"DG51","DG51","DG51_1",125.230443188919
"DG52","DG52","DG52_1",139.465154652464
"DG53","DG53","DG53_1",128.033254383225
"DG54","DG54","DG54_1",120.681352302464
"DG55","DG55","DG55_1",119.324758172026
"DG56","DG56","DG56_1",121.864165423554
"DG57","DG57","DG57_1",123.119970874189
"DG58","DG58","DG58_1",111.363233817574
"DG59","DG59","DG59_1",115.419504833684
"DG60","DG60","DG60_1",126.568205089087
"DG61","DG61","DG61_1",136.145289197223
"DG62","DG62","DG62_1",122.820716522391
"DG63","DG63","DG63_1",117.234785818128
"DG64","DG64","DG64_1",121.028912111029
"DG65","DG65","DG65_1",123.042192570871
"DG66","DG66","DG66_1",120.614540924776
"DG67","DG67","DG67_1",117.954723184011
"DG68","DG68","DG68_1",112.166985664521
"DG69","DG69","DG69_1",116.166251767965
"DG70","DG70","DG70_1",123.051453790243
"DG71","DG71","DG71_1",127.496710659629
"DG72","DG72","DG72_1",121.139329630668
"DG73","DG73","DG73_1",122.70018743482
"DG74","DG74","DG74_1",126.701294028089
"DG75","DG75","DG75_1",127.183364737312
"DG76","DG76","DG76_1",121.999783750207
"DG77","DG77","DG77_1",115.989746922627
"DG78","DG78","DG78_1",114.717324928425
"DG79","DG79","DG79_1",114.126060844348
"DG80","DG80","DG80_1",125.550143693118
"DG81","DG81","DG81_1",128.619444759319
"DG82","DG82","DG82_1",124.829046139676
"DG83","DG83","DG83_1",128.590235019389
"DG84","DG84","DG84_1",129.905665068064
"DG85","DG85","DG85_1",126.756751165791
"DG86","DG86","DG86_1",120.2740669159
"DG87","DG87","DG87_1",116.884297762473
"DG88","DG88","DG88_1",115.150291995474
"DG89","DG89","DG89_1",114.169484973677
"DG90","DG90","DG90_1",125.491720816967
"DG91","DG91","DG91_1",129.444555888517
"DG92","DG92","DG92_1",127.334751594768
"DG93","DG93","DG93_1",131.546438120586
"DG94","DG94","DG94_1",124.79361610345
"DG95","DG95","DG95_1",119.969937708722
"DG96","DG96","DG96_1",116.690811933825
"DG97","DG97","DG97_1",115.528884111508
"DG98","DG98","DG98_1",116.214954891235
"DG99","DG99","DG99_1",116.366179130147
"DH06","DH06","DH06_1",145.237149732697
"DH07","DH07","DH07_1",139.722668902092
"DH08","DH08","DH08_1",143.026726571615
"DH09","DH09","DH09_1",149.462460100136
"DH16","DH16","DH16_1",138.680478147165
"DH17","DH17","DH17_1",141.839326602545
"DH18","DH18","DH18_1",142.222139072072
"DH19","DH19","DH19_1",135.590703088682
"DH25","DH25","DH25_1",134.513700725927
"DH26","DH26","DH26_1",137.670722429051
"DH27","DH27","DH27_1",142.577004828292
"DH28","DH28","DH28_1",137.19651282202
"DH29","DH29","DH29_1",129.39461969233
"DH36","DH36","DH36_1",129.969152254944
"DH37","DH37","DH37_1",128.115806227211
"DH38","DH38","DH38_1",119.22007472965
"DH49","DH49","DH49_1",128.378457107224
"DH57","DH57","DH57_1",123.554086589754
"DH58","DH58","DH58_1",124.073130345335
"DH59","DH59","DH59_1",123.1340128481
"DH66","DH66","DH66_1",129.989641848109
"DH67","DH67","DH67_1",124.922365959244
"DH69","DH69","DH69_1",121.792115026079
"DH75","DH75","DH75_1",124.786639297123
"DH76","DH76","DH76_1",121.016090982123
"DH77","DH77","DH77_1",112.456688546849
"DH78","DH78","DH78_1",117.814787497142
"DH79","DH79","DH79_1",119.862848558952
"DH85","DH85","DH85_1",118.445113328302
"DH86","DH86","DH86_1",112.306090566778
"DH87","DH87","DH87_1",112.639489287365
"DH88","DH88","DH88_1",116.791631508733
"DH89","DH89","DH89_1",117.671985910734
"DH95","DH95","DH95_1",115.065292146626
"DH96","DH96","DH96_1",112.573634667849
"DH97","DH97","DH97_1",113.867737946618
"DH98","DH98","DH98_1",116.000436914721
"DH99","DH99","DH99_1",118.01403966494
"EB01","EB01","EB01_1",113.469344460959
"EB02","EB02","EB02_1",111.54659840736
"EB03","EB03","EB03_1",113.672055470373
"EB04","EB04","EB04_1",113.943170769254
"EB05","EB05","EB05_1",114.078644808864
"EB06","EB06","EB06_1",111.047435880804
"EB07","EB07","EB07_1",112.590314498981
"EB08","EB08","EB08_1",112.997340460707
"EB09","EB09","EB09_1",110.43839930659
"EB10","EB10","EB10_1",111.376168187333
"EB11","EB11","EB11_1",110.470213279646
"EB12","EB12","EB12_1",110.846762545071
"EB13","EB13","EB13_1",110.294856676164
"EB14","EB14","EB14_1",110.70937581702
"ED00","ED00","ED00_1",114.021692827213
"ED01","ED01","ED01_1",110.88614543684
"ED02","ED02","ED02_1",109.865537591505
"ED03","ED03","ED03_1",107.159727241559
"ED10","ED10","ED10_1",109.523525508578
"ED11","ED11","ED11_1",112.29953055522
"ED12","ED12","ED12_1",111.897055983182
"ED13","ED13","ED13_1",109.684178345079
"ED20","ED20","ED20_1",103.679324839866
"ED21","ED21","ED21_1",107.932740955665
"ED22","ED22","ED22_1",104.698221080961
"ED23","ED23","ED23_1",101.956280068211
"ED30","ED30","ED30_1",102.194981307074
"ED31","ED31","ED31_1",104.648601307034
"ED32","ED32","ED32_1",101.63388982588
"ED41","ED41","ED41_1",102.516424569987
"EE04","EE04","EE04_1",106.414985911884
"EE05","EE05","EE05_1",110.611780651055
"EE06","EE06","EE06_1",110.371907079125
"EE07","EE07","EE07_1",104.741339429751
"EE08","EE08","EE08_1",110.384597846744
"EE09","EE09","EE09_1",107.087374516775
"EE14","EE14","EE14_1",103.647362801501
"EE15","EE15","EE15_1",107.132136776253
"EE16","EE16","EE16_1",103.681533961902
"EE17","EE17","EE17_1",107.197669100811
"EE18","EE18","EE18_1",107.741974613822
"EE19","EE19","EE19_1",108.351349179909
"EE20","EE20","EE20_1",96.5895243177893
"EE24","EE24","EE24_1",100.798773084368
"EE26","EE26","EE26_1",103.37108868797
"EE27","EE27","EE27_1",106.850260007264
"EE28","EE28","EE28_1",105.080598996165
"EE29","EE29","EE29_1",108.068569827943
"EE38","EE38","EE38_1",102.920801551354
"EE39","EE39","EE39_1",100.216761403836
"EE81","EE81","EE81_1",95.6939829432456
"EE90","EE90","EE90_1",99.8267721516781
"EE91","EE91","EE91_1",97.537460516671
"EF00","EF00","EF00_1",112.397773331642
"EF01","EF01","EF01_1",109.94193317947
"EF02","EF02","EF02_1",106.85803705723
"EF06","EF06","EF06_1",100.476707083108
"EF07","EF07","EF07_1",98.2586779646336
"EF08","EF08","EF08_1",97.1313062379146
"EF09","EF09","EF09_1",97.9217373141587
"EF10","EF10","EF10_1",111.713081328744
"EF11","EF11","EF11_1",108.529441804065
"EF19","EF19","EF19_1",96.7664250931099
"EF20","EF20","EF20_1",106.461218635645
"EF35","EF35","EF35_1",100.273798312781
"EF44","EF44","EF44_1",99.9889516519273
"EF45","EF45","EF45_1",101.13391318648
"EF53","EF53","EF53_1",101.565192455389
"EF54","EF54","EF54_1",102.162374069111
"EF55","EF55","EF55_1",98.9668515697831
"EF60","EF60","EF60_1",102.36293159141
"EF61","EF61","EF61_1",101.53689756933
"EF63","EF63","EF63_1",102.913298362084
"EF64","EF64","EF64_1",99.8004852082229
"EF65","EF65","EF65_1",94.9638827501074
"EF66","EF66","EF66_1",95.2681566104509
"EF68","EF68","EF68_1",96.889111292431
"EF69","EF69","EF69_1",95.2529042036725
"EF70","EF70","EF70_1",104.917113728631
"EF71","EF71","EF71_1",102.247217103175
"EF72","EF72","EF72_1",105.018957516896
"EF73","EF73","EF73_1",104.811154609156
"EF74","EF74","EF74_1",100.397012355588
"EF75","EF75","EF75_1",96.3272597096445
"EF76","EF76","EF76_1",97.0227065603724
"EF78","EF78","EF78_1",96.7188467318528
"EF79","EF79","EF79_1",95.3178134438362
"EF80","EF80","EF80_1",105.571591843769
"EF81","EF81","EF81_1",103.12795197228
"EF82","EF82","EF82_1",102.614572838628
"EF83","EF83","EF83_1",106.543377873559
"EF84","EF84","EF84_1",97.5557902281702
"EF85","EF85","EF85_1",100.612428040031
"EF86","EF86","EF86_1",100.096865709717
"EF87","EF87","EF87_1",100.093622493701
"EF90","EF90","EF90_1",108.768851920344
"EF91","EF91","EF91_1",111.171279873305
"EF92","EF92","EF92_1",110.317208047009
"EF93","EF93","EF93_1",104.337585586663
"EF94","EF94","EF94_1",109.346251259228
"EF95","EF95","EF95_1",105.012128943491
"EF96","EF96","EF96_1",100.720073911095
"EF97","EF97","EF97_1",108.515594007915
"EF98","EF98","EF98_1",98.7014948231096
"EG00","EG00","EG00_1",120.421115761383
"EG01","EG01","EG01_1",125.551899798793
"EG02","EG02","EG02_1",125.018064393228
"EG03","EG03","EG03_1",126.316827456038
"EG04","EG04","EG04_1",118.308029611953
"EG05","EG05","EG05_1",115.992927835166
"EG06","EG06","EG06_1",113.810648528243
"EG07","EG07","EG07_1",116.239283075354
"EG08","EG08","EG08_1",116.379118275285
"EG09","EG09","EG09_1",113.790058552946
"EG10","EG10","EG10_1",117.587043470883
"EG11","EG11","EG11_1",119.605970964369
"EG12","EG12","EG12_1",116.835446709639
"EG13","EG13","EG13_1",117.544431222499
"EG14","EG14","EG14_1",112.655985351897
"EG15","EG15","EG15_1",112.048026129924
"EG16","EG16","EG16_1",110.253942828109
"EG17","EG17","EG17_1",114.240219033138
"EG18","EG18","EG18_1",112.164413186802
"EG19","EG19","EG19_1",112.890167435584
"EG21","EG21","EG21_1",108.92394932176
"EG22","EG22","EG22_1",108.332077110513
"EG23","EG23","EG23_1",107.650294198629
"EG24","EG24","EG24_1",108.991701133324
"EG25","EG25","EG25_1",107.331509043694
"EG26","EG26","EG26_1",111.693130514464
"EG27","EG27","EG27_1",111.578253724354
"EG30","EG30","EG30_1",113.737633029695
"EG31","EG31","EG31_1",112.346889975286
"EG33","EG33","EG33_1",105.471727846626
"EG34","EG34","EG34_1",106.307181630369
"EG35","EG35","EG35_1",107.571980620199
"EG36","EG36","EG36_1",107.482289868298
"EG40","EG40","EG40_1",111.118344141024
"EG41","EG41","EG41_1",111.73890811818
"EG42","EG42","EG42_1",110.305544040381
"EG44","EG44","EG44_1",109.110171109998
"EG46","EG46","EG46_1",107.048896627036
"EG67","EG67","EG67_1",104.180142660475
"EG72","EG72","EG72_1",106.622096016947
"EG73","EG73","EG73_1",105.594961104524
"EG74","EG74","EG74_1",105.602031426499
"EG76","EG76","EG76_1",105.783872332725
"EG77","EG77","EG77_1",103.756241549786
"EG78","EG78","EG78_1",103.934969431262
"EG79","EG79","EG79_1",106.426836343591
"EG83","EG83","EG83_1",105.016253463176
"EG84","EG84","EG84_1",105.012341587152
"EG85","EG85","EG85_1",107.286010754584
"EG86","EG86","EG86_1",107.106693084339
"EG87","EG87","EG87_1",104.139419816911
"EG88","EG88","EG88_1",104.433103286611
"EG89","EG89","EG89_1",106.889427544834
"EG93","EG93","EG93_1",104.203442278967
"EG94","EG94","EG94_1",105.768609243289
"EG95","EG95","EG95_1",107.50730562174
"EG96","EG96","EG96_1",105.135158031563
"EG97","EG97","EG97_1",111.094476815818
"EG98","EG98","EG98_1",110.931918115379
"EG99","EG99","EG99_1",107.857570341211
"EH05","EH05","EH05_1",113.40758489208
"EH06","EH06","EH06_1",112.544235740294
"EH07","EH07","EH07_1",112.554323304535
"EH08","EH08","EH08_1",115.636107310911
"EH09","EH09","EH09_1",120.119403835021
"EH13","EH13","EH13_1",114.491649136773
"EH14","EH14","EH14_1",114.86688273194
"EH15","EH15","EH15_1",114.669354935698
"EH16","EH16","EH16_1",111.105862465532
"EH17","EH17","EH17_1",111.967301056857
"EH18","EH18","EH18_1",113.029127580164
"EH19","EH19","EH19_1",112.196679066514
"EH23","EH23","EH23_1",113.565410942363
"EH24","EH24","EH24_1",112.7530871056
"EH25","EH25","EH25_1",111.003854077034
"EH26","EH26","EH26_1",112.336144593492
"EH27","EH27","EH27_1",114.732253269032
"EH28","EH28","EH28_1",114.007445362263
"EH36","EH36","EH36_1",106.754504722708
"EH37","EH37","EH37_1",107.908628998744
"EH38","EH38","EH38_1",110.006693676526
"EH39","EH39","EH39_1",111.85655846523
"EH49","EH49","EH49_1",106.932849774115
"EH54","EH54","EH54_1",106.344959794239
"EH55","EH55","EH55_1",106.509054503011
"EH56","EH56","EH56_1",106.978388586239
"EH57","EH57","EH57_1",107.077247290936
"EH63","EH63","EH63_1",106.631261287457
"EH64","EH64","EH64_1",106.218305568856
"EH65","EH65","EH65_1",106.661543515275
"EH66","EH66","EH66_1",108.401807652172
"EH67","EH67","EH67_1",108.451306598473
"EH68","EH68","EH68_1",106.540828471399
"EH73","EH73","EH73_1",106.153079829128
"EH74","EH74","EH74_1",106.089434596101
"EH75","EH75","EH75_1",106.755500270632
"EH76","EH76","EH76_1",108.173118441564
"EH77","EH77","EH77_1",106.457564536062
"EH78","EH78","EH78_1",105.846158747608
"EH83","EH83","EH83_1",105.774614889387
"EH84","EH84","EH84_1",105.936737744347
"EH85","EH85","EH85_1",107.204352879474
"EH86","EH86","EH86_1",107.937402853558
"EH87","EH87","EH87_1",108.606584490679
"EH88","EH88","EH88_1",105.888645726205
"EH92","EH92","EH92_1",105.574059581495
"EH93","EH93","EH93_1",106.307254860981
"EH94","EH94","EH94_1",107.924684858884
"EH95","EH95","EH95_1",108.70509072496
"EH96","EH96","EH96_1",108.422905076733
"EH97","EH97","EH97_1",107.128830557997
"EH98","EH98","EH98_1",105.287370852142
"FD01","FD01","FD01_1",112.291161371458
"FD02","FD02","FD02_1",109.496228128362
"FD03","FD03","FD03_1",106.692537337565
"FE00","FE00","FE00_1",97.9112564701081
"FE10","FE10","FE10_1",100.524845070109
"FE20","FE20","FE20_1",97.9848386774054
"FE30","FE30","FE30_1",96.8286870652823
"FE36","FE36","FE36_1",100.179710865021
"FE40","FE40","FE40_1",99.9779575332465
"FE41","FE41","FE41_1",99.1576951211501
"FE50","FE50","FE50_1",103.972169812117
"FE51","FE51","FE51_1",103.12432295677
"FE60","FE60","FE60_1",103.47096829723
"FE61","FE61","FE61_1",102.114952239138
"FE62","FE62","FE62_1",101.623638022076
"FE70","FE70","FE70_1",103.869439953564
"FE71","FE71","FE71_1",104.417516382499
"FE72","FE72","FE72_1",103.049738183577
"FE73","FE73","FE73_1",103.619406474161
"FE80","FE80","FE80_1",104.97186498994
"FE81","FE81","FE81_1",102.141306122472
"FE82","FE82","FE82_1",104.952617257014
"FE83","FE83","FE83_1",105.825582088155
"FE90","FE90","FE90_1",106.073939936021
"FE91","FE91","FE91_1",105.122899878805
"FE92","FE92","FE92_1",109.237598371858
"FE93","FE93","FE93_1",104.121312960862
"FE94","FE94","FE94_1",105.155112041555
"FF00","FF00","FF00_1",107.506352310988
"FF01","FF01","FF01_1",108.737117596393
"FF02","FF02","FF02_1",104.344278525239
"FF03","FF03","FF03_1",110.060170754029
"FF04","FF04","FF04_1",101.168806990118
"FF05","FF05","FF05_1",97.7919817208338
"FF06","FF06","FF06_1",101.575189559976
"FF07","FF07","FF07_1",104.023152294592
"FF08","FF08","FF08_1",102.376172079214
"FF10","FF10","FF10_1",108.717727985659
"FF11","FF11","FF11_1",108.501888333368
"FF12","FF12","FF12_1",106.653617004831
"FF13","FF13","FF13_1",108.649752259799
"FF14","FF14","FF14_1",100.890857297315
"FF15","FF15","FF15_1",102.912432395527
"FF16","FF16","FF16_1",99.4679781878261
"FF17","FF17","FF17_1",105.735370421529
"FF18","FF18","FF18_1",99.6588222617234
"FF19","FF19","FF19_1",99.2509318281484
"FF20","FF20","FF20_1",108.623080618116
"FF21","FF21","FF21_1",109.724498215158
"FF22","FF22","FF22_1",107.861626307258
"FF23","FF23","FF23_1",109.988148853082
"FF24","FF24","FF24_1",102.317818649443
"FF25","FF25","FF25_1",103.065938827673
"FF26","FF26","FF26_1",102.201823514898
"FF27","FF27","FF27_1",108.425537217714
"FF28","FF28","FF28_1",99.1885281003235
"FF29","FF29","FF29_1",102.252219712476
"FF30","FF30","FF30_1",111.147212443546
"FF31","FF31","FF31_1",110.423416276846
"FF32","FF32","FF32_1",109.783950812706
"FF33","FF33","FF33_1",115.322728201591
"FF34","FF34","FF34_1",104.974876235217
"FF35","FF35","FF35_1",105.897598014285
"FF36","FF36","FF36_1",106.949802968402
"FF37","FF37","FF37_1",100.444487432196
"FF38","FF38","FF38_1",105.24608792551
"FF39","FF39","FF39_1",98.8051233702181
"FF40","FF40","FF40_1",110.029846707065
"FF41","FF41","FF41_1",114.9564337942
"FF42","FF42","FF42_1",110.345322264579
"FF43","FF43","FF43_1",108.815422664089
"FF44","FF44","FF44_1",103.282657220827
"FF45","FF45","FF45_1",104.604190969726
"FF46","FF46","FF46_1",103.066232426668
"FF47","FF47","FF47_1",102.860542234756
"FF48","FF48","FF48_1",98.8925356013176
"FF49","FF49","FF49_1",99.8845174320978
"FF50","FF50","FF50_1",116.353720006233
"FF51","FF51","FF51_1",120.522849503025
"FF52","FF52","FF52_1",115.64230018308
"FF53","FF53","FF53_1",109.670921953146
"FF54","FF54","FF54_1",107.008839766593
"FF55","FF55","FF55_1",105.707326976436
"FF56","FF56","FF56_1",105.600590801028
"FF57","FF57","FF57_1",103.183471980698
"FF60","FF60","FF60_1",114.828543426113
"FF61","FF61","FF61_1",117.173646019194
"FF62","FF62","FF62_1",109.570079562255
"FF63","FF63","FF63_1",110.002546011475
"FF64","FF64","FF64_1",104.803696159888
"FF65","FF65","FF65_1",106.77595110183
"FF66","FF66","FF66_1",111.003628380925
"FF67","FF67","FF67_1",107.710511778628
"FF68","FF68","FF68_1",101.941302037514
"FF69","FF69","FF69_1",105.554995304625
"FF70","FF70","FF70_1",113.634889974803
"FF71","FF71","FF71_1",111.548408615694
"FF72","FF72","FF72_1",105.073338369786
"FF73","FF73","FF73_1",105.453471322581
"FF74","FF74","FF74_1",102.684981666444
"FF75","FF75","FF75_1",104.537656607212
"FF76","FF76","FF76_1",105.671005203418
"FF77","FF77","FF77_1",103.445628876637
"FF78","FF78","FF78_1",106.742456944277
"FF79","FF79","FF79_1",104.194909956081
"FF80","FF80","FF80_1",112.508367147682
"FF81","FF81","FF81_1",111.220480394735
"FF82","FF82","FF82_1",109.452118330822
"FF83","FF83","FF83_1",113.862567502542
"FF84","FF84","FF84_1",106.77078786816
"FF85","FF85","FF85_1",106.686234385064
"FF86","FF86","FF86_1",106.869987451488
"FF87","FF87","FF87_1",105.70829923778
"FF88","FF88","FF88_1",105.983105434351
"FF89","FF89","FF89_1",106.595269395575
"FF90","FF90","FF90_1",107.896184567937
"FF91","FF91","FF91_1",108.735850133058
"FF92","FF92","FF92_1",112.374626033638
"FF93","FF93","FF93_1",114.980718597692
"FF94","FF94","FF94_1",109.184944356517
"FF95","FF95","FF95_1",109.203251799075
"FF96","FF96","FF96_1",109.849316931487
"FF97","FF97","FF97_1",111.063975559013
"FF98","FF98","FF98_1",109.71652883842
"FF99","FF99","FF99_1",107.028756158461
"FG00","FG00","FG00_1",106.227706554587
"FG03","FG03","FG03_1",105.141891986473
"FG04","FG04","FG04_1",106.295368501875
"FG05","FG05","FG05_1",108.059255910408
"FG06","FG06","FG06_1",110.380431473043
"FG07","FG07","FG07_1",109.808690028114
"FG08","FG08","FG08_1",110.63765288448
"FG09","FG09","FG09_1",105.985261172284
"FG13","FG13","FG13_1",106.427290182328
"FG14","FG14","FG14_1",109.814322129855
"FG15","FG15","FG15_1",109.525205398824
"FG16","FG16","FG16_1",110.6335827796
"FG17","FG17","FG17_1",112.819042395579
"FG18","FG18","FG18_1",111.538549540748
"FG19","FG19","FG19_1",112.102479703237
"FG23","FG23","FG23_1",109.621091827265
"FG24","FG24","FG24_1",108.676622596616
"FG25","FG25","FG25_1",110.209833586596
"FG26","FG26","FG26_1",112.37797941494
"FG27","FG27","FG27_1",106.78041739793
"FG28","FG28","FG28_1",109.123676044226
"FG29","FG29","FG29_1",106.70989668461
"FG31","FG31","FG31_1",108.387449808089
"FG33","FG33","FG33_1",109.348276308865
"FG34","FG34","FG34_1",109.639489997437
"FG35","FG35","FG35_1",111.710387643228
"FG36","FG36","FG36_1",110.177296326281
"FG37","FG37","FG37_1",109.996214179474
"FG38","FG38","FG38_1",112.22459474421
"FG39","FG39","FG39_1",109.291216259204
"FG41","FG41","FG41_1",108.976791539467
"FG42","FG42","FG42_1",109.197421304863
"FG43","FG43","FG43_1",109.51051527185
"FG44","FG44","FG44_1",111.246000379854
"FG45","FG45","FG45_1",110.820808005663
"FG46","FG46","FG46_1",110.038077625158
"FG47","FG47","FG47_1",115.879454751766
"FG48","FG48","FG48_1",110.17715648286
"FG49","FG49","FG49_1",113.16534097792
"FG50","FG50","FG50_1",109.739888871084
"FG51","FG51","FG51_1",109.279581605021
"FG52","FG52","FG52_1",109.559953455765
"FG53","FG53","FG53_1",111.841178484818
"FG54","FG54","FG54_1",116.543150843503
"FG55","FG55","FG55_1",119.435575881622
"FG56","FG56","FG56_1",114.901729577219
"FG57","FG57","FG57_1",114.213450677195
"FG58","FG58","FG58_1",114.748470105516
"FG59","FG59","FG59_1",115.276586180912
"FG60","FG60","FG60_1",110.044628977279
"FG61","FG61","FG61_1",109.945553704575
"FG62","FG62","FG62_1",115.705020395014
"FG63","FG63","FG63_1",115.556571114443
"FG64","FG64","FG64_1",119.241947774016
"FG65","FG65","FG65_1",115.878445421505
"FG66","FG66","FG66_1",110.885688614391
"FG67","FG67","FG67_1",111.876401407525
"FG68","FG68","FG68_1",113.917654429253
"FG69","FG69","FG69_1",113.608661892522
"FG70","FG70","FG70_1",113.472593855336
"FG71","FG71","FG71_1",119.190066230458
"FG72","FG72","FG72_1",112.641637584418
"FG73","FG73","FG73_1",115.89183730012
"FG74","FG74","FG74_1",127.79117768766
"FG75","FG75","FG75_1",119.208242358473
"FG76","FG76","FG76_1",114.77666237823
"FG77","FG77","FG77_1",116.141245053261
"FG78","FG78","FG78_1",117.040934254649
"FG79","FG79","FG79_1",113.284591641133
"FG80","FG80","FG80_1",117.252333271468
"FG81","FG81","FG81_1",111.457557759657
"FG82","FG82","FG82_1",107.338258819843
"FG83","FG83","FG83_1",109.430730232773
"FG84","FG84","FG84_1",117.988190918865
"FG85","FG85","FG85_1",107.384990863163
"FG86","FG86","FG86_1",110.622772943762
"FG87","FG87","FG87_1",111.704753082314
"FG88","FG88","FG88_1",114.94196659027
"FG89","FG89","FG89_1",115.337793431834
"FG90","FG90","FG90_1",106.727514367929
"FG91","FG91","FG91_1",106.345342749505
"FG92","FG92","FG92_1",106.52848294067
"FG93","FG93","FG93_1",109.841435323829
"FG94","FG94","FG94_1",108.953662002603
"FG95","FG95","FG95_1",109.121266721198
"FG96","FG96","FG96_1",108.08514543373
"FG97","FG97","FG97_1",108.676331148443
"FG98","FG98","FG98_1",111.028148282966
"FG99","FG99","FG99_1",109.41560187786
"FH01","FH01","FH01_1",106.587118311589
"FH02","FH02","FH02_1",106.84225723898
"FH03","FH03","FH03_1",108.293142877903
"FH04","FH04","FH04_1",110.91079109572
"FH05","FH05","FH05_1",108.402671666774
"FH06","FH06","FH06_1",106.856340549091
"FH07","FH07","FH07_1",106.227561517955
"FH08","FH08","FH08_1",107.145054236671
"FH10","FH10","FH10_1",107.151125733518
"FH11","FH11","FH11_1",107.182299184178
"FH12","FH12","FH12_1",108.323349450368
"FH13","FH13","FH13_1",110.62510298017
"FH14","FH14","FH14_1",109.18610758757
"FH15","FH15","FH15_1",107.4740257728
"FH16","FH16","FH16_1",105.826555386043
"FH17","FH17","FH17_1",107.650601156113
"FH18","FH18","FH18_1",107.803704003013
"FH20","FH20","FH20_1",107.007590078927
"FH21","FH21","FH21_1",107.575121624746
"FH22","FH22","FH22_1",109.286602060628
"FH23","FH23","FH23_1",110.786789708136
"FH24","FH24","FH24_1",108.522986892563
"FH25","FH25","FH25_1",106.33843388241
"FH27","FH27","FH27_1",107.773239475454
"FH28","FH28","FH28_1",109.361170928795
"FH29","FH29","FH29_1",108.282650762435
"FH31","FH31","FH31_1",107.398840029967
"FH32","FH32","FH32_1",109.820912847987
"FH33","FH33","FH33_1",109.64303843235
"FH34","FH34","FH34_1",108.404865504129
"FH35","FH35","FH35_1",107.651891222446
"FH36","FH36","FH36_1",108.301573823522
"FH37","FH37","FH37_1",108.710881199962
"FH42","FH42","FH42_1",110.68127662233
"FH43","FH43","FH43_1",108.561646790324
"FH44","FH44","FH44_1",106.731313957949
"FH45","FH45","FH45_1",109.121649174871
"FH46","FH46","FH46_1",110.87330851227
"FH47","FH47","FH47_1",109.306811641582
"FH48","FH48","FH48_1",110.381411010744
"FH51","FH51","FH51_1",107.601233115434
"FH52","FH52","FH52_1",109.49829310117
"FH53","FH53","FH53_1",106.776091063198
"FH54","FH54","FH54_1",107.153818791902
"FH55","FH55","FH55_1",107.695862369353
"FH56","FH56","FH56_1",108.382296005796
"FH57","FH57","FH57_1",109.842434734154
"FH58","FH58","FH58_1",109.695759936779
"FH61","FH61","FH61_1",106.372284205283
"FH62","FH62","FH62_1",106.866202673417
"FH63","FH63","FH63_1",104.876722268827
"FH64","FH64","FH64_1",107.031297993373
"FH65","FH65","FH65_1",108.616532982665
"FH66","FH66","FH66_1",110.313683973949
"FH67","FH67","FH67_1",114.277292206717
"FH68","FH68","FH68_1",109.151165114463
"FH69","FH69","FH69_1",109.678759427777
"FH70","FH70","FH70_1",105.888377285401
"FH71","FH71","FH71_1",105.69442348272
"FH72","FH72","FH72_1",105.473160930145
"FH73","FH73","FH73_1",106.667011368901
"FH74","FH74","FH74_1",108.51146405592
"FH75","FH75","FH75_1",108.930686387521
"FH76","FH76","FH76_1",110.183997292271
"FH77","FH77","FH77_1",107.022489952662
"FH78","FH78","FH78_1",106.403971176215
"FH79","FH79","FH79_1",113.723770483247
"FH80","FH80","FH80_1",105.298279459526
"FH81","FH81","FH81_1",105.499049989406
"FH82","FH82","FH82_1",105.815676758065
"FH83","FH83","FH83_1",105.92973003436
"FH84","FH84","FH84_1",108.411835754263
"FH85","FH85","FH85_1",108.010306959542
"FH86","FH86","FH86_1",108.108490628689
"FH87","FH87","FH87_1",106.148970822563
"FH88","FH88","FH88_1",108.402157447911
"FH89","FH89","FH89_1",121.691502975719
"FH94","FH94","FH94_1",104.65586856324
"FH95","FH95","FH95_1",109.19118277652
"FH96","FH96","FH96_1",105.761701717386
"FH97","FH97","FH97_1",106.776566132946
"FH98","FH98","FH98_1",108.899401202657
"FH99","FH99","FH99_1",110.957197743304
"GE00","GE00","GE00_1",109.08097422714
"GE01","GE01","GE01_1",108.946462382471
"GE02","GE02","GE02_1",109.292093698438
"GE03","GE03","GE03_1",108.751505551121
"GE04","GE04","GE04_1",104.493622120153
"GE10","GE10","GE10_1",114.191097107468
"GE11","GE11","GE11_1",111.442003111462
"GE12","GE12","GE12_1",112.367033421848
"GE13","GE13","GE13_1",104.290085197024
"GE14","GE14","GE14_1",106.83569109753
"GE20","GE20","GE20_1",105.764622227759
"GE21","GE21","GE21_1",105.947109559844
"GE22","GE22","GE22_1",105.399998343373
"GE23","GE23","GE23_1",106.997158205488
"GE24","GE24","GE24_1",105.472329537783
"GE30","GE30","GE30_1",102.600072162971
"GE31","GE31","GE31_1",110.217087878263
"GE32","GE32","GE32_1",112.416046474528
"GE33","GE33","GE33_1",111.280164081757
"GE34","GE34","GE34_1",107.394877283723
"GE40","GE40","GE40_1",101.557940217757
"GE41","GE41","GE41_1",104.790945432724
"GE42","GE42","GE42_1",108.380933154685
"GE43","GE43","GE43_1",107.187925254627
"GE44","GE44","GE44_1",105.112053779916
"GF00","GF00","GF00_1",105.604880353171
"GF01","GF01","GF01_1",106.722705914674
"GF02","GF02","GF02_1",108.633252316397
"GF03","GF03","GF03_1",107.188793555841
"GF04","GF04","GF04_1",107.709394909821
"GF05","GF05","GF05_1",107.936420539768
"GF06","GF06","GF06_1",108.00850037853
"GF07","GF07","GF07_1",112.05289443969
"GF08","GF08","GF08_1",112.244634555395
"GF09","GF09","GF09_1",107.827396937411
"GF12","GF12","GF12_1",106.162993059561
"GF13","GF13","GF13_1",105.689494081475
"GF14","GF14","GF14_1",106.544937588096
"GF15","GF15","GF15_1",108.774866998706
"GF16","GF16","GF16_1",111.13259408127
"GF17","GF17","GF17_1",110.613854404893
"GF18","GF18","GF18_1",112.413569925548
"GF19","GF19","GF19_1",111.267014007192
"GF23","GF23","GF23_1",106.255127136878
"GF24","GF24","GF24_1",108.143396220707
"GF25","GF25","GF25_1",108.568958157398
"GF26","GF26","GF26_1",111.019203618455
"GF27","GF27","GF27_1",111.700226164993
"GF28","GF28","GF28_1",110.90644090474
"GF29","GF29","GF29_1",108.777141034473
"GF33","GF33","GF33_1",105.986887901343
"GF34","GF34","GF34_1",107.57019403818
"GF35","GF35","GF35_1",107.388265279739
"GF36","GF36","GF36_1",110.400667769842
"GF37","GF37","GF37_1",107.90619804324
"GF38","GF38","GF38_1",112.515407805689
"GF39","GF39","GF39_1",107.446157016549
"GF42","GF42","GF42_1",102.522485332949
"GF43","GF43","GF43_1",102.925587182419
"GF44","GF44","GF44_1",104.730693071906
"GF45","GF45","GF45_1",106.581391551824
"GF46","GF46","GF46_1",105.332579505881
"GF47","GF47","GF47_1",107.713645950014
"GF48","GF48","GF48_1",103.986012897502
"GF49","GF49","GF49_1",101.35042580666
"GF52","GF52","GF52_1",101.032915914734
"GF53","GF53","GF53_1",101.85422300567
"GF54","GF54","GF54_1",103.232830730107
"GF55","GF55","GF55_1",102.054808590088
"GF56","GF56","GF56_1",100.670099885465
"GF57","GF57","GF57_1",100.144201072591
"GF63","GF63","GF63_1",100.249168246129
"GF64","GF64","GF64_1",100.306444810234
"GF65","GF65","GF65_1",99.9858589172363
"GF73","GF73","GF73_1",98.322207256687
"GF74","GF74","GF74_1",99.3209886887956
"GF75","GF75","GF75_1",100.263360861556
"GG00","GG00","GG00_1",104.683185840933
"GG01","GG01","GG01_1",104.963066972045
"GG02","GG02","GG02_1",108.398366560238
"GG04","GG04","GG04_1",107.886322346033
"GG05","GG05","GG05_1",108.686556900172
"GG06","GG06","GG06_1",107.007729959343
"GG07","GG07","GG07_1",108.539630666893
"GG08","GG08","GG08_1",110.183895133626
"GG09","GG09","GG09_1",105.58540417036
"GG10","GG10","GG10_1",105.933358557213
"GG11","GG11","GG11_1",106.574329972871
"GG15","GG15","GG15_1",107.43069901989
"GG16","GG16","GG16_1",108.33710312601
"GG17","GG17","GG17_1",106.767306117264
"GG18","GG18","GG18_1",105.325123534984
"GG19","GG19","GG19_1",103.749715640268
"GG20","GG20","GG20_1",104.817454868234
"GG25","GG25","GG25_1",105.765106291991
"GG26","GG26","GG26_1",107.689642282921
"GG27","GG27","GG27_1",105.729943318662
"GG28","GG28","GG28_1",103.107818721623
"GG30","GG30","GG30_1",104.2070975957
"GG35","GG35","GG35_1",103.216027900896
"GG36","GG36","GG36_1",103.720040401957
"GG37","GG37","GG37_1",101.210060999949
"GG38","GG38","GG38_1",99.2499004092533
"GG40","GG40","GG40_1",102.477112317814
"GG50","GG50","GG50_1",97.4583400694053
"GH05","GH05","GH05_1",104.713726103971
"GH06","GH06","GH06_1",106.685330045169
"GH07","GH07","GH07_1",109.180610058141
"GH08","GH08","GH08_1",109.673170714085
"GH09","GH09","GH09_1",106.929052045713
"GH17","GH17","GH17_1",107.935568524607
"GH18","GH18","GH18_1",107.935191654997
"GH19","GH19","GH19_1",106.621254772345
"GH29","GH29","GH29_1",104.777148318462
"GH39","GH39","GH39_1",105.367797631631
"GH49","GH49","GH49_1",108.23421179477
"GH59","GH59","GH59_1",109.973780198347
"HA03","HA03","HA03_1",112.017486487526
"HA04","HA04","HA04_1",114.219690442155
"HA05","HA05","HA05_1",113.671921472299
"HA06","HA06","HA06_1",123.212042156994
"HA07","HA07","HA07_1",124.809173511352
"HA08","HA08","HA08_1",121.4839454064
"HA12","HA12","HA12_1",109.776583658902
"HA13","HA13","HA13_1",116.484916580558
"HA14","HA14","HA14_1",117.162421463966
"HA15","HA15","HA15_1",120.803371832187
"HA16","HA16","HA16_1",120.518696499447
"HA17","HA17","HA17_1",113.842482951335
"HA18","HA18","HA18_1",111.382027909064
"HA22","HA22","HA22_1",113.60304522972
"HA23","HA23","HA23_1",116.94737227274
"HA24","HA24","HA24_1",120.074683493971
"HA25","HA25","HA25_1",115.850665205878
"HA26","HA26","HA26_1",111.435784619661
"HA27","HA27","HA27_1",100.013610335535
"HA31","HA31","HA31_1",112.874840647327
"HA32","HA32","HA32_1",116.122605347223
"HA33","HA33","HA33_1",119.668116327099
"HA34","HA34","HA34_1",119.435488504921
"HA35","HA35","HA35_1",111.278106355551
"HA36","HA36","HA36_1",103.629850532719
"HA41","HA41","HA41_1",114.256987889825
"HA42","HA42","HA42_1",114.733331470148
"HA43","HA43","HA43_1",117.962630747417
"HA44","HA44","HA44_1",112.336459638405
"HA45","HA45","HA45_1",105.188638089569
"HA46","HA46","HA46_1",98.4749961026918
"HA51","HA51","HA51_1",113.467279568859
"HA52","HA52","HA52_1",109.933943202141
"HA53","HA53","HA53_1",111.129695008462
"HA54","HA54","HA54_1",108.374728366214
"HA55","HA55","HA55_1",103.148032647991
"HA63","HA63","HA63_1",104.740338971451
"HA64","HA64","HA64_1",101.996262396007
"HA69","HA69","HA69_1",112.060519035147
