"","kvadratkod","survey","prec_year"
"AD90","AD90","AD90_1",674.188858173919
"AD91","AD91","AD91_1",678.693662959512
"AD92","AD92","AD92_1",709.454672371322
"AD93","AD93","AD93_1",690.346362024875
"AD94","AD94","AD94_1",667.886780232977
"AD95","AD95","AD95_1",668.887642422527
"AD96","AD96","AD96_1",671.568025663203
"AE81","AE81","AE81_1",658.488064845809
"AE82","AE82","AE82_1",664.74030974941
"AE83","AE83","AE83_1",666.203197536804
"AE90","AE90","AE90_1",640.900233089062
"AE91","AE91","AE91_1",643.57358303598
"AE92","AE92","AE92_1",645.032166438468
"AE93","AE93","AE93_1",652.227891671395
"AE94","AE94","AE94_1",658.408967045222
"AE95","AE95","AE95_1",660.423671586636
"AE96","AE96","AE96_1",667.10790788552
"AE97","AE97","AE97_1",684.420175244183
"AE98","AE98","AE98_1",673.135704849782
"AE99","AE99","AE99_1",673.049866692662
"AF81","AF81","AF81_1",626.658689603452
"AF82","AF82","AF82_1",627.244237750244
"AF90","AF90","AF90_1",614.202590623271
"AF91","AF91","AF91_1",625.908635836038
"AF92","AF92","AF92_1",626.039161637101
"AF93","AF93","AF93_1",632.712290349454
"AF94","AF94","AF94_1",634.137615158191
"AF95","AF95","AF95_1",643.156500574995
"AF96","AF96","AF96_1",648.022422918301
"AF97","AF97","AF97_1",636.726807673866
"AF98","AF98","AF98_1",635.534109839598
"AF99","AF99","AF99_1",638.982855946646
"BC10","BC10","BC10_1",705.781325364328
"BC11","BC11","BC11_1",703.707746974652
"BC20","BC20","BC20_1",672.768958836566
"BC21","BC21","BC21_1",691.810161472899
"BC22","BC22","BC22_1",703.053622903697
"BC23","BC23","BC23_1",697.390451179257
"BC30","BC30","BC30_1",681.211788741437
"BC31","BC31","BC31_1",674.930059370735
"BC32","BC32","BC32_1",688.403334296246
"BC33","BC33","BC33_1",705.938500557279
"BC34","BC34","BC34_1",696.717466786848
"BC40","BC40","BC40_1",689.185812640302
"BC41","BC41","BC41_1",683.368547097455
"BC42","BC42","BC42_1",682.097482611557
"BC43","BC43","BC43_1",700.242466932864
"BC44","BC44","BC44_1",690.700885157194
"BC45","BC45","BC45_1",700.030204524679
"BC50","BC50","BC50_1",663.230866437649
"BC51","BC51","BC51_1",662.708590852433
"BC52","BC52","BC52_1",684.334607958378
"BC53","BC53","BC53_1",684.792074795089
"BC54","BC54","BC54_1",688.97662830783
"BC55","BC55","BC55_1",706.97037621846
"BC56","BC56","BC56_1",709.194096395043
"BC60","BC60","BC60_1",691.932184890679
"BC61","BC61","BC61_1",637.258872431576
"BC62","BC62","BC62_1",664.436725256652
"BC63","BC63","BC63_1",659.864887268476
"BC64","BC64","BC64_1",645.824357252768
"BC65","BC65","BC65_1",672.021972677702
"BC70","BC70","BC70_1",646.056412702275
"BC71","BC71","BC71_1",648.933564625992
"BC72","BC72","BC72_1",656.649010071934
"BC73","BC73","BC73_1",654.463483408987
"BC74","BC74","BC74_1",664.035703822705
"BC75","BC75","BC75_1",660.922418164814
"BC80","BC80","BC80_1",629.027404536329
"BC81","BC81","BC81_1",660.518773100832
"BC82","BC82","BC82_1",645.781639444663
"BC83","BC83","BC83_1",641.9484368784
"BC84","BC84","BC84_1",663.334404137269
"BC85","BC85","BC85_1",666.548590021301
"BC86","BC86","BC86_1",659.216598936051
"BC91","BC91","BC91_1",628.1167317402
"BC92","BC92","BC92_1",630.449419308734
"BC93","BC93","BC93_1",643.098482913717
"BC94","BC94","BC94_1",641.331317238237
"BC95","BC95","BC95_1",649.359926568807
"BC96","BC96","BC96_1",657.774399323697
"BD00","BD00","BD00_1",678.821053718637
"BD01","BD01","BD01_1",687.168690350246
"BD02","BD02","BD02_1",708.78232113397
"BD03","BD03","BD03_1",679.364445711772
"BD04","BD04","BD04_1",666.313380658738
"BD05","BD05","BD05_1",665.074943897376
"BD06","BD06","BD06_1",669.877709310192
"BD07","BD07","BD07_1",668.998440999745
"BD08","BD08","BD08_1",671.525055720781
"BD09","BD09","BD09_1",689.187013425202
"BD10","BD10","BD10_1",687.587448537486
"BD11","BD11","BD11_1",697.717071067482
"BD12","BD12","BD12_1",697.628574368075
"BD13","BD13","BD13_1",685.073138991547
"BD14","BD14","BD14_1",655.603194867625
"BD16","BD16","BD16_1",703.744866692518
"BD17","BD17","BD17_1",739.792072032448
"BD18","BD18","BD18_1",691.616817582644
"BD19","BD19","BD19_1",682.56547499111
"BD20","BD20","BD20_1",704.598577671965
"BD21","BD21","BD21_1",714.035864484285
"BD22","BD22","BD22_1",696.133726849736
"BD23","BD23","BD23_1",709.458438489298
"BD24","BD24","BD24_1",649.554368893822
"BD26","BD26","BD26_1",690.230811593997
"BD27","BD27","BD27_1",725.903595443074
"BD28","BD28","BD28_1",688.760615963591
"BD29","BD29","BD29_1",679.236041612905
"BD30","BD30","BD30_1",725.823783312961
"BD31","BD31","BD31_1",711.67388601847
"BD32","BD32","BD32_1",691.85605698591
"BD33","BD33","BD33_1",652.1099376345
"BD34","BD34","BD34_1",684.589685279587
"BD35","BD35","BD35_1",694.452722889678
"BD36","BD36","BD36_1",681.134979632989
"BD37","BD37","BD37_1",651.083985600791
"BD38","BD38","BD38_1",639.588782410916
"BD39","BD39","BD39_1",667.883839430909
"BD40","BD40","BD40_1",725.641889121723
"BD41","BD41","BD41_1",691.530152911663
"BD42","BD42","BD42_1",666.858568077395
"BD43","BD43","BD43_1",669.88936913288
"BD44","BD44","BD44_1",683.817170357532
"BD45","BD45","BD45_1",696.038205027155
"BD46","BD46","BD46_1",660.685323867167
"BD47","BD47","BD47_1",662.094499115703
"BD48","BD48","BD48_1",653.426987321863
"BD49","BD49","BD49_1",666.978520806717
"BD50","BD50","BD50_1",712.554185832858
"BD51","BD51","BD51_1",663.645027621526
"BD52","BD52","BD52_1",656.64052652594
"BD53","BD53","BD53_1",670.054278254827
"BD54","BD54","BD54_1",668.361389482429
"BD55","BD55","BD55_1",656.358968512947
"BD56","BD56","BD56_1",663.891780497218
"BD57","BD57","BD57_1",685.525129297563
"BD58","BD58","BD58_1",691.666236207697
"BD59","BD59","BD59_1",654.928915699208
"BD60","BD60","BD60_1",682.206188437968
"BD61","BD61","BD61_1",666.292192520851
"BD62","BD62","BD62_1",667.320971659465
"BD63","BD63","BD63_1",671.854531570264
"BD64","BD64","BD64_1",698.111222464009
"BD65","BD65","BD65_1",657.90206672488
"BD66","BD66","BD66_1",667.722980764207
"BD67","BD67","BD67_1",684.55610558185
"BD68","BD68","BD68_1",680.302943267873
"BD69","BD69","BD69_1",660.7517386303
"BD70","BD70","BD70_1",716.825275309303
"BD71","BD71","BD71_1",692.467250082168
"BD72","BD72","BD72_1",668.56410439583
"BD73","BD73","BD73_1",658.161068493299
"BD74","BD74","BD74_1",666.943071858274
"BD75","BD75","BD75_1",656.339631755715
"BD76","BD76","BD76_1",641.408910513332
"BD77","BD77","BD77_1",651.314787561262
"BD78","BD78","BD78_1",642.200849121409
"BD79","BD79","BD79_1",656.071084912987
"BD80","BD80","BD80_1",670.530014325537
"BD81","BD81","BD81_1",631.435631496131
"BD82","BD82","BD82_1",648.902836299161
"BD83","BD83","BD83_1",646.569288984132
"BD84","BD84","BD84_1",673.411368419323
"BD85","BD85","BD85_1",652.117287238391
"BD86","BD86","BD86_1",636.761719610315
"BD87","BD87","BD87_1",652.933856458435
"BD88","BD88","BD88_1",621.62281161825
"BD89","BD89","BD89_1",622.330049888012
"BD90","BD90","BD90_1",619.936342671111
"BD91","BD91","BD91_1",618.737418181431
"BD92","BD92","BD92_1",625.099370207674
"BD93","BD93","BD93_1",634.747980153816
"BD94","BD94","BD94_1",658.014673155305
"BD95","BD95","BD95_1",630.161525088388
"BD96","BD96","BD96_1",639.593613160014
"BD97","BD97","BD97_1",642.915627796723
"BD98","BD98","BD98_1",618.265962389239
"BD99","BD99","BD99_1",637.276398674618
"BE02","BE02","BE02_1",650.227704326238
"BE03","BE03","BE03_1",657.555372867122
"BE04","BE04","BE04_1",655.467469563689
"BE05","BE05","BE05_1",663.321764011222
"BE06","BE06","BE06_1",671.505736134551
"BE07","BE07","BE07_1",670.476918113925
"BE08","BE08","BE08_1",666.669798327032
"BE09","BE09","BE09_1",679.132658196694
"BE10","BE10","BE10_1",653.393253016417
"BE11","BE11","BE11_1",656.443792203247
"BE12","BE12","BE12_1",665.822900812631
"BE13","BE13","BE13_1",673.038441390554
"BE14","BE14","BE14_1",680.181471437526
"BE15","BE15","BE15_1",683.293818210325
"BE16","BE16","BE16_1",692.997382492241
"BE17","BE17","BE17_1",682.706122520124
"BE18","BE18","BE18_1",681.046362648935
"BE19","BE19","BE19_1",693.789370951608
"BE20","BE20","BE20_1",676.677390961774
"BE21","BE21","BE21_1",696.784581368271
"BE22","BE22","BE22_1",715.541447684169
"BE23","BE23","BE23_1",705.371757888502
"BE24","BE24","BE24_1",708.404550820313
"BE25","BE25","BE25_1",716.356590208456
"BE26","BE26","BE26_1",717.247534648598
"BE27","BE27","BE27_1",711.411986609829
"BE28","BE28","BE28_1",697.394567186277
"BE29","BE29","BE29_1",695.349908473139
"BE30","BE30","BE30_1",690.909509135332
"BE31","BE31","BE31_1",710.929926353241
"BE32","BE32","BE32_1",728.611295622678
"BE33","BE33","BE33_1",715.113952525124
"BE34","BE34","BE34_1",704.286461318762
"BE35","BE35","BE35_1",689.576712413451
"BE36","BE36","BE36_1",719.921030838696
"BE37","BE37","BE37_1",709.104890068524
"BE38","BE38","BE38_1",708.544983244623
"BE39","BE39","BE39_1",699.446882320666
"BE40","BE40","BE40_1",704.378478472001
"BE41","BE41","BE41_1",711.100536178084
"BE42","BE42","BE42_1",700.032561025034
"BE43","BE43","BE43_1",707.980168371768
"BE44","BE44","BE44_1",722.493424823245
"BE45","BE45","BE45_1",726.430626666189
"BE46","BE46","BE46_1",718.359034424731
"BE47","BE47","BE47_1",715.009902147141
"BE48","BE48","BE48_1",699.184934345638
"BE49","BE49","BE49_1",702.6106987461
"BE50","BE50","BE50_1",717.115314626431
"BE51","BE51","BE51_1",717.254359400298
"BE52","BE52","BE52_1",695.475036502626
"BE53","BE53","BE53_1",682.387846933434
"BE54","BE54","BE54_1",701.621994347326
"BE55","BE55","BE55_1",740.734986794945
"BE56","BE56","BE56_1",727.589888309043
"BE57","BE57","BE57_1",693.566766961227
"BE58","BE58","BE58_1",693.993238465465
"BE59","BE59","BE59_1",714.138335285477
"BE60","BE60","BE60_1",710.337599615382
"BE61","BE61","BE61_1",699.926734204388
"BE62","BE62","BE62_1",705.511372844994
"BE63","BE63","BE63_1",700.407968173065
"BE64","BE64","BE64_1",702.351964037504
"BE65","BE65","BE65_1",682.05391420543
"BE66","BE66","BE66_1",687.804793041756
"BE67","BE67","BE67_1",708.298269409523
"BE68","BE68","BE68_1",684.505833972056
"BE69","BE69","BE69_1",703.79010017662
"BE70","BE70","BE70_1",718.849324332327
"BE71","BE71","BE71_1",724.688521949398
"BE72","BE72","BE72_1",734.374169357739
"BE73","BE73","BE73_1",723.348829160406
"BE74","BE74","BE74_1",726.822899055216
"BE75","BE75","BE75_1",702.153116666079
"BE76","BE76","BE76_1",687.666077797721
"BE77","BE77","BE77_1",678.1290399778
"BE78","BE78","BE78_1",674.54203101634
"BE79","BE79","BE79_1",687.672269676345
"BE80","BE80","BE80_1",707.260530900297
"BE81","BE81","BE81_1",722.814058455144
"BE82","BE82","BE82_1",725.325996888194
"BE83","BE83","BE83_1",694.504461759849
"BE84","BE84","BE84_1",688.565152110771
"BE85","BE85","BE85_1",681.355174289432
"BE86","BE86","BE86_1",669.01186115674
"BE87","BE87","BE87_1",668.535997782367
"BE88","BE88","BE88_1",672.580113158253
"BE89","BE89","BE89_1",690.604109150911
"BE90","BE90","BE90_1",702.916786349247
"BE91","BE91","BE91_1",692.081047763415
"BE92","BE92","BE92_1",692.007734923507
"BE93","BE93","BE93_1",682.162960379468
"BE94","BE94","BE94_1",672.285996537221
"BE95","BE95","BE95_1",669.225443989067
"BE96","BE96","BE96_1",670.727181229671
"BE97","BE97","BE97_1",673.421644501882
"BE98","BE98","BE98_1",663.459778388596
"BE99","BE99","BE99_1",654.55162906015
"BF00","BF00","BF00_1",614.847693068392
"BF01","BF01","BF01_1",613.754781964214
"BF02","BF02","BF02_1",621.030620077463
"BF03","BF03","BF03_1",640.204185283294
"BF04","BF04","BF04_1",617.023518029788
"BF05","BF05","BF05_1",644.949094401109
"BF06","BF06","BF06_1",627.789325014894
"BF07","BF07","BF07_1",631.200916183554
"BF08","BF08","BF08_1",636.973039310416
"BF10","BF10","BF10_1",631.321713084553
"BF11","BF11","BF11_1",645.279662881376
"BF12","BF12","BF12_1",630.481373660258
"BF13","BF13","BF13_1",630.167547512199
"BF14","BF14","BF14_1",650.980911210297
"BF15","BF15","BF15_1",649.088786025767
"BF16","BF16","BF16_1",642.747619205276
"BF17","BF17","BF17_1",649.876587178319
"BF18","BF18","BF18_1",647.427917083428
"BF20","BF20","BF20_1",650.054434282413
"BF21","BF21","BF21_1",644.17148569279
"BF22","BF22","BF22_1",632.383498545076
"BF23","BF23","BF23_1",652.890131451339
"BF24","BF24","BF24_1",668.426805897856
"BF25","BF25","BF25_1",670.165325008716
"BF26","BF26","BF26_1",664.868596921803
"BF27","BF27","BF27_1",667.338475732956
"BF28","BF28","BF28_1",667.02129561404
"BF29","BF29","BF29_1",659.541005515904
"BF30","BF30","BF30_1",665.433448267504
"BF31","BF31","BF31_1",648.403007391467
"BF32","BF32","BF32_1",664.51485608948
"BF33","BF33","BF33_1",670.833754741521
"BF34","BF34","BF34_1",682.258983234621
"BF35","BF35","BF35_1",684.076917651407
"BF36","BF36","BF36_1",687.539616862511
"BF37","BF37","BF37_1",694.297364242752
"BF38","BF38","BF38_1",684.097328937894
"BF39","BF39","BF39_1",670.429968022067
"BF40","BF40","BF40_1",666.952548350386
"BF41","BF41","BF41_1",662.687679310568
"BF42","BF42","BF42_1",673.661804425985
"BF43","BF43","BF43_1",651.576781661579
"BF44","BF44","BF44_1",662.318561100217
"BF45","BF45","BF45_1",678.727073925718
"BF46","BF46","BF46_1",698.868036040349
"BF47","BF47","BF47_1",689.584004213079
"BF48","BF48","BF48_1",675.106886842668
"BF49","BF49","BF49_1",682.501682993926
"BF50","BF50","BF50_1",657.774313178844
"BF51","BF51","BF51_1",675.721299551955
"BF52","BF52","BF52_1",671.139825341796
"BF53","BF53","BF53_1",675.810854143072
"BF54","BF54","BF54_1",687.088052815165
"BF55","BF55","BF55_1",691.32899639644
"BF56","BF56","BF56_1",681.99566005374
"BF57","BF57","BF57_1",697.77638344622
"BF58","BF58","BF58_1",681.606473296411
"BF59","BF59","BF59_1",693.319769597542
"BF60","BF60","BF60_1",669.945713478401
"BF61","BF61","BF61_1",674.447808744144
"BF62","BF62","BF62_1",690.630532715813
"BF63","BF63","BF63_1",689.19556015845
"BF64","BF64","BF64_1",692.320432584012
"BF65","BF65","BF65_1",691.412837295183
"BF66","BF66","BF66_1",691.662702205217
"BF67","BF67","BF67_1",682.493272893763
"BF68","BF68","BF68_1",685.654064569258
"BF69","BF69","BF69_1",704.273667433974
"BF70","BF70","BF70_1",697.654130660434
"BF71","BF71","BF71_1",690.802200193746
"BF72","BF72","BF72_1",695.44347512562
"BF73","BF73","BF73_1",701.203659919308
"BF74","BF74","BF74_1",698.282250948533
"BF75","BF75","BF75_1",699.705930181913
"BF76","BF76","BF76_1",695.361951291121
"BF77","BF77","BF77_1",693.451579456604
"BF78","BF78","BF78_1",709.572226748219
"BF79","BF79","BF79_1",701.973740245552
"BF80","BF80","BF80_1",697.878531189171
"BF81","BF81","BF81_1",717.781899699239
"BF82","BF82","BF82_1",715.316159072696
"BF83","BF83","BF83_1",707.764965671478
"BF84","BF84","BF84_1",705.833052170426
"BF85","BF85","BF85_1",711.656877395631
"BF86","BF86","BF86_1",709.625325663534
"BF87","BF87","BF87_1",709.795553990436
"BF88","BF88","BF88_1",721.939875448361
"BF89","BF89","BF89_1",705.782402972279
"BF90","BF90","BF90_1",711.427257491015
"BF91","BF91","BF91_1",723.39871847639
"BF92","BF92","BF92_1",709.506641524629
"BF93","BF93","BF93_1",713.221002994805
"BF94","BF94","BF94_1",729.237958844154
"BF95","BF95","BF95_1",711.732181754815
"BF96","BF96","BF96_1",711.163284841973
"BF97","BF97","BF97_1",707.602977148749
"BF98","BF98","BF98_1",703.720068303975
"BF99","BF99","BF99_1",692.696063020424
"BG09","BG09","BG09_1",615.561685868698
"BG19","BG19","BG19_1",618.816807982417
"BG26","BG26","BG26_1",632.545278710916
"BG27","BG27","BG27_1",635.174535246318
"BG28","BG28","BG28_1",628.157277329333
"BG29","BG29","BG29_1",633.23988246074
"BG30","BG30","BG30_1",606.775047494319
"BG31","BG31","BG31_1",611.656190445425
"BG32","BG32","BG32_1",611.764431084012
"BG33","BG33","BG33_1",612.732288213283
"BG36","BG36","BG36_1",627.476086708217
"BG37","BG37","BG37_1",619.697865577647
"BG38","BG38","BG38_1",620.095724179912
"BG39","BG39","BG39_1",658.038456693238
"BG40","BG40","BG40_1",612.923848228924
"BG41","BG41","BG41_1",617.84254152585
"BG42","BG42","BG42_1",616.336092107739
"BG43","BG43","BG43_1",617.506288071767
"BG45","BG45","BG45_1",626.555717461906
"BG48","BG48","BG48_1",644.375457991985
"BG49","BG49","BG49_1",653.506351073504
"BG50","BG50","BG50_1",639.753500463373
"BG51","BG51","BG51_1",629.273765988982
"BG52","BG52","BG52_1",630.939898186268
"BG53","BG53","BG53_1",633.602326694766
"BG54","BG54","BG54_1",636.603446581073
"BG55","BG55","BG55_1",641.625640834119
"BG56","BG56","BG56_1",643.761750393683
"BG57","BG57","BG57_1",648.071363282334
"BG58","BG58","BG58_1",657.3510215404
"BG59","BG59","BG59_1",653.738642315861
"BG60","BG60","BG60_1",630.822325667983
"BG61","BG61","BG61_1",634.971022347692
"BG62","BG62","BG62_1",647.08910258171
"BG63","BG63","BG63_1",648.552975391298
"BG64","BG64","BG64_1",655.971523426696
"BG65","BG65","BG65_1",657.186695246983
"BG66","BG66","BG66_1",650.522261756461
"BG67","BG67","BG67_1",662.085937966784
"BG68","BG68","BG68_1",679.709685109065
"BG69","BG69","BG69_1",674.772952591926
"BG70","BG70","BG70_1",645.730770399226
"BG71","BG71","BG71_1",653.456602797878
"BG72","BG72","BG72_1",675.686794971236
"BG73","BG73","BG73_1",666.218898649549
"BG74","BG74","BG74_1",674.958064793299
"BG75","BG75","BG75_1",668.474982459334
"BG76","BG76","BG76_1",659.770339812814
"BG77","BG77","BG77_1",674.909667599365
"BG78","BG78","BG78_1",684.096355568014
"BG79","BG79","BG79_1",688.994997409979
"BG80","BG80","BG80_1",669.17970640323
"BG81","BG81","BG81_1",698.74447081443
"BG82","BG82","BG82_1",682.013894407649
"BG83","BG83","BG83_1",679.864119448957
"BG84","BG84","BG84_1",696.430695008424
"BG85","BG85","BG85_1",661.18324414227
"BG86","BG86","BG86_1",680.684158046094
"BG87","BG87","BG87_1",692.012203272121
"BG88","BG88","BG88_1",697.839032997483
"BG89","BG89","BG89_1",716.222336780479
"BG90","BG90","BG90_1",671.762501675722
"BG91","BG91","BG91_1",669.240212193434
"BG92","BG92","BG92_1",691.0899983075
"BG93","BG93","BG93_1",694.975439187014
"BG94","BG94","BG94_1",673.10606423143
"BG95","BG95","BG95_1",673.564312102945
"BG96","BG96","BG96_1",710.536640382536
"BG97","BG97","BG97_1",708.775888609073
"BG98","BG98","BG98_1",697.621495655176
"BG99","BG99","BG99_1",723.322116097826
"BH49","BH49","BH49_1",609.108402252197
"BH57","BH57","BH57_1",624.499323241516
"BH58","BH58","BH58_1",638.662139886472
"BH59","BH59","BH59_1",644.763128319943
"BH66","BH66","BH66_1",630.587330090966
"BH67","BH67","BH67_1",631.77852157201
"BH68","BH68","BH68_1",639.920754784743
"BH69","BH69","BH69_1",633.876509425336
"BH76","BH76","BH76_1",639.101845396938
"BH77","BH77","BH77_1",647.385958825069
"BH78","BH78","BH78_1",662.978589965251
"BH79","BH79","BH79_1",652.937462115488
"BH86","BH86","BH86_1",650.641023283157
"BH87","BH87","BH87_1",652.180094346375
"BH88","BH88","BH88_1",661.804110460334
"BH89","BH89","BH89_1",660.568313002793
"BH96","BH96","BH96_1",657.936086837087
"BH97","BH97","BH97_1",669.704094877186
"BH98","BH98","BH98_1",670.579825305791
"BH99","BH99","BH99_1",672.292092040518
"CB70","CB70","CB70_1",604.991754131579
"CB80","CB80","CB80_1",584.640061900955
"CB81","CB81","CB81_1",584.976380636727
"CB82","CB82","CB82_1",594.747660966224
"CB90","CB90","CB90_1",571.22571680973
"CB91","CB91","CB91_1",587.250857946251
"CB92","CB92","CB92_1",593.778644693578
"CB93","CB93","CB93_1",610.455073754772
"CB94","CB94","CB94_1",589.669031161613
"CC01","CC01","CC01_1",626.358930228996
"CC03","CC03","CC03_1",628.866350916745
"CC04","CC04","CC04_1",631.108791304851
"CC05","CC05","CC05_1",627.064460327408
"CC06","CC06","CC06_1",649.470519163814
"CC10","CC10","CC10_1",606.763704808701
"CC11","CC11","CC11_1",611.002530649589
"CC14","CC14","CC14_1",617.683154652287
"CC15","CC15","CC15_1",624.710519385478
"CC16","CC16","CC16_1",628.8108403189
"CC20","CC20","CC20_1",606.422061830818
"CC21","CC21","CC21_1",630.945218449034
"CC22","CC22","CC22_1",606.086130134632
"CC23","CC23","CC23_1",607.581551723416
"CC24","CC24","CC24_1",614.100138151758
"CC25","CC25","CC25_1",615.081909753799
"CC26","CC26","CC26_1",614.395580306661
"CC30","CC30","CC30_1",598.986984567078
"CC31","CC31","CC31_1",601.172196206834
"CC32","CC32","CC32_1",614.299285791456
"CC33","CC33","CC33_1",600.304841866551
"CC34","CC34","CC34_1",625.149601207588
"CC35","CC35","CC35_1",636.207686219694
"CC36","CC36","CC36_1",630.870567552423
"CC40","CC40","CC40_1",600.230286392539
"CC41","CC41","CC41_1",598.311718110921
"CC42","CC42","CC42_1",578.317899286222
"CC43","CC43","CC43_1",578.968895550997
"CC44","CC44","CC44_1",602.062950117249
"CC45","CC45","CC45_1",625.451156662547
"CC46","CC46","CC46_1",602.281500301231
"CC47","CC47","CC47_1",572.780608549667
"CC50","CC50","CC50_1",599.079977588604
"CC51","CC51","CC51_1",599.138479340101
"CC52","CC52","CC52_1",594.436348061259
"CC53","CC53","CC53_1",592.22957362025
"CC54","CC54","CC54_1",590.567130810684
"CC55","CC55","CC55_1",590.230761931607
"CC56","CC56","CC56_1",581.76622308726
"CC57","CC57","CC57_1",590.28659839325
"CC60","CC60","CC60_1",561.097059938902
"CC61","CC61","CC61_1",568.622898084969
"CC62","CC62","CC62_1",563.362305192282
"CC63","CC63","CC63_1",572.474778146425
"CC64","CC64","CC64_1",576.510344563708
"CC65","CC65","CC65_1",573.238818557329
"CC66","CC66","CC66_1",572.955164086651
"CC67","CC67","CC67_1",598.290570582624
"CC68","CC68","CC68_1",597.489682808827
"CC70","CC70","CC70_1",577.735217324137
"CC71","CC71","CC71_1",582.61558739383
"CC72","CC72","CC72_1",577.222723084968
"CC73","CC73","CC73_1",556.080339252167
"CC74","CC74","CC74_1",573.500967305161
"CC75","CC75","CC75_1",575.527422329649
"CC76","CC76","CC76_1",581.360552454784
"CC77","CC77","CC77_1",584.984622620837
"CC78","CC78","CC78_1",589.494226847899
"CC79","CC79","CC79_1",600.14718429946
"CC80","CC80","CC80_1",575.79785322163
"CC81","CC81","CC81_1",590.768573559647
"CC82","CC82","CC82_1",593.189016517632
"CC83","CC83","CC83_1",566.508560085259
"CC84","CC84","CC84_1",571.035572935983
"CC85","CC85","CC85_1",575.684722728937
"CC86","CC86","CC86_1",575.057846070647
"CC87","CC87","CC87_1",574.580138143248
"CC88","CC88","CC88_1",571.209316183972
"CC89","CC89","CC89_1",590.485123453015
"CC90","CC90","CC90_1",566.458805830521
"CC91","CC91","CC91_1",559.494746593622
"CC92","CC92","CC92_1",545.197068257377
"CC93","CC93","CC93_1",554.402037027182
"CC94","CC94","CC94_1",548.391506892563
"CC95","CC95","CC95_1",560.140212731743
"CC96","CC96","CC96_1",573.904594371508
"CC97","CC97","CC97_1",575.580127536231
"CC98","CC98","CC98_1",573.39644645087
"CC99","CC99","CC99_1",569.759889561195
"CD00","CD00","CD00_1",645.517601481508
"CD01","CD01","CD01_1",655.047828831669
"CD02","CD02","CD02_1",631.538109842858
"CD03","CD03","CD03_1",612.035386364383
"CD04","CD04","CD04_1",600.248051884242
"CD05","CD05","CD05_1",610.529212288354
"CD06","CD06","CD06_1",638.49651855252
"CD07","CD07","CD07_1",604.357462535335
"CD08","CD08","CD08_1",620.348447015696
"CD09","CD09","CD09_1",622.803738421734
"CD10","CD10","CD10_1",637.675697980236
"CD11","CD11","CD11_1",617.763917593507
"CD12","CD12","CD12_1",613.530754348515
"CD13","CD13","CD13_1",609.723666771253
"CD14","CD14","CD14_1",606.19741533627
"CD15","CD15","CD15_1",588.992636680037
"CD16","CD16","CD16_1",598.726815514146
"CD17","CD17","CD17_1",597.609686890052
"CD18","CD18","CD18_1",595.857166445176
"CD20","CD20","CD20_1",610.265873683501
"CD21","CD21","CD21_1",602.23951310155
"CD22","CD22","CD22_1",579.671026701776
"CD23","CD23","CD23_1",598.969483667784
"CD24","CD24","CD24_1",616.067523871575
"CD25","CD25","CD25_1",585.970413335779
"CD26","CD26","CD26_1",601.26267497962
"CD27","CD27","CD27_1",580.627543246473
"CD28","CD28","CD28_1",602.66094983827
"CD29","CD29","CD29_1",616.863856777384
"CD30","CD30","CD30_1",593.13235470894
"CD31","CD31","CD31_1",578.502729554488
"CD32","CD32","CD32_1",596.347662324424
"CD33","CD33","CD33_1",579.11436227537
"CD34","CD34","CD34_1",577.731110582276
"CD35","CD35","CD35_1",572.35963836971
"CD36","CD36","CD36_1",584.867303929518
"CD37","CD37","CD37_1",609.485509262525
"CD38","CD38","CD38_1",615.385136873473
"CD39","CD39","CD39_1",595.342984666758
"CD40","CD40","CD40_1",554.466417931977
"CD41","CD41","CD41_1",595.86170170766
"CD42","CD42","CD42_1",595.338541910952
"CD43","CD43","CD43_1",561.811518300391
"CD44","CD44","CD44_1",604.422392305237
"CD45","CD45","CD45_1",607.312066141876
"CD46","CD46","CD46_1",598.151248668049
"CD47","CD47","CD47_1",595.516339648883
"CD48","CD48","CD48_1",584.138509371645
"CD49","CD49","CD49_1",586.451997546633
"CD50","CD50","CD50_1",570.907774317657
"CD51","CD51","CD51_1",585.533849267082
"CD52","CD52","CD52_1",583.873844626049
"CD53","CD53","CD53_1",570.36136723922
"CD54","CD54","CD54_1",579.075004991666
"CD55","CD55","CD55_1",578.467868218705
"CD56","CD56","CD56_1",571.89932889519
"CD57","CD57","CD57_1",581.883781177055
"CD58","CD58","CD58_1",579.532437796872
"CD59","CD59","CD59_1",598.920670981881
"CD60","CD60","CD60_1",579.135039301444
"CD61","CD61","CD61_1",587.394830509594
"CD62","CD62","CD62_1",567.465003085438
"CD63","CD63","CD63_1",550.824475853975
"CD64","CD64","CD64_1",578.650539595736
"CD65","CD65","CD65_1",577.659568227391
"CD66","CD66","CD66_1",567.673045833699
"CD67","CD67","CD67_1",569.500652030614
"CD68","CD68","CD68_1",572.89961344828
"CD69","CD69","CD69_1",575.220228951418
"CD70","CD70","CD70_1",570.645407349534
"CD71","CD71","CD71_1",550.292943453889
"CD72","CD72","CD72_1",562.221695991873
"CD73","CD73","CD73_1",552.86167201843
"CD74","CD74","CD74_1",559.642677058336
"CD75","CD75","CD75_1",572.724787065634
"CD76","CD76","CD76_1",557.905228824918
"CD77","CD77","CD77_1",578.986978632809
"CD78","CD78","CD78_1",569.533795699945
"CD79","CD79","CD79_1",571.624422929844
"CD80","CD80","CD80_1",582.509744726342
"CD81","CD81","CD81_1",529.405060022611
"CD82","CD82","CD82_1",555.713117061475
"CD83","CD83","CD83_1",540.876539883023
"CD84","CD84","CD84_1",545.571974581118
"CD85","CD85","CD85_1",566.851108454933
"CD86","CD86","CD86_1",561.676889394727
"CD87","CD87","CD87_1",588.268622695279
"CD88","CD88","CD88_1",564.259725315687
"CD89","CD89","CD89_1",568.271290873922
"CD90","CD90","CD90_1",544.731146830445
"CD91","CD91","CD91_1",537.517722315197
"CD92","CD92","CD92_1",566.809847351101
"CD93","CD93","CD93_1",530.534335571653
"CD94","CD94","CD94_1",564.443950656775
"CD95","CD95","CD95_1",553.020415596723
"CD96","CD96","CD96_1",565.937970354565
"CD97","CD97","CD97_1",566.419801671781
"CD98","CD98","CD98_1",571.426381725405
"CD99","CD99","CD99_1",567.879913143622
"CE00","CE00","CE00_1",699.605065894945
"CE01","CE01","CE01_1",694.097210508356
"CE02","CE02","CE02_1",678.298362824715
"CE03","CE03","CE03_1",676.764728125375
"CE04","CE04","CE04_1",676.087220606594
"CE05","CE05","CE05_1",663.116861933528
"CE06","CE06","CE06_1",666.391679635919
"CE07","CE07","CE07_1",662.815432123743
"CE08","CE08","CE08_1",647.206528483738
"CE09","CE09","CE09_1",625.433375792032
"CE10","CE10","CE10_1",679.083401035467
"CE11","CE11","CE11_1",691.769787403253
"CE12","CE12","CE12_1",680.377821700519
"CE13","CE13","CE13_1",675.489301340821
"CE14","CE14","CE14_1",673.04232086547
"CE15","CE15","CE15_1",659.985170742961
"CE16","CE16","CE16_1",662.37768418347
"CE17","CE17","CE17_1",641.886606063744
"CE18","CE18","CE18_1",617.52594830404
"CE19","CE19","CE19_1",637.86503796279
"CE20","CE20","CE20_1",676.943719981664
"CE21","CE21","CE21_1",682.975988280112
"CE22","CE22","CE22_1",689.609917721495
"CE23","CE23","CE23_1",666.942529983491
"CE24","CE24","CE24_1",651.913589361531
"CE25","CE25","CE25_1",650.121590229535
"CE26","CE26","CE26_1",636.298306175921
"CE27","CE27","CE27_1",620.096137699471
"CE28","CE28","CE28_1",641.416504668108
"CE29","CE29","CE29_1",644.501416038587
"CE30","CE30","CE30_1",670.149122227128
"CE31","CE31","CE31_1",661.20631761175
"CE32","CE32","CE32_1",662.296688679213
"CE33","CE33","CE33_1",657.941042707987
"CE34","CE34","CE34_1",658.300840467109
"CE35","CE35","CE35_1",634.158249478765
"CE36","CE36","CE36_1",637.431677344715
"CE37","CE37","CE37_1",624.826939591786
"CE38","CE38","CE38_1",633.129179107959
"CE39","CE39","CE39_1",618.570026539114
"CE40","CE40","CE40_1",671.930363494335
"CE41","CE41","CE41_1",666.429218060557
"CE42","CE42","CE42_1",664.495803013677
"CE43","CE43","CE43_1",654.521939953026
"CE44","CE44","CE44_1",642.104562577612
"CE45","CE45","CE45_1",621.407776774496
"CE46","CE46","CE46_1",614.571175420085
"CE47","CE47","CE47_1",599.799173528827
"CE48","CE48","CE48_1",598.825789625442
"CE49","CE49","CE49_1",568.490516052226
"CE50","CE50","CE50_1",660.885759686461
"CE51","CE51","CE51_1",646.80910052842
"CE52","CE52","CE52_1",635.111711959205
"CE53","CE53","CE53_1",644.881691891784
"CE54","CE54","CE54_1",604.569700061283
"CE55","CE55","CE55_1",611.85955285541
"CE56","CE56","CE56_1",584.542649963549
"CE57","CE57","CE57_1",580.221561779573
"CE58","CE58","CE58_1",567.176944873707
"CE59","CE59","CE59_1",562.114806031686
"CE60","CE60","CE60_1",629.852126341555
"CE61","CE61","CE61_1",625.474085619271
"CE62","CE62","CE62_1",615.730003870082
"CE63","CE63","CE63_1",625.882695700804
"CE64","CE64","CE64_1",556.147448383149
"CE65","CE65","CE65_1",576.700705779373
"CE66","CE66","CE66_1",578.314392661116
"CE67","CE67","CE67_1",586.931552550255
"CE68","CE68","CE68_1",575.43319840818
"CE69","CE69","CE69_1",587.815353205536
"CE70","CE70","CE70_1",641.026247837197
"CE71","CE71","CE71_1",640.476009659234
"CE72","CE72","CE72_1",582.065386998433
"CE73","CE73","CE73_1",602.082293400756
"CE74","CE74","CE74_1",575.327643549651
"CE75","CE75","CE75_1",595.271141189791
"CE76","CE76","CE76_1",596.42386977671
"CE77","CE77","CE77_1",559.505967619408
"CE78","CE78","CE78_1",544.727407223668
"CE79","CE79","CE79_1",559.125662396468
"CE80","CE80","CE80_1",586.883764216447
"CE81","CE81","CE81_1",564.86889175493
"CE82","CE82","CE82_1",566.895116913731
"CE83","CE83","CE83_1",599.509977466109
"CE84","CE84","CE84_1",593.322469559251
"CE85","CE85","CE85_1",574.362447146227
"CE86","CE86","CE86_1",559.507441374586
"CE87","CE87","CE87_1",552.973499209361
"CE88","CE88","CE88_1",572.979842175629
"CE89","CE89","CE89_1",562.080816437338
"CE90","CE90","CE90_1",604.118105496966
"CE91","CE91","CE91_1",584.326998105964
"CE92","CE92","CE92_1",554.126639320341
"CE93","CE93","CE93_1",568.045785243016
"CE94","CE94","CE94_1",603.723991212749
"CE95","CE95","CE95_1",599.199319962325
"CE96","CE96","CE96_1",557.421848675791
"CE97","CE97","CE97_1",567.737546359231
"CE98","CE98","CE98_1",576.857525300706
"CE99","CE99","CE99_1",561.32818990824
"CF00","CF00","CF00_1",694.73810062595
"CF01","CF01","CF01_1",731.075520853256
"CF02","CF02","CF02_1",723.237732347592
"CF03","CF03","CF03_1",713.564714783915
"CF04","CF04","CF04_1",706.192300545806
"CF05","CF05","CF05_1",697.355081796212
"CF06","CF06","CF06_1",711.81267046423
"CF07","CF07","CF07_1",705.202086684582
"CF08","CF08","CF08_1",708.90976658709
"CF09","CF09","CF09_1",700.484101550632
"CF10","CF10","CF10_1",693.515023438067
"CF11","CF11","CF11_1",690.69202850268
"CF12","CF12","CF12_1",699.247691240793
"CF13","CF13","CF13_1",694.810186227259
"CF14","CF14","CF14_1",689.627985945752
"CF15","CF15","CF15_1",708.863694743995
"CF16","CF16","CF16_1",701.702632262908
"CF17","CF17","CF17_1",703.069532876136
"CF18","CF18","CF18_1",684.55926640271
"CF19","CF19","CF19_1",696.747721193726
"CF20","CF20","CF20_1",684.099140686419
"CF21","CF21","CF21_1",682.80991206049
"CF22","CF22","CF22_1",683.699192950204
"CF23","CF23","CF23_1",692.635853680026
"CF24","CF24","CF24_1",700.296319171159
"CF25","CF25","CF25_1",722.577395197138
"CF26","CF26","CF26_1",689.159823826191
"CF27","CF27","CF27_1",712.767011853468
"CF28","CF28","CF28_1",695.744490905343
"CF29","CF29","CF29_1",673.05073257236
"CF30","CF30","CF30_1",682.149514194228
"CF31","CF31","CF31_1",689.347773470862
"CF32","CF32","CF32_1",672.829235485162
"CF33","CF33","CF33_1",638.454899126441
"CF34","CF34","CF34_1",685.093842732092
"CF35","CF35","CF35_1",705.988041154147
"CF36","CF36","CF36_1",664.813675031622
"CF37","CF37","CF37_1",701.6129182891
"CF38","CF38","CF38_1",693.20701693509
"CF39","CF39","CF39_1",662.926429354969
"CF40","CF40","CF40_1",646.808850849036
"CF41","CF41","CF41_1",663.294309157499
"CF42","CF42","CF42_1",667.556652701955
"CF43","CF43","CF43_1",662.542915776531
"CF44","CF44","CF44_1",674.793211496787
"CF45","CF45","CF45_1",658.254789410871
"CF46","CF46","CF46_1",653.904604898284
"CF47","CF47","CF47_1",679.128647406444
"CF48","CF48","CF48_1",683.461868748324
"CF49","CF49","CF49_1",659.12431699001
"CF50","CF50","CF50_1",638.822262367797
"CF51","CF51","CF51_1",635.084595456183
"CF52","CF52","CF52_1",651.594911556555
"CF53","CF53","CF53_1",653.600915803487
"CF54","CF54","CF54_1",624.874965785562
"CF55","CF55","CF55_1",670.840804649188
"CF56","CF56","CF56_1",662.907495101916
"CF57","CF57","CF57_1",637.846038604343
"CF58","CF58","CF58_1",625.748318594964
"CF59","CF59","CF59_1",666.808493727203
"CF60","CF60","CF60_1",621.069663544266
"CF61","CF61","CF61_1",646.548744519263
"CF62","CF62","CF62_1",644.621855311616
"CF63","CF63","CF63_1",635.42454865795
"CF64","CF64","CF64_1",599.350125255562
"CF65","CF65","CF65_1",645.085600443862
"CF66","CF66","CF66_1",638.535232708114
"CF67","CF67","CF67_1",605.984520749393
"CF68","CF68","CF68_1",619.475755571263
"CF69","CF69","CF69_1",636.547416981876
"CF70","CF70","CF70_1",586.815880516491
"CF71","CF71","CF71_1",597.94055461051
"CF72","CF72","CF72_1",604.248783855401
"CF73","CF73","CF73_1",604.40163815788
"CF74","CF74","CF74_1",596.757650083025
"CF75","CF75","CF75_1",663.24314599855
"CF76","CF76","CF76_1",625.879515596304
"CF77","CF77","CF77_1",592.34934378435
"CF78","CF78","CF78_1",616.544396293731
"CF79","CF79","CF79_1",609.783698977787
"CF80","CF80","CF80_1",588.733575714259
"CF81","CF81","CF81_1",582.919031033488
"CF82","CF82","CF82_1",560.72693823974
"CF83","CF83","CF83_1",578.28339064465
"CF84","CF84","CF84_1",568.222303838956
"CF85","CF85","CF85_1",621.622060503926
"CF86","CF86","CF86_1",588.002183889894
"CF87","CF87","CF87_1",573.261317458846
"CF88","CF88","CF88_1",601.280370348222
"CF89","CF89","CF89_1",620.108401698776
"CF90","CF90","CF90_1",568.460939611862
"CF91","CF91","CF91_1",555.135528978059
"CF92","CF92","CF92_1",574.781232038986
"CF93","CF93","CF93_1",543.783043007308
"CF94","CF94","CF94_1",627.060545341878
"CF95","CF95","CF95_1",586.749543967036
"CF96","CF96","CF96_1",572.398554357649
"CF97","CF97","CF97_1",558.485507031373
"CF98","CF98","CF98_1",563.287999656658
"CF99","CF99","CF99_1",566.959308449527
"CG00","CG00","CG00_1",688.119535518662
"CG01","CG01","CG01_1",693.010123611392
"CG02","CG02","CG02_1",704.62680172433
"CG03","CG03","CG03_1",675.147643577258
"CG04","CG04","CG04_1",666.437072963264
"CG05","CG05","CG05_1",707.321814279325
"CG06","CG06","CG06_1",733.565007396367
"CG07","CG07","CG07_1",699.774940095782
"CG08","CG08","CG08_1",695.295487959354
"CG09","CG09","CG09_1",713.167887263082
"CG10","CG10","CG10_1",695.022535412469
"CG11","CG11","CG11_1",722.420730457218
"CG12","CG12","CG12_1",702.908265888738
"CG13","CG13","CG13_1",673.516921467839
"CG14","CG14","CG14_1",693.410374493864
"CG15","CG15","CG15_1",692.602753168673
"CG16","CG16","CG16_1",695.193457659097
"CG17","CG17","CG17_1",691.162129235733
"CG18","CG18","CG18_1",679.239423840966
"CG19","CG19","CG19_1",691.353982194766
"CG20","CG20","CG20_1",701.342389678728
"CG21","CG21","CG21_1",724.918078790543
"CG22","CG22","CG22_1",677.564042687108
"CG23","CG23","CG23_1",663.619094438346
"CG24","CG24","CG24_1",701.32322165314
"CG25","CG25","CG25_1",668.664434538224
"CG26","CG26","CG26_1",673.0012005157
"CG27","CG27","CG27_1",681.032583765794
"CG28","CG28","CG28_1",660.074629649312
"CG29","CG29","CG29_1",668.043823342423
"CG30","CG30","CG30_1",686.466192898789
"CG31","CG31","CG31_1",671.591873996217
"CG32","CG32","CG32_1",660.66551475013
"CG33","CG33","CG33_1",667.024450335435
"CG34","CG34","CG34_1",672.300132064665
"CG35","CG35","CG35_1",659.934719243741
"CG36","CG36","CG36_1",673.431123775647
"CG37","CG37","CG37_1",661.638228445104
"CG38","CG38","CG38_1",655.754938292085
"CG39","CG39","CG39_1",672.660781071453
"CG40","CG40","CG40_1",677.640268870032
"CG41","CG41","CG41_1",669.278690261025
"CG42","CG42","CG42_1",660.900643587502
"CG43","CG43","CG43_1",662.148925806376
"CG44","CG44","CG44_1",654.607661107916
"CG45","CG45","CG45_1",673.330131241453
"CG46","CG46","CG46_1",669.046992900206
"CG47","CG47","CG47_1",652.331464948766
"CG48","CG48","CG48_1",668.086620373721
"CG49","CG49","CG49_1",683.041510082548
"CG50","CG50","CG50_1",667.804755468685
"CG51","CG51","CG51_1",647.403499145801
"CG52","CG52","CG52_1",642.169457178733
"CG53","CG53","CG53_1",620.720104045434
"CG54","CG54","CG54_1",618.741538180744
"CG55","CG55","CG55_1",654.466433075686
"CG56","CG56","CG56_1",626.686770083913
"CG57","CG57","CG57_1",634.05626833476
"CG58","CG58","CG58_1",644.672926664762
"CG59","CG59","CG59_1",619.433054754453
"CG60","CG60","CG60_1",631.325613957185
"CG61","CG61","CG61_1",584.899495039711
"CG62","CG62","CG62_1",593.470674304968
"CG63","CG63","CG63_1",643.541514095581
"CG64","CG64","CG64_1",613.262226815143
"CG65","CG65","CG65_1",606.313512443119
"CG66","CG66","CG66_1",600.368582869849
"CG67","CG67","CG67_1",616.328147826434
"CG68","CG68","CG68_1",622.112809131554
"CG69","CG69","CG69_1",586.310934679761
"CG71","CG71","CG71_1",592.68181620425
"CG73","CG73","CG73_1",601.094190660581
"CG74","CG74","CG74_1",597.10170079408
"CG75","CG75","CG75_1",583.963357963217
"CG76","CG76","CG76_1",598.947991355182
"CG77","CG77","CG77_1",583.483782013922
"CG78","CG78","CG78_1",582.44473117305
"CG79","CG79","CG79_1",585.95489178544
"CG80","CG80","CG80_1",596.326036931128
"CG83","CG83","CG83_1",587.27724531906
"CG84","CG84","CG84_1",575.104787425409
"CG85","CG85","CG85_1",557.179777775665
"CG86","CG86","CG86_1",564.937645961918
"CG88","CG88","CG88_1",564.8271794187
"CG89","CG89","CG89_1",573.128909969605
"CG90","CG90","CG90_1",581.106432880798
"CG94","CG94","CG94_1",551.692112194066
"CG95","CG95","CG95_1",550.371518297021
"CG98","CG98","CG98_1",557.244742986376
"CG99","CG99","CG99_1",569.089047757761
"CH06","CH06","CH06_1",665.236631572615
"CH07","CH07","CH07_1",684.00363580414
"CH08","CH08","CH08_1",683.021345526543
"CH09","CH09","CH09_1",682.814731577367
"CH16","CH16","CH16_1",684.49740799911
"CH17","CH17","CH17_1",687.937747207767
"CH18","CH18","CH18_1",689.907107276477
"CH19","CH19","CH19_1",693.047287659315
"CH25","CH25","CH25_1",698.545581132461
"CH26","CH26","CH26_1",690.430476054319
"CH27","CH27","CH27_1",690.329166977444
"CH28","CH28","CH28_1",691.521068124262
"CH29","CH29","CH29_1",693.628387321276
"CH34","CH34","CH34_1",696.797973093379
"CH35","CH35","CH35_1",696.227805262281
"CH36","CH36","CH36_1",683.291332581253
"CH37","CH37","CH37_1",685.256986464647
"CH38","CH38","CH38_1",695.614406322153
"CH39","CH39","CH39_1",689.856110381765
"CH45","CH45","CH45_1",691.447706818966
"CH46","CH46","CH46_1",685.730252099397
"CH47","CH47","CH47_1",689.443099877288
"CH48","CH48","CH48_1",694.331928227109
"CH49","CH49","CH49_1",700.207124590977
"CH55","CH55","CH55_1",671.529757269393
"CH56","CH56","CH56_1",684.096873711587
"CH57","CH57","CH57_1",679.453275747549
"CH58","CH58","CH58_1",669.044410018181
"CH59","CH59","CH59_1",624.629861405643
"CH65","CH65","CH65_1",616.913640498484
"CH66","CH66","CH66_1",651.501757375941
"CH67","CH67","CH67_1",655.903136622193
"CH68","CH68","CH68_1",651.730146435337
"CH69","CH69","CH69_1",612.238901244888
"CH76","CH76","CH76_1",603.916090883142
"CH77","CH77","CH77_1",599.998075123547
"CH78","CH78","CH78_1",613.357483908707
"CH79","CH79","CH79_1",588.509230283279
"CH85","CH85","CH85_1",593.961994227507
"CH86","CH86","CH86_1",621.899626934758
"CH87","CH87","CH87_1",621.171301865473
"CH88","CH88","CH88_1",581.626431227409
"CH89","CH89","CH89_1",576.068524903666
"CH95","CH95","CH95_1",599.429506008098
"CH96","CH96","CH96_1",597.403318694265
"CH97","CH97","CH97_1",589.982362156393
"CH98","CH98","CH98_1",556.45840565292
"CH99","CH99","CH99_1",581.494755500236
"DA80","DA80","DA80_1",567.634529092139
"DA90","DA90","DA90_1",565.359556232495
"DB00","DB00","DB00_1",585.056443163237
"DB01","DB01","DB01_1",576.999810640916
"DB02","DB02","DB02_1",572.874267062429
"DB03","DB03","DB03_1",581.218979266702
"DB04","DB04","DB04_1",577.656118287232
"DB05","DB05","DB05_1",588.128818946708
"DB10","DB10","DB10_1",577.251894462151
"DB11","DB11","DB11_1",577.158310265602
"DB12","DB12","DB12_1",575.5925376154
"DB13","DB13","DB13_1",586.360182979043
"DB14","DB14","DB14_1",585.843197627229
"DB15","DB15","DB15_1",607.411794005708
"DB16","DB16","DB16_1",592.921477625337
"DB20","DB20","DB20_1",583.282882812795
"DB21","DB21","DB21_1",577.42158327425
"DB22","DB22","DB22_1",571.654101316917
"DB23","DB23","DB23_1",575.204305924783
"DB24","DB24","DB24_1",587.01323312795
"DB25","DB25","DB25_1",588.119014177184
"DB26","DB26","DB26_1",558.086280293718
"DB30","DB30","DB30_1",602.556306424553
"DB31","DB31","DB31_1",593.271115884675
"DB32","DB32","DB32_1",582.153065455863
"DB33","DB33","DB33_1",580.143115346824
"DB34","DB34","DB34_1",607.786887965416
"DB35","DB35","DB35_1",554.686239761513
"DB36","DB36","DB36_1",561.623348310986
"DB40","DB40","DB40_1",572.051740777438
"DB41","DB41","DB41_1",552.317072674
"DB42","DB42","DB42_1",585.835730161681
"DB43","DB43","DB43_1",557.205314701945
"DB44","DB44","DB44_1",560.065484519793
"DB45","DB45","DB45_1",560.204749573863
"DB46","DB46","DB46_1",576.379604402089
"DB47","DB47","DB47_1",573.275465414327
"DB50","DB50","DB50_1",550.708383667564
"DB51","DB51","DB51_1",569.780186600452
"DB52","DB52","DB52_1",571.53328632573
"DB53","DB53","DB53_1",593.866685831358
"DB54","DB54","DB54_1",581.276317609717
"DB55","DB55","DB55_1",563.436967753183
"DB56","DB56","DB56_1",571.161159361926
"DB57","DB57","DB57_1",580.160970505606
"DB60","DB60","DB60_1",570.135278902952
"DB61","DB61","DB61_1",577.705323077654
"DB62","DB62","DB62_1",576.68954943029
"DB63","DB63","DB63_1",547.970850266466
"DB64","DB64","DB64_1",535.433068020054
"DB65","DB65","DB65_1",550.067143509229
"DB66","DB66","DB66_1",567.94786477317
"DB67","DB67","DB67_1",583.400084899876
"DB68","DB68","DB68_1",579.791971009411
"DB70","DB70","DB70_1",545.714024821923
"DB71","DB71","DB71_1",568.974350792953
"DB72","DB72","DB72_1",575.940683057701
"DB73","DB73","DB73_1",549.430365328206
"DB74","DB74","DB74_1",532.308138782232
"DB75","DB75","DB75_1",542.193457365145
"DB76","DB76","DB76_1",552.812175802837
"DB77","DB77","DB77_1",564.862960891715
"DB78","DB78","DB78_1",569.845074450324
"DB79","DB79","DB79_1",575.791665218907
"DB80","DB80","DB80_1",527.227441454444
"DB81","DB81","DB81_1",526.025188886001
"DB82","DB82","DB82_1",530.284095874324
"DB83","DB83","DB83_1",518.986441700225
"DB84","DB84","DB84_1",527.463326205527
"DB89","DB89","DB89_1",570.570318802234
"DB94","DB94","DB94_1",544.598048686753
"DB99","DB99","DB99_1",564.46202560105
"DC00","DC00","DC00_1",523.979948023246
"DC01","DC01","DC01_1",528.014042185634
"DC02","DC02","DC02_1",536.196187849838
"DC03","DC03","DC03_1",536.897970574565
"DC04","DC04","DC04_1",554.16733884741
"DC05","DC05","DC05_1",559.944026493863
"DC06","DC06","DC06_1",569.354655765656
"DC07","DC07","DC07_1",562.115276872523
"DC08","DC08","DC08_1",565.939871812471
"DC09","DC09","DC09_1",572.80746582171
"DC10","DC10","DC10_1",536.614844949149
"DC11","DC11","DC11_1",548.012568025494
"DC12","DC12","DC12_1",569.496373269252
"DC13","DC13","DC13_1",551.6373247824
"DC14","DC14","DC14_1",552.974014933017
"DC15","DC15","DC15_1",553.487711843079
"DC16","DC16","DC16_1",567.319743962544
"DC17","DC17","DC17_1",563.9989963102
"DC18","DC18","DC18_1",565.198584100639
"DC19","DC19","DC19_1",583.988244977107
"DC20","DC20","DC20_1",518.863320960779
"DC21","DC21","DC21_1",529.567660623468
"DC22","DC22","DC22_1",534.781692693098
"DC23","DC23","DC23_1",530.827120400995
"DC24","DC24","DC24_1",525.793317392821
"DC25","DC25","DC25_1",544.328549171476
"DC26","DC26","DC26_1",586.277299981541
"DC27","DC27","DC27_1",550.24028897318
"DC28","DC28","DC28_1",571.987458997157
"DC29","DC29","DC29_1",580.790611404045
"DC30","DC30","DC30_1",527.746673280617
"DC31","DC31","DC31_1",521.708597919163
"DC32","DC32","DC32_1",518.711804889924
"DC33","DC33","DC33_1",524.298024077755
"DC34","DC34","DC34_1",532.805002842051
"DC35","DC35","DC35_1",563.613879117426
"DC36","DC36","DC36_1",544.945242953234
"DC37","DC37","DC37_1",555.275374450232
"DC38","DC38","DC38_1",571.070558368797
"DC39","DC39","DC39_1",585.380255690749
"DC40","DC40","DC40_1",505.903872848672
"DC41","DC41","DC41_1",508.699721105814
"DC42","DC42","DC42_1",527.019439455096
"DC43","DC43","DC43_1",525.820085043998
"DC44","DC44","DC44_1",540.867038489585
"DC45","DC45","DC45_1",546.437178671883
"DC46","DC46","DC46_1",550.142576040499
"DC47","DC47","DC47_1",578.584822821988
"DC48","DC48","DC48_1",592.857990037104
"DC49","DC49","DC49_1",592.820040326006
"DC50","DC50","DC50_1",514.731589075964
"DC51","DC51","DC51_1",519.452237686008
"DC52","DC52","DC52_1",521.596305366618
"DC53","DC53","DC53_1",528.490544466138
"DC54","DC54","DC54_1",540.464394966676
"DC55","DC55","DC55_1",540.034776958879
"DC56","DC56","DC56_1",545.721617174944
"DC57","DC57","DC57_1",584.933458461318
"DC58","DC58","DC58_1",551.141904155457
"DC59","DC59","DC59_1",521.875610869832
"DC63","DC63","DC63_1",529.869592803465
"DC64","DC64","DC64_1",533.230280185556
"DC65","DC65","DC65_1",533.199943588893
"DC66","DC66","DC66_1",540.076131855445
"DC67","DC67","DC67_1",546.11289901445
"DC68","DC68","DC68_1",521.957291759081
"DC69","DC69","DC69_1",550.656215013795
"DC76","DC76","DC76_1",526.591590108881
"DC77","DC77","DC77_1",534.044297343747
"DC78","DC78","DC78_1",554.710569243689
"DC79","DC79","DC79_1",566.619165851918
"DC88","DC88","DC88_1",536.222279385556
"DC89","DC89","DC89_1",527.92297729717
"DD00","DD00","DD00_1",539.10489301592
"DD01","DD01","DD01_1",532.567479696078
"DD02","DD02","DD02_1",518.022820067464
"DD03","DD03","DD03_1",535.450017504178
"DD04","DD04","DD04_1",544.016578026332
"DD05","DD05","DD05_1",543.2818566233
"DD06","DD06","DD06_1",569.343905792164
"DD07","DD07","DD07_1",556.751008280926
"DD08","DD08","DD08_1",550.586100670331
"DD09","DD09","DD09_1",558.659945096969
"DD10","DD10","DD10_1",517.670398285804
"DD11","DD11","DD11_1",528.324270670571
"DD12","DD12","DD12_1",540.42734938391
"DD13","DD13","DD13_1",547.599760879471
"DD14","DD14","DD14_1",542.209719861495
"DD15","DD15","DD15_1",532.795465992078
"DD16","DD16","DD16_1",527.276951801842
"DD17","DD17","DD17_1",510.69649417949
"DD18","DD18","DD18_1",523.042161760137
"DD19","DD19","DD19_1",532.612314886514
"DD20","DD20","DD20_1",532.76611093304
"DD21","DD21","DD21_1",523.467417688312
"DD22","DD22","DD22_1",546.184274004174
"DD23","DD23","DD23_1",545.067692541924
"DD24","DD24","DD24_1",539.702944752668
"DD25","DD25","DD25_1",546.137187250546
"DD26","DD26","DD26_1",507.517391562501
"DD27","DD27","DD27_1",530.787815956229
"DD28","DD28","DD28_1",534.306043393548
"DD29","DD29","DD29_1",516.665191450072
"DD30","DD30","DD30_1",499.620351667288
"DD31","DD31","DD31_1",504.461006615834
"DD32","DD32","DD32_1",538.962394536407
"DD33","DD33","DD33_1",551.29615581487
"DD34","DD34","DD34_1",507.427832723927
"DD35","DD35","DD35_1",498.310433236177
"DD36","DD36","DD36_1",515.699520749338
"DD37","DD37","DD37_1",522.625664299911
"DD38","DD38","DD38_1",515.632321386802
"DD39","DD39","DD39_1",530.073909540483
"DD40","DD40","DD40_1",511.248802406777
"DD41","DD41","DD41_1",510.414833978714
"DD42","DD42","DD42_1",530.710158268679
"DD43","DD43","DD43_1",494.279156533459
"DD44","DD44","DD44_1",509.417370149224
"DD45","DD45","DD45_1",524.810938420872
"DD46","DD46","DD46_1",508.199845387943
"DD47","DD47","DD47_1",503.164590606462
"DD48","DD48","DD48_1",507.794267871536
"DD49","DD49","DD49_1",502.376206889527
"DD50","DD50","DD50_1",492.671964202324
"DD51","DD51","DD51_1",498.919049498181
"DD52","DD52","DD52_1",496.900485964266
"DD53","DD53","DD53_1",501.7952743855
"DD54","DD54","DD54_1",495.855923763378
"DD55","DD55","DD55_1",487.186493999318
"DD56","DD56","DD56_1",497.929930875497
"DD57","DD57","DD57_1",506.818789041445
"DD58","DD58","DD58_1",511.945397104835
"DD59","DD59","DD59_1",511.220542607703
"DD60","DD60","DD60_1",491.836963353102
"DD61","DD61","DD61_1",493.130115450391
"DD62","DD62","DD62_1",517.469518069495
"DD63","DD63","DD63_1",513.989892805775
"DD64","DD64","DD64_1",502.805378870558
"DD65","DD65","DD65_1",501.170405820109
"DD66","DD66","DD66_1",499.871229035158
"DD67","DD67","DD67_1",508.38829912627
"DD70","DD70","DD70_1",513.281493444476
"DD71","DD71","DD71_1",507.566887113709
"DD72","DD72","DD72_1",496.666805601668
"DD73","DD73","DD73_1",479.637950492361
"DD80","DD80","DD80_1",510.864890921184
"DD81","DD81","DD81_1",493.954375471398
"DD82","DD82","DD82_1",504.653301430755
"DD90","DD90","DD90_1",492.885927008421
"DD91","DD91","DD91_1",494.242904999972
"DD92","DD92","DD92_1",489.889729792462
"DD93","DD93","DD93_1",457.636871789989
"DE00","DE00","DE00_1",608.807231905863
"DE01","DE01","DE01_1",540.183469049405
"DE02","DE02","DE02_1",574.798184910647
"DE03","DE03","DE03_1",576.047637597316
"DE04","DE04","DE04_1",551.448611775028
"DE05","DE05","DE05_1",555.068008386068
"DE06","DE06","DE06_1",549.875644207458
"DE07","DE07","DE07_1",563.521367708
"DE08","DE08","DE08_1",574.19046862279
"DE09","DE09","DE09_1",521.994283133781
"DE10","DE10","DE10_1",580.11437062756
"DE11","DE11","DE11_1",501.20999558922
"DE12","DE12","DE12_1",566.102804098938
"DE13","DE13","DE13_1",559.51508682126
"DE14","DE14","DE14_1",511.879628754981
"DE15","DE15","DE15_1",553.083585838004
"DE16","DE16","DE16_1",551.833094341452
"DE17","DE17","DE17_1",551.770827467565
"DE18","DE18","DE18_1",507.489177453401
"DE19","DE19","DE19_1",526.872178899587
"DE20","DE20","DE20_1",524.925604564418
"DE21","DE21","DE21_1",545.139677934782
"DE22","DE22","DE22_1",555.764435254629
"DE23","DE23","DE23_1",510.440621766017
"DE24","DE24","DE24_1",497.777426661466
"DE25","DE25","DE25_1",531.745867816649
"DE26","DE26","DE26_1",532.587423519862
"DE27","DE27","DE27_1",522.367363640807
"DE28","DE28","DE28_1",498.209004678018
"DE29","DE29","DE29_1",537.528777440055
"DE30","DE30","DE30_1",514.971424846123
"DE31","DE31","DE31_1",533.765070503424
"DE32","DE32","DE32_1",496.129194834019
"DE33","DE33","DE33_1",519.662964316381
"DE34","DE34","DE34_1",500.107831819
"DE35","DE35","DE35_1",541.860904169195
"DE36","DE36","DE36_1",505.367696882507
"DE37","DE37","DE37_1",509.797422430225
"DE38","DE38","DE38_1",523.266956705058
"DE39","DE39","DE39_1",526.501528175172
"DE40","DE40","DE40_1",463.856169511534
"DE41","DE41","DE41_1",470.500296896929
"DE42","DE42","DE42_1",486.731499056045
"DE43","DE43","DE43_1",507.514525180195
"DE44","DE44","DE44_1",481.454758305986
"DE45","DE45","DE45_1",524.824674962389
"DE46","DE46","DE46_1",521.280424516127
"DE47","DE47","DE47_1",509.018792275827
"DE48","DE48","DE48_1",533.104728229585
"DE49","DE49","DE49_1",498.933346868604
"DE50","DE50","DE50_1",460.504867061006
"DE51","DE51","DE51_1",459.986447130663
"DE52","DE52","DE52_1",473.700876577965
"DE53","DE53","DE53_1",473.42443380451
"DE54","DE54","DE54_1",454.852754876547
"DE55","DE55","DE55_1",470.140087882303
"DE56","DE56","DE56_1",491.965797097987
"DE57","DE57","DE57_1",539.04943442679
"DE58","DE58","DE58_1",496.289438120759
"DE59","DE59","DE59_1",488.638434165776
"DE65","DE65","DE65_1",478.48170138801
"DE66","DE66","DE66_1",478.629652034395
"DE67","DE67","DE67_1",488.658069349406
"DE68","DE68","DE68_1",476.272742230467
"DE69","DE69","DE69_1",501.570672789504
"DE70","DE70","DE70_1",444.599510549427
"DE75","DE75","DE75_1",494.63588092294
"DE76","DE76","DE76_1",466.352161510561
"DE77","DE77","DE77_1",474.815042949263
"DE78","DE78","DE78_1",510.60690184855
"DE79","DE79","DE79_1",470.65357351604
"DE80","DE80","DE80_1",437.898891291097
"DE83","DE83","DE83_1",485.712291589039
"DE84","DE84","DE84_1",487.793626076374
"DE85","DE85","DE85_1",489.211437157188
"DE86","DE86","DE86_1",508.474030944504
"DE87","DE87","DE87_1",490.334338064456
"DE88","DE88","DE88_1",482.124817770039
"DE89","DE89","DE89_1",470.376930230332
"DE90","DE90","DE90_1",437.864970961906
"DE91","DE91","DE91_1",439.308928082235
"DE93","DE93","DE93_1",463.223135533798
"DE94","DE94","DE94_1",446.828875356974
"DE95","DE95","DE95_1",469.403222714991
"DE96","DE96","DE96_1",474.808530347872
"DE97","DE97","DE97_1",477.301470900643
"DE98","DE98","DE98_1",468.300498475809
"DE99","DE99","DE99_1",474.791155284771
"DF00","DF00","DF00_1",552.142165890647
"DF01","DF01","DF01_1",559.616886349536
"DF02","DF02","DF02_1",551.847097757294
"DF04","DF04","DF04_1",595.955014989075
"DF05","DF05","DF05_1",585.934998443662
"DF06","DF06","DF06_1",571.054422679683
"DF07","DF07","DF07_1",551.073618207681
"DF08","DF08","DF08_1",538.607195894492
"DF09","DF09","DF09_1",591.819121657267
"DF10","DF10","DF10_1",522.721190586576
"DF14","DF14","DF14_1",554.616357472744
"DF15","DF15","DF15_1",559.780661992622
"DF16","DF16","DF16_1",523.524605390906
"DF17","DF17","DF17_1",507.616358775333
"DF18","DF18","DF18_1",558.281096133976
"DF19","DF19","DF19_1",587.306295504928
"DF20","DF20","DF20_1",504.142855333595
"DF21","DF21","DF21_1",498.084070021454
"DF24","DF24","DF24_1",520.692710498958
"DF25","DF25","DF25_1",487.727435247099
"DF26","DF26","DF26_1",500.948937589458
"DF27","DF27","DF27_1",492.481697557628
"DF28","DF28","DF28_1",520.559880005105
"DF29","DF29","DF29_1",561.80856210267
"DF30","DF30","DF30_1",507.990368225093
"DF31","DF31","DF31_1",485.149874752543
"DF32","DF32","DF32_1",478.598663330078
"DF36","DF36","DF36_1",494.193893490725
"DF37","DF37","DF37_1",489.13017482391
"DF38","DF38","DF38_1",508.189919157046
"DF39","DF39","DF39_1",520.479472446818
"DF40","DF40","DF40_1",498.837282907465
"DF41","DF41","DF41_1",470.771424494382
"DF42","DF42","DF42_1",472.561756830681
"DF43","DF43","DF43_1",488.187206707186
"DF47","DF47","DF47_1",483.591705521025
"DF48","DF48","DF48_1",485.365813758013
"DF49","DF49","DF49_1",483.917556188675
"DF50","DF50","DF50_1",477.772586800043
"DF51","DF51","DF51_1",458.057001729611
"DF52","DF52","DF52_1",464.206558001521
"DF55","DF55","DF55_1",462.754590692336
"DF58","DF58","DF58_1",466.198853072095
"DF59","DF59","DF59_1",469.494793815804
"DF60","DF60","DF60_1",462.300670505775
"DF61","DF61","DF61_1",457.554802116946
"DF62","DF62","DF62_1",449.977149112775
"DF65","DF65","DF65_1",452.605610472479
"DF66","DF66","DF66_1",448.139184934539
"DF69","DF69","DF69_1",454.430582895101
"DF70","DF70","DF70_1",451.6637227193
"DF71","DF71","DF71_1",441.904570055771
"DF72","DF72","DF72_1",440.071449600619
"DF80","DF80","DF80_1",452.073081037222
"DF81","DF81","DF81_1",444.728022187861
"DF90","DF90","DF90_1",452.57311397597
"DF91","DF91","DF91_1",447.386017990852
"DF96","DF96","DF96_1",426.912889440415
"DF97","DF97","DF97_1",437.144377355685
"DF98","DF98","DF98_1",416.417802336847
"DG00","DG00","DG00_1",547.23060310548
"DG05","DG05","DG05_1",545.393428185665
"DG06","DG06","DG06_1",545.300772786251
"DG07","DG07","DG07_1",548.70586351553
"DG08","DG08","DG08_1",550.339600169556
"DG09","DG09","DG09_1",558.475515558777
"DG14","DG14","DG14_1",556.710318959712
"DG15","DG15","DG15_1",552.33348212069
"DG16","DG16","DG16_1",531.993108935199
"DG17","DG17","DG17_1",548.215448732288
"DG18","DG18","DG18_1",541.015419995869
"DG19","DG19","DG19_1",542.61593774886
"DG21","DG21","DG21_1",538.078632901283
"DG22","DG22","DG22_1",528.82734908734
"DG23","DG23","DG23_1",525.273457630853
"DG24","DG24","DG24_1",553.821211718281
"DG25","DG25","DG25_1",540.952969193563
"DG26","DG26","DG26_1",544.342584453121
"DG27","DG27","DG27_1",549.674466099972
"DG28","DG28","DG28_1",516.721430756879
"DG29","DG29","DG29_1",497.146650259392
"DG30","DG30","DG30_1",539.477020795452
"DG31","DG31","DG31_1",522.336023397248
"DG32","DG32","DG32_1",513.963723351486
"DG33","DG33","DG33_1",529.150661125587
"DG34","DG34","DG34_1",544.076753116383
"DG35","DG35","DG35_1",545.999360184129
"DG36","DG36","DG36_1",524.929323865376
"DG37","DG37","DG37_1",511.643911867806
"DG38","DG38","DG38_1",519.131793192956
"DG39","DG39","DG39_1",501.048848755291
"DG40","DG40","DG40_1",514.706027407722
"DG41","DG41","DG41_1",531.544183318775
"DG42","DG42","DG42_1",518.466201056828
"DG43","DG43","DG43_1",542.244618396885
"DG44","DG44","DG44_1",507.29359626042
"DG45","DG45","DG45_1",505.512584843768
"DG46","DG46","DG46_1",509.667607716058
"DG47","DG47","DG47_1",522.119361277037
"DG48","DG48","DG48_1",494.018203659112
"DG49","DG49","DG49_1",479.944170447877
"DG50","DG50","DG50_1",504.831688471162
"DG51","DG51","DG51_1",502.692977227472
"DG52","DG52","DG52_1",556.126302974459
"DG53","DG53","DG53_1",510.713955844944
"DG54","DG54","DG54_1",481.989008709723
"DG55","DG55","DG55_1",475.693745323013
"DG56","DG56","DG56_1",486.934170717925
"DG57","DG57","DG57_1",492.636445222656
"DG58","DG58","DG58_1",446.332418590112
"DG59","DG59","DG59_1",462.718547432722
"DG60","DG60","DG60_1",509.035204331734
"DG61","DG61","DG61_1",544.809740952744
"DG62","DG62","DG62_1",491.580338186494
"DG63","DG63","DG63_1",470.531251191157
"DG64","DG64","DG64_1",484.555187507239
"DG65","DG65","DG65_1",490.090718212593
"DG66","DG66","DG66_1",479.728181500413
"DG67","DG67","DG67_1",471.769817297814
"DG68","DG68","DG68_1",450.66340829672
"DG69","DG69","DG69_1",465.477468590496
"DG70","DG70","DG70_1",495.382956000624
"DG71","DG71","DG71_1",510.23180700638
"DG72","DG72","DG72_1",486.108423436132
"DG73","DG73","DG73_1",491.316074672159
"DG74","DG74","DG74_1",505.571681075995
"DG75","DG75","DG75_1",506.856435280419
"DG76","DG76","DG76_1",486.314112201645
"DG77","DG77","DG77_1",464.096455072576
"DG78","DG78","DG78_1",460.577142575735
"DG79","DG79","DG79_1",458.539491527954
"DG80","DG80","DG80_1",505.799927287825
"DG81","DG81","DG81_1",514.666608561274
"DG82","DG82","DG82_1",500.122575687588
"DG83","DG83","DG83_1",512.974209455013
"DG84","DG84","DG84_1",517.262244253082
"DG85","DG85","DG85_1",504.945846487428
"DG86","DG86","DG86_1",479.849242975718
"DG87","DG87","DG87_1",467.299695717175
"DG88","DG88","DG88_1",461.50102462983
"DG89","DG89","DG89_1",458.942529811113
"DG90","DG90","DG90_1",506.07716193884
"DG91","DG91","DG91_1",520.275188585304
"DG92","DG92","DG92_1",509.913673712392
"DG93","DG93","DG93_1",524.207277067778
"DG94","DG94","DG94_1",497.318284595582
"DG95","DG95","DG95_1",479.1239284967
"DG96","DG96","DG96_1",466.794020287264
"DG97","DG97","DG97_1",462.191737665171
"DG98","DG98","DG98_1",465.381930113726
"DG99","DG99","DG99_1",465.133105267545
"DH06","DH06","DH06_1",580.84828659434
"DH07","DH07","DH07_1",559.355966153498
"DH08","DH08","DH08_1",570.78765896165
"DH09","DH09","DH09_1",592.889421623908
"DH16","DH16","DH16_1",558.220259621543
"DH17","DH17","DH17_1",569.433998755264
"DH18","DH18","DH18_1",567.713282700773
"DH19","DH19","DH19_1",540.909266316849
"DH25","DH25","DH25_1",545.062948727253
"DH26","DH26","DH26_1",556.150980321112
"DH27","DH27","DH27_1",574.30127839839
"DH28","DH28","DH28_1",551.226437375813
"DH29","DH29","DH29_1",519.096493741433
"DH36","DH36","DH36_1",526.138824554611
"DH37","DH37","DH37_1",518.440918515233
"DH38","DH38","DH38_1",481.32799291276
"DH49","DH49","DH49_1",516.742956010729
"DH57","DH57","DH57_1",503.309815444592
"DH58","DH58","DH58_1",504.303194743689
"DH59","DH59","DH59_1",497.480422979829
"DH66","DH66","DH66_1",533.077600269883
"DH67","DH67","DH67_1",510.29736117284
"DH69","DH69","DH69_1",492.716700236664
"DH75","DH75","DH75_1",515.513032902838
"DH76","DH76","DH76_1",498.748222367025
"DH77","DH77","DH77_1",463.730052604845
"DH78","DH78","DH78_1",479.969308645679
"DH79","DH79","DH79_1",486.613088971579
"DH85","DH85","DH85_1",490.513621052618
"DH86","DH86","DH86_1",466.227340984682
"DH87","DH87","DH87_1",465.798504885524
"DH88","DH88","DH88_1",477.649806029236
"DH89","DH89","DH89_1",478.478407200946
"DH95","DH95","DH95_1",476.802330139804
"DH96","DH96","DH96_1",468.033223532584
"DH97","DH97","DH97_1",470.010064138418
"DH98","DH98","DH98_1",475.789347350054
"DH99","DH99","DH99_1",479.76461164578
"EB01","EB01","EB01_1",506.967722669154
"EB02","EB02","EB02_1",498.249856895439
"EB03","EB03","EB03_1",508.474690868679
"EB04","EB04","EB04_1",510.101650659948
"EB05","EB05","EB05_1",509.03613504173
"EB06","EB06","EB06_1",497.742996875334
"EB07","EB07","EB07_1",504.542959615999
"EB08","EB08","EB08_1",507.54177520664
"EB09","EB09","EB09_1",496.14254298359
"EB10","EB10","EB10_1",499.889243384464
"EB11","EB11","EB11_1",496.774186554276
"EB12","EB12","EB12_1",499.470500079086
"EB13","EB13","EB13_1",495.94407531287
"EB14","EB14","EB14_1",495.030755443934
"ED00","ED00","ED00_1",486.057405764234
"ED01","ED01","ED01_1",474.373318358564
"ED02","ED02","ED02_1",471.480878187471
"ED03","ED03","ED03_1",460.946699799061
"ED10","ED10","ED10_1",471.163964313804
"ED11","ED11","ED11_1",484.61997746112
"ED12","ED12","ED12_1",484.478936726124
"ED13","ED13","ED13_1",475.263320636514
"ED20","ED20","ED20_1",451.078616101347
"ED21","ED21","ED21_1",470.191171772413
"ED22","ED22","ED22_1",456.2283809961
"ED23","ED23","ED23_1",444.506284400398
"ED30","ED30","ED30_1",450.404200964945
"ED31","ED31","ED31_1",460.644286129433
"ED32","ED32","ED32_1",447.660291282684
"ED41","ED41","ED41_1",453.394623768008
"EE04","EE04","EE04_1",454.166040737668
"EE05","EE05","EE05_1",471.734538006656
"EE06","EE06","EE06_1",469.395698919624
"EE07","EE07","EE07_1",447.873947682678
"EE08","EE08","EE08_1",472.401102443582
"EE09","EE09","EE09_1",456.845913790591
"EE14","EE14","EE14_1",444.632686785623
"EE15","EE15","EE15_1",459.850889005139
"EE16","EE16","EE16_1",444.91384874409
"EE17","EE17","EE17_1",462.182235364115
"EE18","EE18","EE18_1",464.552087979675
"EE19","EE19","EE19_1",467.545666190917
"EE20","EE20","EE20_1",411.153759337453
"EE24","EE24","EE24_1",435.796316964286
"EE26","EE26","EE26_1",447.600653288544
"EE27","EE27","EE27_1",463.502836824546
"EE28","EE28","EE28_1",457.988391611738
"EE29","EE29","EE29_1",471.376804560072
"EE38","EE38","EE38_1",450.881578657362
"EE39","EE39","EE39_1",440.688801331082
"EE81","EE81","EE81_1",427.164467395846
"EE90","EE90","EE90_1",443.292472014987
"EE91","EE91","EE91_1",435.01888111013
"EF00","EF00","EF00_1",452.08765438803
"EF01","EF01","EF01_1",444.242832272447
"EF02","EF02","EF02_1",433.624732487203
"EF06","EF06","EF06_1",416.150065612346
"EF07","EF07","EF07_1",409.414694524205
"EF08","EF08","EF08_1",408.057057846806
"EF09","EF09","EF09_1",411.912215504861
"EF10","EF10","EF10_1",452.76359471166
"EF11","EF11","EF11_1",441.108277701255
"EF19","EF19","EF19_1",408.88774460855
"EF20","EF20","EF20_1",434.055664853333
"EF35","EF35","EF35_1",422.655921833182
"EF44","EF44","EF44_1",421.596701394916
"EF45","EF45","EF45_1",427.962029776075
"EF53","EF53","EF53_1",429.434885635833
"EF54","EF54","EF54_1",432.203954911107
"EF55","EF55","EF55_1",419.677480176132
"EF60","EF60","EF60_1",431.423616147174
"EF61","EF61","EF61_1",429.432187851974
"EF63","EF63","EF63_1",436.622249599902
"EF64","EF64","EF64_1",423.522552048375
"EF65","EF65","EF65_1",404.578509506595
"EF66","EF66","EF66_1",407.298614380669
"EF68","EF68","EF68_1",417.934167511085
"EF69","EF69","EF69_1",414.038765877684
"EF70","EF70","EF70_1",442.348226231668
"EF71","EF71","EF71_1",432.342262240838
"EF72","EF72","EF72_1",444.805294568802
"EF73","EF73","EF73_1",445.346569911205
"EF74","EF74","EF74_1",426.653002487026
"EF75","EF75","EF75_1",410.682075854542
"EF76","EF76","EF76_1",415.137923971232
"EF78","EF78","EF78_1",418.442006672633
"EF79","EF79","EF79_1",413.464446646781
"EF80","EF80","EF80_1",444.994172162584
"EF81","EF81","EF81_1",435.577980715181
"EF82","EF82","EF82_1",433.924038731487
"EF83","EF83","EF83_1",451.165841996539
"EF84","EF84","EF84_1",414.973655748577
"EF85","EF85","EF85_1",429.837577770971
"EF86","EF86","EF86_1",429.527338587732
"EF87","EF87","EF87_1",430.15731413552
"EF90","EF90","EF90_1",458.484285294043
"EF91","EF91","EF91_1",469.258983603392
"EF92","EF92","EF92_1",465.933590812929
"EF93","EF93","EF93_1",441.356022351735
"EF94","EF94","EF94_1",466.19671308961
"EF95","EF95","EF95_1",448.480506969754
"EF96","EF96","EF96_1",432.635504805059
"EF97","EF97","EF97_1",470.117285026659
"EF98","EF98","EF98_1",428.893682737482
"EG00","EG00","EG00_1",486.395897174066
"EG01","EG01","EG01_1",505.687034788234
"EG02","EG02","EG02_1",502.19415518604
"EG03","EG03","EG03_1",505.67233325442
"EG04","EG04","EG04_1",474.132270348459
"EG05","EG05","EG05_1",464.842535283141
"EG06","EG06","EG06_1",456.41461418227
"EG07","EG07","EG07_1",465.412280495041
"EG08","EG08","EG08_1",465.828638604743
"EG09","EG09","EG09_1",456.842003278021
"EG10","EG10","EG10_1",478.123173956987
"EG11","EG11","EG11_1",484.084505920159
"EG12","EG12","EG12_1",472.099686957202
"EG13","EG13","EG13_1",474.192283934347
"EG14","EG14","EG14_1",455.458214006664
"EG15","EG15","EG15_1",451.461106539313
"EG16","EG16","EG16_1",444.828382834258
"EG17","EG17","EG17_1",459.49018132176
"EG18","EG18","EG18_1",451.440288200264
"EG19","EG19","EG19_1",455.396496052044
"EG21","EG21","EG21_1",444.954700413543
"EG22","EG22","EG22_1",442.131997455077
"EG23","EG23","EG23_1",437.921351751137
"EG24","EG24","EG24_1",443.654194932901
"EG25","EG25","EG25_1",437.010732326201
"EG26","EG26","EG26_1",453.901197567487
"EG27","EG27","EG27_1",452.373525149096
"EG30","EG30","EG30_1",471.753657317026
"EG31","EG31","EG31_1",465.139886205043
"EG33","EG33","EG33_1",430.02768078428
"EG34","EG34","EG34_1",436.342122452306
"EG35","EG35","EG35_1",442.223314634729
"EG36","EG36","EG36_1",440.607305148236
"EG40","EG40","EG40_1",462.801707697966
"EG41","EG41","EG41_1",464.146445127829
"EG42","EG42","EG42_1",458.069719972253
"EG44","EG44","EG44_1",449.11058569428
"EG46","EG46","EG46_1",443.455292498432
"EG67","EG67","EG67_1",439.441736703374
"EG72","EG72","EG72_1",449.141027349228
"EG73","EG73","EG73_1",445.998345989645
"EG74","EG74","EG74_1",444.791854094236
"EG76","EG76","EG76_1",445.309342451832
"EG77","EG77","EG77_1",437.361936629564
"EG78","EG78","EG78_1",438.618670704878
"EG79","EG79","EG79_1",448.332258456754
"EG83","EG83","EG83_1",444.625682105532
"EG84","EG84","EG84_1",444.734539009795
"EG85","EG85","EG85_1",453.222287020705
"EG86","EG86","EG86_1",452.153420603279
"EG87","EG87","EG87_1",438.557251533127
"EG88","EG88","EG88_1",439.908783341323
"EG89","EG89","EG89_1",450.057964267107
"EG93","EG93","EG93_1",442.323755895124
"EG94","EG94","EG94_1",448.138426595503
"EG95","EG95","EG95_1",454.78592391882
"EG96","EG96","EG96_1",444.334959101657
"EG97","EG97","EG97_1",467.841565900101
"EG98","EG98","EG98_1",467.113763438679
"EG99","EG99","EG99_1",453.19074423663
"EH05","EH05","EH05_1",473.173293507606
"EH06","EH06","EH06_1",467.871786385727
"EH07","EH07","EH07_1",467.528367658108
"EH08","EH08","EH08_1",475.063802335167
"EH09","EH09","EH09_1",490.05069328766
"EH13","EH13","EH13_1",480.32431438368
"EH14","EH14","EH14_1",481.038985061983
"EH15","EH15","EH15_1",479.33764906796
"EH16","EH16","EH16_1",462.787850067639
"EH17","EH17","EH17_1",464.167959626671
"EH18","EH18","EH18_1",464.005851232899
"EH19","EH19","EH19_1",458.829140110059
"EH23","EH23","EH23_1",477.900160912469
"EH24","EH24","EH24_1",472.728107736025
"EH25","EH25","EH25_1",466.197842001161
"EH26","EH26","EH26_1",471.303054421844
"EH27","EH27","EH27_1",478.198170109417
"EH28","EH28","EH28_1",473.257009493695
"EH36","EH36","EH36_1",450.663653350756
"EH37","EH37","EH37_1",452.51239122025
"EH38","EH38","EH38_1",459.846700184257
"EH39","EH39","EH39_1",466.682430239766
"EH49","EH49","EH49_1",447.792615734422
"EH54","EH54","EH54_1",454.448555244206
"EH55","EH55","EH55_1",455.527159323353
"EH56","EH56","EH56_1",454.549767288726
"EH57","EH57","EH57_1",453.789566534466
"EH63","EH63","EH63_1",457.99399605902
"EH64","EH64","EH64_1",454.919817602786
"EH65","EH65","EH65_1",454.62498539704
"EH66","EH66","EH66_1",460.375113597037
"EH67","EH67","EH67_1",458.802446724999
"EH68","EH68","EH68_1",450.85335964955
"EH73","EH73","EH73_1",457.420812301086
"EH74","EH74","EH74_1",454.695114237038
"EH75","EH75","EH75_1",455.636602708266
"EH76","EH76","EH76_1",460.222888382669
"EH77","EH77","EH77_1",453.267993989954
"EH78","EH78","EH78_1",449.807561390592
"EH83","EH83","EH83_1",455.685085607837
"EH84","EH84","EH84_1",455.620791242718
"EH85","EH85","EH85_1",458.933700327828
"EH86","EH86","EH86_1",460.625607341395
"EH87","EH87","EH87_1",461.390865162914
"EH88","EH88","EH88_1",450.696396901632
"EH92","EH92","EH92_1",456.696144304622
"EH93","EH93","EH93_1",458.12037725341
"EH94","EH94","EH94_1",463.696552890813
"EH95","EH95","EH95_1",465.410290627205
"EH96","EH96","EH96_1",463.574136509058
"EH97","EH97","EH97_1",457.634936684806
"EH98","EH98","EH98_1",450.3760471042
"FD01","FD01","FD01_1",534.188130134277
"FD02","FD02","FD02_1",522.967271565369
"FD03","FD03","FD03_1",510.801986671281
"FE00","FE00","FE00_1",437.308622477658
"FE10","FE10","FE10_1",449.056171851996
"FE20","FE20","FE20_1",437.438425408743
"FE30","FE30","FE30_1",432.914124607585
"FE36","FE36","FE36_1",469.891086578369
"FE40","FE40","FE40_1",448.128805481006
"FE41","FE41","FE41_1",447.454898583113
"FE50","FE50","FE50_1",468.57458906935
"FE51","FE51","FE51_1",465.563048183254
"FE60","FE60","FE60_1",464.84161261863
"FE61","FE61","FE61_1",461.324306473432
"FE62","FE62","FE62_1",462.316418950167
"FE70","FE70","FE70_1",465.737714915706
"FE71","FE71","FE71_1",471.651169100529
"FE72","FE72","FE72_1",468.094496228207
"FE73","FE73","FE73_1",473.046185734661
"FE80","FE80","FE80_1",470.406465301664
"FE81","FE81","FE81_1",459.888648971947
"FE82","FE82","FE82_1",476.337201442846
"FE83","FE83","FE83_1",482.584573803005
"FE90","FE90","FE90_1",476.113692671399
"FE91","FE91","FE91_1",474.532460556678
"FE92","FE92","FE92_1",494.65673022612
"FE93","FE93","FE93_1",474.117764166501
"FE94","FE94","FE94_1",481.84344901145
"FF00","FF00","FF00_1",451.426469046364
"FF01","FF01","FF01_1",457.860386285471
"FF02","FF02","FF02_1",440.97255774676
"FF03","FF03","FF03_1",466.85472841715
"FF04","FF04","FF04_1",428.4389517989
"FF05","FF05","FF05_1",417.780770749141
"FF06","FF06","FF06_1",437.134530675599
"FF07","FF07","FF07_1",449.903786724592
"FF08","FF08","FF08_1",448.574699722398
"FF10","FF10","FF10_1",457.213260710933
"FF11","FF11","FF11_1",455.912790048217
"FF12","FF12","FF12_1",450.106458225805
"FF13","FF13","FF13_1",460.198012284313
"FF14","FF14","FF14_1",429.878175998826
"FF15","FF15","FF15_1",440.247453579648
"FF16","FF16","FF16_1",428.029004957752
"FF17","FF17","FF17_1",458.373905699194
"FF18","FF18","FF18_1",436.736980775232
"FF19","FF19","FF19_1",439.084385459867
"FF20","FF20","FF20_1",458.019480160066
"FF21","FF21","FF21_1",462.618371386775
"FF22","FF22","FF22_1",455.526687833221
"FF23","FF23","FF23_1",464.870249826037
"FF24","FF24","FF24_1",437.845497068738
"FF25","FF25","FF25_1",441.445572721553
"FF26","FF26","FF26_1",442.512849852427
"FF27","FF27","FF27_1",469.215878515857
"FF28","FF28","FF28_1",436.18114081318
"FF29","FF29","FF29_1",453.341704904589
"FF30","FF30","FF30_1",468.771377930854
"FF31","FF31","FF31_1",466.764371260061
"FF32","FF32","FF32_1",465.350711175578
"FF33","FF33","FF33_1",489.861135697547
"FF34","FF34","FF34_1",450.953757294372
"FF35","FF35","FF35_1",455.670402861391
"FF36","FF36","FF36_1",462.906530194933
"FF37","FF37","FF37_1",437.402275445273
"FF38","FF38","FF38_1",462.432446960263
"FF39","FF39","FF39_1",437.424612782121
"FF40","FF40","FF40_1",465.221023344172
"FF41","FF41","FF41_1",487.55122938462
"FF42","FF42","FF42_1",469.700493856241
"FF43","FF43","FF43_1",462.556464939452
"FF44","FF44","FF44_1",444.470259884432
"FF45","FF45","FF45_1",451.330277859006
"FF46","FF46","FF46_1",446.409352769338
"FF47","FF47","FF47_1",449.468305209122
"FF48","FF48","FF48_1",432.392649931672
"FF49","FF49","FF49_1",445.148600092404
"FF50","FF50","FF50_1",493.671969541495
"FF51","FF51","FF51_1",512.298626149696
"FF52","FF52","FF52_1",493.734070356414
"FF53","FF53","FF53_1",468.949805284608
"FF54","FF54","FF54_1",460.446930304608
"FF55","FF55","FF55_1",457.210841601172
"FF56","FF56","FF56_1",460.642965448455
"FF57","FF57","FF57_1",452.872237464207
"FF60","FF60","FF60_1",488.696910361018
"FF61","FF61","FF61_1",498.503853646698
"FF62","FF62","FF62_1",468.821447678655
"FF63","FF63","FF63_1",472.638133371172
"FF64","FF64","FF64_1",452.756127587936
"FF65","FF65","FF65_1",464.814023426578
"FF66","FF66","FF66_1",485.132147064021
"FF67","FF67","FF67_1",473.659648864895
"FF68","FF68","FF68_1",450.826092666043
"FF69","FF69","FF69_1",471.114114344657
"FF70","FF70","FF70_1",484.337443350876
"FF71","FF71","FF71_1",474.927891684437
"FF72","FF72","FF72_1",450.087404780304
"FF73","FF73","FF73_1",453.252556534856
"FF74","FF74","FF74_1",444.253527413599
"FF75","FF75","FF75_1",454.092859481562
"FF76","FF76","FF76_1",460.825421638213
"FF77","FF77","FF77_1",455.377636803879
"FF78","FF78","FF78_1",473.041712344891
"FF79","FF79","FF79_1",464.196225746527
"FF80","FF80","FF80_1",482.295917595417
"FF81","FF81","FF81_1",476.956827903756
"FF82","FF82","FF82_1",472.139043604488
"FF83","FF83","FF83_1",491.768863317893
"FF84","FF84","FF84_1",464.474288166888
"FF85","FF85","FF85_1",464.638947917719
"FF86","FF86","FF86_1",467.509885436689
"FF87","FF87","FF87_1",464.886927782714
"FF88","FF88","FF88_1",470.079100494751
"FF89","FF89","FF89_1",475.822583684638
"FF90","FF90","FF90_1",465.750897131313
"FF91","FF91","FF91_1",468.941473462475
"FF92","FF92","FF92_1",487.316313837237
"FF93","FF93","FF93_1",498.559413998697
"FF94","FF94","FF94_1",476.991102885258
"FF95","FF95","FF95_1",478.610876550643
"FF96","FF96","FF96_1",481.918802674303
"FF97","FF97","FF97_1",490.455933713989
"FF98","FF98","FF98_1",487.76348996841
"FF99","FF99","FF99_1",478.185922470415
"FG00","FG00","FG00_1",452.452414061683
"FG03","FG03","FG03_1",446.742105370513
"FG04","FG04","FG04_1",449.709848819245
"FG05","FG05","FG05_1",456.736984343456
"FG06","FG06","FG06_1",466.359444502117
"FG07","FG07","FG07_1",462.125725661737
"FG08","FG08","FG08_1",466.191075465332
"FG09","FG09","FG09_1",446.058041537461
"FG13","FG13","FG13_1",451.809085089756
"FG14","FG14","FG14_1",465.589027287547
"FG15","FG15","FG15_1",463.192040496557
"FG16","FG16","FG16_1",467.537905742673
"FG17","FG17","FG17_1",474.187216815049
"FG18","FG18","FG18_1",470.033359319581
"FG19","FG19","FG19_1",472.768509119201
"FG23","FG23","FG23_1",466.879730420448
"FG24","FG24","FG24_1",461.259111800757
"FG25","FG25","FG25_1",466.46282818436
"FG26","FG26","FG26_1",474.109471550339
"FG27","FG27","FG27_1",449.235964494961
"FG28","FG28","FG28_1",458.933901152144
"FG29","FG29","FG29_1",449.451394377618
"FG31","FG31","FG31_1",463.259597779831
"FG33","FG33","FG33_1",466.046522635067
"FG34","FG34","FG34_1",466.182870538839
"FG35","FG35","FG35_1",472.983801413746
"FG36","FG36","FG36_1",465.82677420859
"FG37","FG37","FG37_1",464.277509362823
"FG38","FG38","FG38_1",471.87933785027
"FG39","FG39","FG39_1",460.973841071741
"FG41","FG41","FG41_1",467.759934692375
"FG42","FG42","FG42_1",468.67412476413
"FG43","FG43","FG43_1",467.734263743879
"FG44","FG44","FG44_1",473.07900521456
"FG45","FG45","FG45_1",470.033589882375
"FG46","FG46","FG46_1",466.220382737008
"FG47","FG47","FG47_1",489.211735379853
"FG48","FG48","FG48_1",464.352147445934
"FG49","FG49","FG49_1",478.147327393806
"FG50","FG50","FG50_1",472.36429981639
"FG51","FG51","FG51_1",469.784744436616
"FG52","FG52","FG52_1",469.763732523672
"FG53","FG53","FG53_1",479.094334552597
"FG54","FG54","FG54_1",497.529672717563
"FG55","FG55","FG55_1",508.31404767252
"FG56","FG56","FG56_1",487.813730426709
"FG57","FG57","FG57_1",483.579711686337
"FG58","FG58","FG58_1",486.812654230441
"FG59","FG59","FG59_1",488.247038299555
"FG60","FG60","FG60_1",475.723492867039
"FG61","FG61","FG61_1",473.745937384226
"FG62","FG62","FG62_1",497.66803045784
"FG63","FG63","FG63_1",495.990239426141
"FG64","FG64","FG64_1",509.941671700901
"FG65","FG65","FG65_1",494.761409473296
"FG66","FG66","FG66_1",472.67778968178
"FG67","FG67","FG67_1",475.583785790177
"FG68","FG68","FG68_1",484.24068767508
"FG69","FG69","FG69_1",482.913278234501
"FG70","FG70","FG70_1",492.13626661497
"FG71","FG71","FG71_1",514.7744936439
"FG72","FG72","FG72_1",485.429651118652
"FG73","FG73","FG73_1",500.456849493253
"FG74","FG74","FG74_1",548.922480804442
"FG75","FG75","FG75_1",511.774216183791
"FG76","FG76","FG76_1",492.837894336006
"FG77","FG77","FG77_1",496.172844099169
"FG78","FG78","FG78_1",499.389515331496
"FG79","FG79","FG79_1",483.732921101998
"FG80","FG80","FG80_1",511.44877684038
"FG81","FG81","FG81_1",484.023511635922
"FG82","FG82","FG82_1",465.139489980996
"FG83","FG83","FG83_1",472.154491768221
"FG84","FG84","FG84_1",505.639039245692
"FG85","FG85","FG85_1",463.526653947318
"FG86","FG86","FG86_1",476.705949458661
"FG87","FG87","FG87_1",480.105572999999
"FG88","FG88","FG88_1",493.916368162021
"FG89","FG89","FG89_1",495.526093095169
"FG90","FG90","FG90_1",467.961334491194
"FG91","FG91","FG91_1",464.17168322235
"FG92","FG92","FG92_1",465.27269024756
"FG93","FG93","FG93_1",475.164761715498
"FG94","FG94","FG94_1",469.944611706868
"FG95","FG95","FG95_1",473.056073422694
"FG96","FG96","FG96_1",468.400519719062
"FG97","FG97","FG97_1",470.308563344106
"FG98","FG98","FG98_1",478.879700993298
"FG99","FG99","FG99_1",472.397256116368
"FH01","FH01","FH01_1",460.806123986126
"FH02","FH02","FH02_1",461.95246239892
"FH03","FH03","FH03_1",466.154247927176
"FH04","FH04","FH04_1",475.873043254459
"FH05","FH05","FH05_1",465.027256272833
"FH06","FH06","FH06_1",457.551431063869
"FH07","FH07","FH07_1",454.048604105198
"FH08","FH08","FH08_1",458.076133575298
"FH10","FH10","FH10_1",464.643688269234
"FH11","FH11","FH11_1",464.395585263618
"FH12","FH12","FH12_1",468.990944108278
"FH13","FH13","FH13_1",476.426126039266
"FH14","FH14","FH14_1",469.451212360146
"FH15","FH15","FH15_1",462.65298485087
"FH16","FH16","FH16_1",456.838157278843
"FH17","FH17","FH17_1",462.011644196388
"FH18","FH18","FH18_1",461.338955457853
"FH20","FH20","FH20_1",466.017368368806
"FH21","FH21","FH21_1",467.357841874676
"FH22","FH22","FH22_1",473.830791847565
"FH23","FH23","FH23_1",478.431230344088
"FH24","FH24","FH24_1",467.947316790571
"FH25","FH25","FH25_1",459.318277286188
"FH27","FH27","FH27_1",463.656743636654
"FH28","FH28","FH28_1",469.13835676422
"FH29","FH29","FH29_1",464.517638558854
"FH31","FH31","FH31_1",466.404844270348
"FH32","FH32","FH32_1",476.15805245564
"FH33","FH33","FH33_1",474.102731084385
"FH34","FH34","FH34_1",468.571816644097
"FH35","FH35","FH35_1",465.332721214679
"FH36","FH36","FH36_1",467.710427711482
"FH37","FH37","FH37_1",469.32778979805
"FH42","FH42","FH42_1",480.763679540651
"FH43","FH43","FH43_1",471.585917261086
"FH44","FH44","FH44_1",464.132228205088
"FH45","FH45","FH45_1",473.363567102613
"FH46","FH46","FH46_1",479.41592630491
"FH47","FH47","FH47_1",471.28645303794
"FH48","FH48","FH48_1",475.611529526451
"FH51","FH51","FH51_1",473.360453482048
"FH52","FH52","FH52_1",479.328510045873
"FH53","FH53","FH53_1",467.515026785563
"FH54","FH54","FH54_1",468.600468758067
"FH55","FH55","FH55_1",469.219649692722
"FH56","FH56","FH56_1",470.279732261771
"FH57","FH57","FH57_1",475.438138684441
"FH58","FH58","FH58_1",473.870389357939
"FH61","FH61","FH61_1",470.420295617782
"FH62","FH62","FH62_1",471.532920754727
"FH63","FH63","FH63_1",462.044080169836
"FH64","FH64","FH64_1",470.723543339201
"FH65","FH65","FH65_1",475.445215823857
"FH66","FH66","FH66_1",480.447749314846
"FH67","FH67","FH67_1",496.524074399184
"FH68","FH68","FH68_1",473.726910137982
"FH69","FH69","FH69_1",474.876097821827
"FH70","FH70","FH70_1",476.798599383495
"FH71","FH71","FH71_1",472.511841514378
"FH72","FH72","FH72_1",470.581508985184
"FH73","FH73","FH73_1",474.158585370815
"FH74","FH74","FH74_1",479.410065548443
"FH75","FH75","FH75_1",479.584292717567
"FH76","FH76","FH76_1",482.352527690352
"FH77","FH77","FH77_1",467.669188368259
"FH78","FH78","FH78_1",465.442504864542
"FH79","FH79","FH79_1",493.787231598977
"FH80","FH80","FH80_1",476.555971244821
"FH81","FH81","FH81_1",475.191740832529
"FH82","FH82","FH82_1",474.090211599044
"FH83","FH83","FH83_1",472.643112339784
"FH84","FH84","FH84_1",482.450429026919
"FH85","FH85","FH85_1",478.203852963452
"FH86","FH86","FH86_1",476.817755613655
"FH87","FH87","FH87_1",467.084744679111
"FH88","FH88","FH88_1",476.254958571906
"FH89","FH89","FH89_1",530.602710000472
"FH94","FH94","FH94_1",467.622685867998
"FH95","FH95","FH95_1",486.056396975416
"FH96","FH96","FH96_1",469.407974428868
"FH97","FH97","FH97_1",471.992954168959
"FH98","FH98","FH98_1",479.085621414439
"FH99","FH99","FH99_1",484.145687349585
"GE00","GE00","GE00_1",491.525002703093
"GE01","GE01","GE01_1",493.103341691144
"GE02","GE02","GE02_1",495.627986833903
"GE03","GE03","GE03_1",495.00919618476
"GE04","GE04","GE04_1",477.135404826267
"GE10","GE10","GE10_1",515.390780446073
"GE11","GE11","GE11_1",504.120441495846
"GE12","GE12","GE12_1",510.136558102684
"GE13","GE13","GE13_1",475.946612798237
"GE14","GE14","GE14_1",488.698413085376
"GE20","GE20","GE20_1",477.401968263542
"GE21","GE21","GE21_1",482.531910177489
"GE22","GE22","GE22_1",481.062026819101
"GE23","GE23","GE23_1",490.678039206582
"GE24","GE24","GE24_1",483.443150995473
"GE30","GE30","GE30_1",466.935026475389
"GE31","GE31","GE31_1",503.90829038933
"GE32","GE32","GE32_1",516.317838451379
"GE33","GE33","GE33_1",510.846185572312
"GE34","GE34","GE34_1",492.89440500874
"GE40","GE40","GE40_1",463.423141612785
"GE41","GE41","GE41_1",479.651223789539
"GE42","GE42","GE42_1",497.885531259478
"GE43","GE43","GE43_1",492.24174890329
"GE44","GE44","GE44_1",484.011172041717
"GF00","GF00","GF00_1",459.087251691309
"GF01","GF01","GF01_1",463.478403919551
"GF02","GF02","GF02_1",472.188260934541
"GF03","GF03","GF03_1",467.857317551792
"GF04","GF04","GF04_1",473.698371139859
"GF05","GF05","GF05_1",474.314396569666
"GF06","GF06","GF06_1",477.306856221875
"GF07","GF07","GF07_1",497.239943024917
"GF08","GF08","GF08_1",500.427857284509
"GF09","GF09","GF09_1",483.582334198887
"GF12","GF12","GF12_1",463.624104089815
"GF13","GF13","GF13_1",463.214010201765
"GF14","GF14","GF14_1",468.867843094134
"GF15","GF15","GF15_1",481.932408885011
"GF16","GF16","GF16_1",494.513618228328
"GF17","GF17","GF17_1",491.733900812309
"GF18","GF18","GF18_1",503.145201877126
"GF19","GF19","GF19_1",500.945377866402
"GF23","GF23","GF23_1",470.87381342065
"GF24","GF24","GF24_1",480.701420217884
"GF25","GF25","GF25_1",483.689533850467
"GF26","GF26","GF26_1",496.901605411759
"GF27","GF27","GF27_1",499.691962483765
"GF28","GF28","GF28_1",497.511197529435
"GF29","GF29","GF29_1",490.307764626777
"GF33","GF33","GF33_1",474.131021599128
"GF34","GF34","GF34_1",480.809757495516
"GF35","GF35","GF35_1",480.8743605873
"GF36","GF36","GF36_1",495.786632261947
"GF37","GF37","GF37_1",486.250109572012
"GF38","GF38","GF38_1",507.341213843097
"GF39","GF39","GF39_1",486.842272213003
"GF42","GF42","GF42_1",463.285404028437
"GF43","GF43","GF43_1",465.805847933151
"GF44","GF44","GF44_1",472.215079394655
"GF45","GF45","GF45_1",479.908238302103
"GF46","GF46","GF46_1",475.987257995176
"GF47","GF47","GF47_1",488.146208841225
"GF48","GF48","GF48_1",471.37302619391
"GF49","GF49","GF49_1",461.690991497747
"GF52","GF52","GF52_1",460.174576035046
"GF53","GF53","GF53_1",464.38061026207
"GF54","GF54","GF54_1",469.482311054226
"GF55","GF55","GF55_1",463.363514629438
"GF56","GF56","GF56_1",456.903606966328
"GF57","GF57","GF57_1",454.57917454836
"GF63","GF63","GF63_1",458.672154072824
"GF64","GF64","GF64_1",458.740324448058
"GF65","GF65","GF65_1",461.555404663086
"GF73","GF73","GF73_1",453.423915183368
"GF74","GF74","GF74_1",457.158775721018
"GF75","GF75","GF75_1",462.182089426844
"GG00","GG00","GG00_1",459.720985489119
"GG01","GG01","GG01_1",461.562868807041
"GG02","GG02","GG02_1",475.632562586254
"GG04","GG04","GG04_1",470.13793134073
"GG05","GG05","GG05_1",474.487771390502
"GG06","GG06","GG06_1",468.071865460723
"GG07","GG07","GG07_1",473.900791904189
"GG08","GG08","GG08_1",479.54325644417
"GG09","GG09","GG09_1",459.566188414119
"GG10","GG10","GG10_1",470.148070555549
"GG11","GG11","GG11_1",471.760318015628
"GG15","GG15","GG15_1",472.517321313816
"GG16","GG16","GG16_1",478.652943335619
"GG17","GG17","GG17_1",470.952538612098
"GG18","GG18","GG18_1",463.27301203353
"GG19","GG19","GG19_1",455.79494051975
"GG20","GG20","GG20_1",468.212780133833
"GG25","GG25","GG25_1",470.459386627298
"GG26","GG26","GG26_1",479.509271727068
"GG27","GG27","GG27_1",471.39873503245
"GG28","GG28","GG28_1",460.276610563868
"GG30","GG30","GG30_1",469.770682540108
"GG35","GG35","GG35_1",463.548360362385
"GG36","GG36","GG36_1",466.867226693676
"GG37","GG37","GG37_1",455.95385107654
"GG38","GG38","GG38_1",446.451358656802
"GG40","GG40","GG40_1",464.636808364862
"GG50","GG50","GG50_1",444.689993416556
"GH05","GH05","GH05_1",468.349317781065
"GH06","GH06","GH06_1",476.628818437383
"GH07","GH07","GH07_1",485.032490334741
"GH08","GH08","GH08_1",485.143795312729
"GH09","GH09","GH09_1",470.149792812785
"GH17","GH17","GH17_1",481.333778847706
"GH18","GH18","GH18_1",481.822933765308
"GH19","GH19","GH19_1",475.297760144414
"GH29","GH29","GH29_1",469.894879229817
"GH39","GH39","GH39_1",473.850552922584
"GH49","GH49","GH49_1",489.980620591931
"GH59","GH59","GH59_1",500.357795130896
"HA03","HA03","HA03_1",496.121143045883
"HA04","HA04","HA04_1",505.396945699677
"HA05","HA05","HA05_1",501.702528920217
"HA06","HA06","HA06_1",541.248086050734
"HA07","HA07","HA07_1",544.218828415499
"HA08","HA08","HA08_1",527.645579293956
"HA12","HA12","HA12_1",486.124196507693
"HA13","HA13","HA13_1",514.884548245036
"HA14","HA14","HA14_1",517.070523915705
"HA15","HA15","HA15_1",531.529195055856
"HA16","HA16","HA16_1",526.435458094621
"HA17","HA17","HA17_1",495.774925523263
"HA18","HA18","HA18_1",483.991944525273
"HA22","HA22","HA22_1",502.623457562015
"HA23","HA23","HA23_1",515.043888923278
"HA24","HA24","HA24_1",527.811673697312
"HA25","HA25","HA25_1",506.228966605501
"HA26","HA26","HA26_1",484.640583666763
"HA27","HA27","HA27_1",434.875618862195
"HA31","HA31","HA31_1",501.084485453902
"HA32","HA32","HA32_1",513.648317015322
"HA33","HA33","HA33_1",525.452766933899
"HA34","HA34","HA34_1",521.720183442367
"HA35","HA35","HA35_1",485.453903345341
"HA36","HA36","HA36_1",450.718584164514
"HA41","HA41","HA41_1",506.578805202968
"HA42","HA42","HA42_1",507.424019482843
"HA43","HA43","HA43_1",516.992999643505
"HA44","HA44","HA44_1",490.583164767768
"HA45","HA45","HA45_1",457.924648173511
"HA46","HA46","HA46_1",427.07488071278
"HA51","HA51","HA51_1",501.593464065776
"HA52","HA52","HA52_1",484.967891870206
"HA53","HA53","HA53_1",487.041210848483
"HA54","HA54","HA54_1",473.652224495458
"HA55","HA55","HA55_1",449.885131115371
"HA63","HA63","HA63_1",458.992261474714
"HA64","HA64","HA64_1",445.811825684941
"HA69","HA69","HA69_1",479.259140512205
