"group","atlas","period","n_cells","species_pool_size","occupied_cells","hotspot_threshold","hotspot_cells","hotspot_percent_of_all_cells","max_richness","mean_richness","period_year","occupied_percent_of_cells","total_group_occurrences","mean_richness_occupied_cells"
"Dabbling ducks","1","1970s",2165,8,1604,3,303,13.9953810623557,7,1.38475750577367,1970,74.0877598152425,2998,1.86907730673317
"Dabbling ducks","2","1990s",2165,8,1930,3,362,16.7205542725173,7,1.75150115473441,1990,89.1454965357968,3792,1.96476683937824
"Dabbling ducks","3","2010s",2165,8,1753,3,251,11.5935334872979,6,1.40230946882217,2010,80.9699769053118,3036,1.73188819167142
"Scolopacids","1","1970s",2165,11,1351,3,307,14.1801385681293,7,1.1810623556582,1970,62.4018475750577,2557,1.89267209474463
"Scolopacids","2","1990s",2165,11,1209,3,208,9.60739030023095,6,0.964434180138568,1990,55.8429561200924,2088,1.72704714640199
"Scolopacids","3","2010s",2165,11,1085,3,123,5.68129330254042,6,0.757043879907621,2010,50.1154734411085,1639,1.51059907834101
"Aquatic pursuers","1","1970s",2165,10,975,3,112,5.17321016166282,5,0.685912240184757,1970,45.0346420323326,1485,1.52307692307692
"Aquatic pursuers","2","1990s",2165,10,1269,3,272,12.5635103926097,6,1.05866050808314,1990,58.6143187066975,2292,1.80614657210402
"Aquatic pursuers","3","2010s",2165,10,1348,3,287,13.256351039261,6,1.12517321016166,2010,62.2632794457275,2436,1.80712166172107
