comparison,transition,source_cluster,target_cluster,species,n_sites,mean_probability_from,mean_probability_to,mean_probability_delta,median_probability_delta,q10_probability_delta,q90_probability_delta,mean_probability_gain,mean_probability_loss,prop_sites_increase,thermal_group,migratory_strategy,foraging_guild,species_thermal_index,driver_direction,species_label
1990s minus 1970s,Cluster 1 to Cluster 2,Cluster 1,Cluster 2,Acrocephalus_schoenobaenus,142,0.7737394566035157,0.3768279605747112,-0.39691149602880454,-0.4107181469237521,-0.6845505308325905,-0.0892435840156309,0.0049641138968520475,-0.4018756099256566,0.06338028169014084,cold,long-distance,Marsh warblers,11.3913898283,Loss,Acrocephalus schoenobaenus
1990s minus 1970s,Cluster 1 to Cluster 2,Cluster 1,Cluster 2,Emberiza_calandra,142,0.8227473861786853,0.5928823805874028,-0.22986500559128242,-0.1969750492162035,-0.5029784219756706,-0.017293114942401416,0.007302541067652048,-0.2371675466589345,0.06338028169014084,very warm,sedentary,Buntings,14.2313581317,Loss,Emberiza calandra
1990s minus 1970s,Cluster 1 to Cluster 2,Cluster 1,Cluster 2,Motacilla_flava,142,0.46563165920783156,0.2747920105887703,-0.1908396486190613,-0.18316396235674937,-0.4536395557941506,0.07434073518500335,0.022325418956017522,-0.21316506757507883,0.19718309859154928,medium,long-distance,Open-land insectivores,12.136968586,Loss,Motacilla flava
1990s minus 1970s,Cluster 1 to Cluster 2,Cluster 1,Cluster 2,Chroicocephalus_ridibundus,142,0.4524705319349945,0.2651724875763054,-0.18729804435868908,-0.20334424001397827,-0.37242702209542583,0.022985766110333206,0.009236949833525356,-0.19653499419221443,0.11267605633802817,cold,short-distance,Gulls,11.0679667544,Loss,Chroicocephalus ridibundus
1990s minus 1970s,Cluster 1 to Cluster 2,Cluster 1,Cluster 2,Gallinago_gallinago,142,0.6290226878270504,0.46729620693407475,-0.16172648089297564,-0.18667779987137162,-0.4256065112028412,0.11187401576839483,0.028420922725640747,-0.1901474036186164,0.2535211267605634,very cold,short-distance,Scolopacids,10.2670472691,Loss,Gallinago gallinago
1990s minus 1970s,Cluster 1 to Cluster 2,Cluster 1,Cluster 2,Oenanthe_oenanthe,142,0.3235635237667372,0.1834359248271404,-0.14012759893959678,-0.1322446106050983,-0.36776240620310435,0.04747933878136114,0.014034177982690464,-0.15416177692228725,0.19014084507042253,cold,long-distance,Low flycatching feeders,11.6202368597,Loss,Oenanthe oenanthe
1990s minus 1970s,Cluster 1 to Cluster 2,Cluster 1,Cluster 2,Tringa_totanus,142,0.649197770478123,0.5099224927598945,-0.1392752777182285,-0.13292243340527113,-0.479848370026755,0.14014118210211163,0.041173218422432746,-0.18044849614066125,0.2746478873239437,cold,short-distance,Scolopacids,11.0359375128,Loss,Tringa totanus
1990s minus 1970s,Cluster 1 to Cluster 2,Cluster 1,Cluster 2,Riparia_riparia,142,0.5390366466663552,0.40423661759549473,-0.13480002907086053,-0.1440373577122153,-0.2942707958046172,0.038664136203845935,0.01198766253033669,-0.14678769160119723,0.1619718309859155,medium,long-distance,Aerial insectivores,11.9550761988,Loss,Riparia riparia
1990s minus 1970s,Cluster 1 to Cluster 2,Cluster 1,Cluster 2,Athene_noctua,142,0.14312745097143328,0.041570467516436595,-0.1015569834549967,-0.057722919689917995,-0.2699720733559875,-0.014233464889229424,0.0012532991458943463,-0.10281028260089103,0.035211267605633804,very warm,sedentary,Owls,14.2083192272,Loss,Athene noctua
1990s minus 1970s,Cluster 1 to Cluster 2,Cluster 1,Cluster 2,Calidris_pugnax,142,0.10779359004911827,0.018801283065775602,-0.08899230698334266,-0.04426647822394934,-0.24855018598252776,-7.541276082990523e-4,0.0018572703391838503,-0.09084957732252652,0.07042253521126761,very cold,long-distance,Scolopacids,7.9732949741,Loss,Calidris pugnax
1990s minus 1970s,Cluster 1 to Cluster 2,Cluster 1,Cluster 2,Recurvirostra_avosetta,142,0.20969613847358062,0.12292051384637413,-0.08677562462720646,-0.034122178581789904,-0.32750140308388387,0.06667394858406042,0.018908259176582305,-0.10568388380378876,0.3028169014084507,very warm,short-and long-distance,Plovers,14.5831200661,Loss,Recurvirostra avosetta
1990s minus 1970s,Cluster 1 to Cluster 2,Cluster 1,Cluster 2,Sternula_albifrons,142,0.1117249733139564,0.028115332911154093,-0.0836096404028023,-0.031737994851735396,-0.2227285938201374,-8.357088893214648e-4,0.0012865851654824706,-0.08489622556828477,0.07042253521126761,very warm,long-distance,Terns,13.6554594356,Loss,Sternula albifrons
1990s minus 1970s,Cluster 1 to Cluster 2,Cluster 1,Cluster 2,Muscicapa_striata,142,0.2536210134968893,0.5599366887225361,0.30631567522564684,0.3156864265943624,0.017878117566150424,0.5797936708708926,0.31592174708004345,-0.009606071854396622,0.9014084507042254,medium,long-distance,Flycatchers,12.1492223917,Gain,Muscicapa striata
1990s minus 1970s,Cluster 1 to Cluster 2,Cluster 1,Cluster 2,Turdus_viscivorus,142,0.1569926334402235,0.46897313830680715,0.3119805048665837,0.29089258343631197,0.033126189922736235,0.6108296716774564,0.31349490105830546,-0.0015143961917218217,0.9577464788732394,medium,short-distance,Thrushes,11.9147042629,Gain,Turdus viscivorus
1990s minus 1970s,Cluster 1 to Cluster 2,Cluster 1,Cluster 2,Carduelis_carduelis,142,0.4453780099200448,0.762773620515327,0.31739561059528226,0.32049517673234124,0.030541601793565437,0.6067159420746016,0.32685763102163123,-0.009462020426348952,0.9366197183098591,very warm,sedentary and short-distance,Passerine seedeaters,13.4542440183,Gain,Carduelis carduelis
1990s minus 1970s,Cluster 1 to Cluster 2,Cluster 1,Cluster 2,Falco_tinnunculus,142,0.3790291756552671,0.718951040644986,0.3399218649897189,0.36068929303806463,0.04741966689587668,0.6366732634229243,0.3480446954928802,-0.008122830503161326,0.9295774647887324,warm,sedentary and short-distance,Diurnal raptors,12.4263636442,Gain,Falco tinnunculus
1990s minus 1970s,Cluster 1 to Cluster 2,Cluster 1,Cluster 2,Acanthis_flammea,142,0.07005478490231473,0.4284987010945523,0.3584439161922376,0.33008103471379047,0.04673049164730443,0.7003187986528672,0.3584439161922376,0,1,very cold,short-distance,Passerine seedeaters,8.1923087262,Gain,Acanthis flammea
1990s minus 1970s,Cluster 1 to Cluster 2,Cluster 1,Cluster 2,Certhia_familiaris,142,0.12828300600726442,0.5033669011660011,0.37508389515873675,0.3485107864238991,0.08060529544219093,0.7542697349794067,0.38000673743666974,-0.004922842277933013,0.9577464788732394,cold,sedentary,Tit-like birds,11.119463211,Gain,Certhia familiaris
1990s minus 1970s,Cluster 1 to Cluster 2,Cluster 1,Cluster 2,Garrulus_glandarius,142,0.327705172100084,0.7085521849388733,0.38084701283878925,0.3516692937497859,0.05185197679448468,0.7415286384976839,0.39200409200056197,-0.011157079161772715,0.9225352112676056,warm,sedentary,Omnivorous corvids,12.466780849,Gain,Garrulus glandarius
1990s minus 1970s,Cluster 1 to Cluster 2,Cluster 1,Cluster 2,Pyrrhula_pyrrhula,142,0.1878159551034437,0.5713730090455734,0.38355705394212974,0.3402247927476567,0.0504962427389254,0.7559910615633618,0.3896033274682504,-0.00604627352612063,0.9436619718309859,very cold,short-distance,Passerine seedeaters,10.756294956,Gain,Pyrrhula pyrrhula
1990s minus 1970s,Cluster 1 to Cluster 2,Cluster 1,Cluster 2,Dendrocopos_major,142,0.4310223397932955,0.8666007653821496,0.43557842558885407,0.4557081387380649,0.10274445008485664,0.7593070183190725,0.4439027083981989,-0.008324282809344859,0.9507042253521126,medium,sedentary,Woodpeckers,12.1154284266,Gain,Dendrocopos major
1990s minus 1970s,Cluster 1 to Cluster 2,Cluster 1,Cluster 2,Accipiter_nisus,142,0.1833313667477405,0.6488635423461575,0.4655321755984171,0.46450519934249795,0.2129706631884044,0.7376788922825291,0.46691614901377687,-0.001383973415359778,0.9929577464788732,medium,sedentary and short-distance,Diurnal raptors,11.9162821341,Gain,Accipiter nisus
1990s minus 1970s,Cluster 1 to Cluster 2,Cluster 1,Cluster 2,Buteo_buteo,142,0.28358325809295803,0.7679734563629776,0.48439019827001956,0.5217753960529384,0.1924675953551074,0.7477448366964485,0.484641021554167,-2.5082328414743416e-4,0.9859154929577465,warm,sedentary and short-distance,Diurnal raptors,12.6973693303,Gain,Buteo buteo
1990s minus 1970s,Cluster 1 to Cluster 2,Cluster 1,Cluster 2,Phylloscopus_collybita,142,0.43620680519673766,0.970442885324417,0.5342360801276793,0.5284276132141825,0.2456389496037821,0.8124360366332868,0.5342360801276793,0,1,medium,short-distance,Foliage gleaners,11.9465889491,Gain,Phylloscopus collybita
1990s minus 1970s,Cluster 3 to Cluster 2,Cluster 3,Cluster 2,Emberiza_calandra,219,0.9050569933606833,0.7763884261342348,-0.12866856722644862,-0.09470494287927045,-0.34669091382140466,0.023988051398502814,0.01294215749790626,-0.14161072472435488,0.1461187214611872,very warm,sedentary,Buntings,14.2313581317,Loss,Emberiza calandra
1990s minus 1970s,Cluster 3 to Cluster 2,Cluster 3,Cluster 2,Acrocephalus_schoenobaenus,219,0.3441395603385831,0.2185531763682754,-0.12558638397030772,-0.1019623538401694,-0.42585041691871584,0.1317203659898989,0.035174394785258405,-0.1607607787555661,0.319634703196347,cold,long-distance,Marsh warblers,11.3913898283,Loss,Acrocephalus schoenobaenus
1990s minus 1970s,Cluster 3 to Cluster 2,Cluster 3,Cluster 2,Athene_noctua,219,0.210525746851822,0.10917052473431657,-0.10135522211750543,-0.08654620529645739,-0.23941970870585272,-0.0026903697570817846,0.005316102406314151,-0.10667132452381957,0.0958904109589041,very warm,sedentary,Owls,14.2083192272,Loss,Athene noctua
1990s minus 1970s,Cluster 3 to Cluster 2,Cluster 3,Cluster 2,Riparia_riparia,219,0.40500920752037284,0.3479708691279847,-0.057038338392388165,-0.05337423967357974,-0.20949921249289616,0.08710129575189735,0.02296838630921231,-0.08000672470160045,0.3378995433789954,medium,long-distance,Aerial insectivores,11.9550761988,Loss,Riparia riparia
1990s minus 1970s,Cluster 3 to Cluster 2,Cluster 3,Cluster 2,Oenanthe_oenanthe,219,0.13438849846181058,0.10026125532016363,-0.03412724314164695,-0.02072176353392316,-0.12840610626491689,0.0590805144216428,0.015956479764189437,-0.05008372290583639,0.3470319634703196,cold,long-distance,Low flycatching feeders,11.6202368597,Loss,Oenanthe oenanthe
1990s minus 1970s,Cluster 3 to Cluster 2,Cluster 3,Cluster 2,Chroicocephalus_ridibundus,219,0.17663190476982543,0.14624781700470826,-0.030384087765117192,-0.0332149116017961,-0.18512203793933057,0.1160423155278395,0.036081106384791,-0.0664651941499082,0.3789954337899543,cold,short-distance,Gulls,11.0679667544,Loss,Chroicocephalus ridibundus
1990s minus 1970s,Cluster 3 to Cluster 2,Cluster 3,Cluster 2,Tringa_glareola,219,0.04389956849435548,0.020074545789024976,-0.023825022705330504,-0.0015622670375063986,-0.08460084515882808,0.008105307672217359,0.0034844185785888448,-0.027309441283919336,0.3926940639269406,very cold,long-distance,Scolopacids,7.6706167812,Loss,Tringa glareola
1990s minus 1970s,Cluster 3 to Cluster 2,Cluster 3,Cluster 2,Crex_crex,219,0.021339228434720563,0.003943103988197426,-0.01739612444652314,-0.014131060657719624,-0.037315193100392774,-9.53997998285469e-4,3.6443501583020366e-4,-0.01776055946235334,0.0776255707762557,medium,long-distance,Rails,11.9688491073,Loss,Crex crex
1990s minus 1970s,Cluster 3 to Cluster 2,Cluster 3,Cluster 2,Asio_flammeus,219,0.015614817141914181,0.005827076779173113,-0.009787740362741066,-7.515825127468114e-4,-0.03805466732522782,0.0053866338376299715,0.001616187064523082,-0.011403927427264152,0.4018264840182648,very cold,sedentary and short-distance,Owls,9.6200242401,Loss,Asio flammeus
1990s minus 1970s,Cluster 3 to Cluster 2,Cluster 3,Cluster 2,Regulus_ignicapilla,219,0.014051697438198434,0.00850717698124766,-0.005544520456950773,-2.5076260721435613e-4,-0.025395874763642964,0.006768011386354617,0.0035348930164373366,-0.00907941347338811,0.4383561643835616,very warm,short-distance,Tit-like birds,13.1999439071,Loss,Regulus ignicapilla
1990s minus 1970s,Cluster 3 to Cluster 2,Cluster 3,Cluster 2,Chlidonias_niger,219,0.00684557090019027,0.0025021202954656012,-0.004343450604724671,1.615532935691314e-5,-0.016046359197018398,0.002542601091665668,0.0010724013025103483,-0.005415851907235017,0.5068493150684932,very warm,long-distance,Terns,13.0082465521,Loss,Chlidonias niger
1990s minus 1970s,Cluster 3 to Cluster 2,Cluster 3,Cluster 2,Limosa_limosa,219,0.005698549085675711,0.002717851424121246,-0.0029806976615544658,-1.3069944406436806e-6,-0.005436539453078796,0.0014336626385132798,0.0011542086361938679,-0.004134906297748332,0.4383561643835616,medium,long-distance,Scolopacids,12.0468335512,Loss,Limosa limosa
1990s minus 1970s,Cluster 3 to Cluster 2,Cluster 3,Cluster 2,Dendrocopos_major,219,0.5465620653722992,0.9285079219722775,0.3819458565999782,0.35972607805790247,0.09284272578254353,0.6978799073848028,0.38237559461221277,-4.297380122345992e-4,0.9908675799086758,medium,sedentary,Woodpeckers,12.1154284266,Gain,Dendrocopos major
1990s minus 1970s,Cluster 3 to Cluster 2,Cluster 3,Cluster 2,Acrocephalus_palustris,219,0.20824169884727395,0.6015228178258678,0.3932811189785938,0.39054856521902864,0.15158655012262448,0.6514407820185777,0.39480001486315547,-0.0015188958845616235,0.9771689497716894,medium,long-distance,Marsh warblers,12.248077272,Gain,Acrocephalus palustris
1990s minus 1970s,Cluster 3 to Cluster 2,Cluster 3,Cluster 2,Fulica_atra,219,0.4197555677113826,0.8199320028812263,0.4001764351698437,0.39693249383774115,0.12126220630852783,0.6763487977558245,0.4029505783560452,-0.002774143186201499,0.9634703196347032,warm,sedentary and short-distance,Rails,12.9624637063,Gain,Fulica atra
1990s minus 1970s,Cluster 3 to Cluster 2,Cluster 3,Cluster 2,Accipiter_nisus,219,0.33576223690737583,0.7400088669818087,0.4042466300744329,0.3986356270787377,0.14875772140642188,0.674051266547048,0.40460419740381437,-3.5756732938145363e-4,0.9908675799086758,medium,sedentary and short-distance,Diurnal raptors,11.9162821341,Gain,Accipiter nisus
1990s minus 1970s,Cluster 3 to Cluster 2,Cluster 3,Cluster 2,Anas_platyrhynchos,219,0.5060399577659334,0.924517250608811,0.4184772928428776,0.39963656347686183,0.14447291991644015,0.6968578387064079,0.4187781259125918,-3.0083306971419733e-4,0.9954337899543378,cold,sedentary and short-distance,Dabbling ducks,11.8110548425,Gain,Anas platyrhynchos
1990s minus 1970s,Cluster 3 to Cluster 2,Cluster 3,Cluster 2,Muscicapa_striata,219,0.2836394570336012,0.7226010400685345,0.4389615830349333,0.4447078292337775,0.18753853764333558,0.6986420985380972,0.4389615830349333,0,1,medium,long-distance,Flycatchers,12.1492223917,Gain,Muscicapa striata
1990s minus 1970s,Cluster 3 to Cluster 2,Cluster 3,Cluster 2,Phoenicurus_phoenicurus,219,0.27137877618119044,0.7125737852097652,0.4411950090285748,0.44573171213110474,0.17304119584942979,0.7002363665750575,0.4419000409509874,-7.050319224125817e-4,0.9908675799086758,cold,long-distance,Low flycatching feeders,11.3098485667,Gain,Phoenicurus phoenicurus
1990s minus 1970s,Cluster 3 to Cluster 2,Cluster 3,Cluster 2,Phylloscopus_collybita,219,0.5169708095814022,0.9732226790656734,0.4562518694842712,0.46307755078754886,0.16563874124452516,0.7181369272898217,0.4562518694842712,0,1,medium,short-distance,Foliage gleaners,11.9465889491,Gain,Phylloscopus collybita
1990s minus 1970s,Cluster 3 to Cluster 2,Cluster 3,Cluster 2,Pyrrhula_pyrrhula,219,0.22617886896554584,0.6888268994644112,0.4626480304988654,0.4762664215000548,0.16459254541257415,0.7507672051845972,0.4633379193815608,-6.898888826954336e-4,0.9817351598173516,very cold,short-distance,Passerine seedeaters,10.756294956,Gain,Pyrrhula pyrrhula
1990s minus 1970s,Cluster 3 to Cluster 2,Cluster 3,Cluster 2,Buteo_buteo,219,0.42718533041593443,0.9228322964117535,0.495646965995819,0.5337022551387538,0.1651822712635286,0.7789087620676532,0.4958880008834123,-2.4103488759328676e-4,0.9954337899543378,warm,sedentary and short-distance,Diurnal raptors,12.6973693303,Gain,Buteo buteo
1990s minus 1970s,Cluster 3 to Cluster 2,Cluster 3,Cluster 2,Turdus_viscivorus,219,0.262679952269954,0.7970974861139666,0.5344175338440125,0.551019311430705,0.23236895644962566,0.8021935952533149,0.5344175338440125,0,1,medium,short-distance,Thrushes,11.9147042629,Gain,Turdus viscivorus
1990s minus 1970s,Cluster 3 to Cluster 2,Cluster 3,Cluster 2,Acanthis_flammea,219,0.10032969156640753,0.6541874826235621,0.5538577910571545,0.5744686954700382,0.24726589872391347,0.8052726419156098,0.5538810053312891,-2.321427413459777e-5,0.9954337899543378,very cold,short-distance,Passerine seedeaters,8.1923087262,Gain,Acanthis flammea
2010s minus 1970s,Cluster 1 to Cluster 2,Cluster 1,Cluster 2,Acrocephalus_schoenobaenus,245,0.7861278247265805,0.4277313598323601,-0.35839646489422033,-0.3628509206615174,-0.7059939452652247,-0.03922245040539371,0.006750775404765302,-0.36514724029898565,0.08163265306122448,cold,long-distance,Marsh warblers,11.3913898283,Loss,Acrocephalus schoenobaenus
2010s minus 1970s,Cluster 1 to Cluster 2,Cluster 1,Cluster 2,Gallinago_gallinago,245,0.6618212808438103,0.31189131427347566,-0.3499299665703347,-0.3318692786904688,-0.6937091055336597,-0.039165139886035344,0.004755871532383452,-0.35468583810271814,0.0653061224489796,very cold,short-distance,Scolopacids,10.2670472691,Loss,Gallinago gallinago
2010s minus 1970s,Cluster 1 to Cluster 2,Cluster 1,Cluster 2,Chroicocephalus_ridibundus,245,0.4872576634639937,0.16544073959320946,-0.3218169238707842,-0.3185342741200139,-0.5838441314590777,-0.08496287210265288,0.003015211901168837,-0.3248321357719531,0.04897959183673469,cold,short-distance,Gulls,11.0679667544,Loss,Chroicocephalus ridibundus
2010s minus 1970s,Cluster 1 to Cluster 2,Cluster 1,Cluster 2,Perdix_perdix,245,0.7232711127193046,0.42722340910483714,-0.29604770361446747,-0.29296451772045345,-0.550577489143274,-0.03912729721465544,0.007568521031558844,-0.30361622464602633,0.07346938775510205,warm,sedentary,Gallinaceous birds,12.8463889005,Loss,Perdix perdix
2010s minus 1970s,Cluster 1 to Cluster 2,Cluster 1,Cluster 2,Tringa_totanus,245,0.6963755732431209,0.4129346726534386,-0.28344090058968235,-0.2781482109670914,-0.6051816088198199,0.0331457697365195,0.012841882553758358,-0.2962827831434407,0.1306122448979592,cold,short-distance,Scolopacids,11.0359375128,Loss,Tringa totanus
2010s minus 1970s,Cluster 1 to Cluster 2,Cluster 1,Cluster 2,Oenanthe_oenanthe,245,0.3400767437957461,0.06342463620084828,-0.27665210759489783,-0.24254987210181225,-0.5362910265275656,-0.07811055706048185,4.140950779323302e-5,-0.2766935171026911,0.00816326530612245,cold,long-distance,Low flycatching feeders,11.6202368597,Loss,Oenanthe oenanthe
2010s minus 1970s,Cluster 1 to Cluster 2,Cluster 1,Cluster 2,Saxicola_rubetra,245,0.5877630192438346,0.35407942159473893,-0.2336835976490957,-0.21922136534365821,-0.5328432091951181,0.026166117161169317,0.01251494066521535,-0.24619853831431107,0.11428571428571428,cold,long-distance,Low flycatching feeders,11.2990488425,Loss,Saxicola rubetra
2010s minus 1970s,Cluster 1 to Cluster 2,Cluster 1,Cluster 2,Riparia_riparia,245,0.5401522439699585,0.3077242607352128,-0.23242798323474567,-0.2146594799037328,-0.4444715149808923,-0.02639747848742218,0.004717208802932778,-0.23714519203767845,0.061224489795918366,medium,long-distance,Aerial insectivores,11.9550761988,Loss,Riparia riparia
2010s minus 1970s,Cluster 1 to Cluster 2,Cluster 1,Cluster 2,Charadrius_hiaticula,245,0.47161861595366766,0.2819921775899417,-0.18962643836372595,-0.17954909877869796,-0.45555056668864324,0.05108026451473063,0.013463303007857984,-0.20308974137158392,0.18775510204081633,very cold,short-distance,Plovers,8.2214626932,Loss,Charadrius hiaticula
2010s minus 1970s,Cluster 1 to Cluster 2,Cluster 1,Cluster 2,Emberiza_calandra,245,0.8411234672149511,0.6731322006846726,-0.16799126653027857,-0.07250964957572126,-0.5467536296775598,0.08930985998719368,0.02553317756801582,-0.19352444409829445,0.3142857142857143,very warm,sedentary,Buntings,14.2313581317,Loss,Emberiza calandra
2010s minus 1970s,Cluster 1 to Cluster 2,Cluster 1,Cluster 2,Athene_noctua,245,0.17466755622607877,0.011072140754591816,-0.16359541547148695,-0.10845934555854322,-0.414653648021451,-0.016639307719513406,9.26836698110939e-6,-0.16360468383846807,0.00816326530612245,very warm,sedentary,Owls,14.2083192272,Loss,Athene noctua
2010s minus 1970s,Cluster 1 to Cluster 2,Cluster 1,Cluster 2,Anas_crecca,245,0.19665481444823033,0.038317591701244234,-0.15833722274698608,-0.11709429476477179,-0.38372548990916233,-0.008864718593435298,7.652139119337772e-4,-0.15910243665891985,0.05714285714285714,very cold,short-distance,Dabbling ducks,10.071290709,Loss,Anas crecca
2010s minus 1970s,Cluster 1 to Cluster 2,Cluster 1,Cluster 2,Circus_aeruginosus,245,0.0982701292672105,0.45399469311517593,0.3557245638479654,0.34630614832172235,0.08237412766594521,0.6664867431736714,0.3622263136319755,-0.006501749784010018,0.9673469387755103,very warm,short-and long-distance,Diurnal raptors,13.2259231132,Gain,Circus aeruginosus
2010s minus 1970s,Cluster 1 to Cluster 2,Cluster 1,Cluster 2,Carduelis_carduelis,245,0.43172698704163426,0.7987652852978362,0.367038298256202,0.39781977840771104,0.046668458129066996,0.6543703006981252,0.3726814502884667,-0.005643152032264771,0.9346938775510204,very warm,sedentary and short-distance,Passerine seedeaters,13.4542440183,Gain,Carduelis carduelis
2010s minus 1970s,Cluster 1 to Cluster 2,Cluster 1,Cluster 2,Acanthis_flammea,245,0.09968260529485869,0.5184973632414213,0.41881475794656264,0.43398812344017884,0.13106018708930928,0.6666972590035858,0.41930914913470646,-4.943911881438566e-4,0.9877551020408163,very cold,short-distance,Passerine seedeaters,8.1923087262,Gain,Acanthis flammea
2010s minus 1970s,Cluster 1 to Cluster 2,Cluster 1,Cluster 2,Acrocephalus_palustris,245,0.4307249984299745,0.8527647388139531,0.42203974038397857,0.4473012121949316,0.08358951877931398,0.7367275436865868,0.4247098245393257,-0.0026700841553471775,0.963265306122449,medium,long-distance,Marsh warblers,12.248077272,Gain,Acrocephalus palustris
2010s minus 1970s,Cluster 1 to Cluster 2,Cluster 1,Cluster 2,Dendrocopos_major,245,0.4098633383904319,0.8576148488495668,0.44775151045913497,0.4611955790251657,0.10905165863876073,0.7690797310846604,0.4523066093565206,-0.004555098897385664,0.9469387755102041,medium,sedentary,Woodpeckers,12.1154284266,Gain,Dendrocopos major
2010s minus 1970s,Cluster 1 to Cluster 2,Cluster 1,Cluster 2,Anser_anser,245,0.1546402802725277,0.604587556146042,0.44994727587351424,0.44315226824930537,0.153307090036239,0.7689327770151422,0.4506049922806777,-6.57716407163408e-4,0.9959183673469387,cold,sedentary and short-distance,Grazing waterfowl,11.1956416463,Gain,Anser anser
2010s minus 1970s,Cluster 1 to Cluster 2,Cluster 1,Cluster 2,Corvus_corax,245,0.022029093023838937,0.4955911064444778,0.47356201342063886,0.4692658172145411,0.2520595942678776,0.708182244765185,0.47356201342063886,0,1,cold,sedentary,Omnivorous corvids,11.7378412998,Gain,Corvus corax
2010s minus 1970s,Cluster 1 to Cluster 2,Cluster 1,Cluster 2,Pyrrhula_pyrrhula,245,0.15726542553927939,0.6545216026218734,0.49725617708259406,0.5271484965354233,0.19591958813915666,0.7588719813056848,0.4990376986623681,-0.0017815215797740286,0.9755102040816327,very cold,short-distance,Passerine seedeaters,10.756294956,Gain,Pyrrhula pyrrhula
2010s minus 1970s,Cluster 1 to Cluster 2,Cluster 1,Cluster 2,Buteo_buteo,245,0.26791020023611845,0.7755409672149718,0.5076307669788533,0.5300405101109973,0.2248669990875998,0.7549209659249987,0.5090172897285371,-0.0013865227496837878,0.9836734693877551,warm,sedentary and short-distance,Diurnal raptors,12.6973693303,Gain,Buteo buteo
2010s minus 1970s,Cluster 1 to Cluster 2,Cluster 1,Cluster 2,Sitta_europaea,245,0.16920204124676785,0.7007374972883372,0.5315354560415694,0.5477363836851292,0.22720701496939222,0.8221682400464749,0.5325008590344225,-9.654029928530375e-4,0.9918367346938776,warm,sedentary,Tit-like birds,12.7946675987,Gain,Sitta europaea
2010s minus 1970s,Cluster 1 to Cluster 2,Cluster 1,Cluster 2,Phoenicurus_phoenicurus,245,0.4001006651391833,0.9390779479644837,0.5389772828253004,0.5652550442589795,0.18761312474303513,0.8351101735787761,0.5394254205973557,-4.481377720552233e-4,0.9877551020408163,cold,long-distance,Low flycatching feeders,11.3098485667,Gain,Phoenicurus phoenicurus
2010s minus 1970s,Cluster 1 to Cluster 2,Cluster 1,Cluster 2,Phylloscopus_collybita,245,0.398522567336656,0.9979755985089588,0.5994530311723028,0.625555877701629,0.26305410641090515,0.8835519766288688,0.5994530311723028,0,1,medium,short-distance,Foliage gleaners,11.9465889491,Gain,Phylloscopus collybita
2010s minus 1970s,Cluster 3 to Cluster 2,Cluster 3,Cluster 2,Athene_noctua,392,0.22263092012736885,0.018102959114564093,-0.20452796101280477,-0.18451252958891534,-0.3788512174872073,-0.06511394639565118,0,-0.20452796101280477,0,very warm,sedentary,Owls,14.2083192272,Loss,Athene noctua
2010s minus 1970s,Cluster 3 to Cluster 2,Cluster 3,Cluster 2,Perdix_perdix,392,0.6288219365897384,0.4768118106893754,-0.15201012590036297,-0.15798014385792558,-0.443462807293728,0.17731699557243857,0.04033803782276677,-0.1923481637231297,0.2755102040816326,warm,sedentary,Gallinaceous birds,12.8463889005,Loss,Perdix perdix
2010s minus 1970s,Cluster 3 to Cluster 2,Cluster 3,Cluster 2,Acrocephalus_schoenobaenus,392,0.3606540955138686,0.21836538585339194,-0.14228870966047674,-0.11670554193568845,-0.4936994738059105,0.15566344418032504,0.04263207486781603,-0.18492078452829278,0.3010204081632653,cold,long-distance,Marsh warblers,11.3913898283,Loss,Acrocephalus schoenobaenus
2010s minus 1970s,Cluster 3 to Cluster 2,Cluster 3,Cluster 2,Riparia_riparia,392,0.39903118533938625,0.2647993605870143,-0.13423182475237194,-0.1442979544730159,-0.30876133702657144,0.053015394098304726,0.01306276852947674,-0.14729459328184868,0.17091836734693877,medium,long-distance,Aerial insectivores,11.9550761988,Loss,Riparia riparia
2010s minus 1970s,Cluster 3 to Cluster 2,Cluster 3,Cluster 2,Chroicocephalus_ridibundus,392,0.19245063386335953,0.06811600440157038,-0.12433462946178915,-0.09655326079696697,-0.31047445977988236,0.006817325815239897,0.010199283892453923,-0.13453391335424308,0.11479591836734694,cold,short-distance,Gulls,11.0679667544,Loss,Chroicocephalus ridibundus
2010s minus 1970s,Cluster 3 to Cluster 2,Cluster 3,Cluster 2,Oenanthe_oenanthe,392,0.14118125668055287,0.030107179979142158,-0.11107407670141071,-0.08830013301487977,-0.22919231222907427,-0.011459599070170651,4.981084632583862e-4,-0.11157218516466909,0.04336734693877551,cold,long-distance,Low flycatching feeders,11.6202368597,Loss,Oenanthe oenanthe
2010s minus 1970s,Cluster 3 to Cluster 2,Cluster 3,Cluster 2,Saxicola_rubetra,392,0.6187694249445099,0.546619566286113,-0.0721498586583969,-0.08873742723172928,-0.3710282509860835,0.23200934252274513,0.06160085064678455,-0.13375070930518143,0.35714285714285715,cold,long-distance,Low flycatching feeders,11.2990488425,Loss,Saxicola rubetra
2010s minus 1970s,Cluster 3 to Cluster 2,Cluster 3,Cluster 2,Passer_domesticus,392,0.9519823289313498,0.9048705787410783,-0.04711175019027151,-0.027591764156569942,-0.18235154964729072,0.04564156823470239,0.0160512448735735,-0.06316299506384498,0.25510204081632654,medium,sedentary,Passerine seedeaters,12.2628071769,Loss,Passer domesticus
2010s minus 1970s,Cluster 3 to Cluster 2,Cluster 3,Cluster 2,Numenius_arquata,392,0.10694414925658607,0.07071709254595024,-0.036227056710635835,-0.02515316144144912,-0.15579059391401237,0.05231558887844197,0.019933500998740222,-0.05616055770937608,0.24744897959183673,very cold,short-distance,Scolopacids,10.0493203009,Loss,Numenius arquata
2010s minus 1970s,Cluster 3 to Cluster 2,Cluster 3,Cluster 2,Tringa_glareola,392,0.04747139721416752,0.011675341098605461,-0.03579605611556206,-0.012906236664675146,-0.10629797258262093,3.723273280027347e-4,0.003174824438485396,-0.038970880554047474,0.11989795918367346,very cold,long-distance,Scolopacids,7.6706167812,Loss,Tringa glareola
2010s minus 1970s,Cluster 3 to Cluster 2,Cluster 3,Cluster 2,Linaria_cannabina,392,0.8440595893353606,0.8179175950745338,-0.02614199426082687,-0.0314232866637702,-0.24411297720923467,0.17605541325623117,0.0554012236291112,-0.0815432178899381,0.4260204081632653,very warm,short-distance,Passerine seedeaters,13.1603552715,Loss,Linaria cannabina
2010s minus 1970s,Cluster 3 to Cluster 2,Cluster 3,Cluster 2,Hippolais_icterina,392,0.7792235130294785,0.7539979306445455,-0.02522558238493291,-0.04045617410339303,-0.2871368993045646,0.2721379626557722,0.07619689426064243,-0.10142247664557537,0.4030612244897959,cold,long-distance,Foliage gleaners,11.3916568563,Loss,Hippolais icterina
2010s minus 1970s,Cluster 3 to Cluster 2,Cluster 3,Cluster 2,Dendrocopos_major,392,0.4888801622997493,0.8927066753533268,0.40382651305357753,0.39613143407074486,0.08785011234931438,0.7295701322982906,0.4054547541023364,-0.001628241048758885,0.9693877551020408,medium,sedentary,Woodpeckers,12.1154284266,Gain,Dendrocopos major
2010s minus 1970s,Cluster 3 to Cluster 2,Cluster 3,Cluster 2,Coturnix_coturnix,392,0.019436391985026457,0.4680315733375777,0.4485951813525512,0.44250455746445094,0.20727031702583107,0.6981825421957542,0.4485951813525512,0,1,very warm,short-and long-distance,Gallinaceous birds,13.6002736383,Gain,Coturnix coturnix
2010s minus 1970s,Cluster 3 to Cluster 2,Cluster 3,Cluster 2,Certhia_familiaris,392,0.0641500279354039,0.5213967677604042,0.45724673982500036,0.45786121049691475,0.14519034118600818,0.773712075974631,0.45733070380360574,-8.396397860537512e-5,0.9948979591836735,cold,sedentary,Tit-like birds,11.119463211,Gain,Certhia familiaris
2010s minus 1970s,Cluster 3 to Cluster 2,Cluster 3,Cluster 2,Acanthis_flammea,392,0.12939920803377752,0.6106233574529857,0.48122414941920816,0.48330151605442356,0.23908940054049066,0.7167341353478683,0.4814406795552079,-2.1653013599978884e-4,0.9974489795918368,very cold,short-distance,Passerine seedeaters,8.1923087262,Gain,Acanthis flammea
2010s minus 1970s,Cluster 3 to Cluster 2,Cluster 3,Cluster 2,Buteo_buteo,392,0.37950527306658804,0.8869509935672083,0.5074457205006202,0.5322456931788682,0.1487780450680382,0.8117363764789997,0.5078160128004108,-3.702922997906084e-4,0.9846938775510204,warm,sedentary and short-distance,Diurnal raptors,12.6973693303,Gain,Buteo buteo
2010s minus 1970s,Cluster 3 to Cluster 2,Cluster 3,Cluster 2,Turdus_viscivorus,392,0.2724327019720868,0.8037104333955906,0.5312777314235038,0.5649968919215532,0.22265378671981967,0.7937633360535935,0.5312950109092832,-1.7279485779458815e-5,0.9974489795918368,medium,short-distance,Thrushes,11.9147042629,Gain,Turdus viscivorus
2010s minus 1970s,Cluster 3 to Cluster 2,Cluster 3,Cluster 2,Phylloscopus_collybita,392,0.4616489750426213,0.9988428248100867,0.5371938497674653,0.5449816254408941,0.2129569497958719,0.8194558106720996,0.5371938497674653,0,1,medium,short-distance,Foliage gleaners,11.9465889491,Gain,Phylloscopus collybita
2010s minus 1970s,Cluster 3 to Cluster 2,Cluster 3,Cluster 2,Acrocephalus_palustris,392,0.19316307958242554,0.7466665518434343,0.5535034722610088,0.5803574030662155,0.27980708591583503,0.7980332523144961,0.5537344618065648,-2.3098954555603898e-4,0.9948979591836735,medium,long-distance,Marsh warblers,12.248077272,Gain,Acrocephalus palustris
2010s minus 1970s,Cluster 3 to Cluster 2,Cluster 3,Cluster 2,Pyrrhula_pyrrhula,392,0.18042815276017035,0.7479939958717017,0.5675658431115314,0.5938014006726924,0.2877036181050117,0.8233601974872161,0.5681797395889476,-6.138964774162394e-4,0.9948979591836735,very cold,short-distance,Passerine seedeaters,10.756294956,Gain,Pyrrhula pyrrhula
2010s minus 1970s,Cluster 3 to Cluster 2,Cluster 3,Cluster 2,Corvus_corax,392,0.033963185924465816,0.640683729739732,0.6067205438152662,0.6292943173136358,0.3478982439297732,0.8359947535140829,0.6067205438152662,0,1,cold,sedentary,Omnivorous corvids,11.7378412998,Gain,Corvus corax
2010s minus 1970s,Cluster 3 to Cluster 2,Cluster 3,Cluster 2,Sitta_europaea,392,0.12222249574642552,0.7495857231669248,0.6273632274204993,0.6648405438506335,0.3387780121719173,0.8683381766638036,0.6274470363392849,-8.380891878558087e-5,0.9948979591836735,warm,sedentary,Tit-like birds,12.7946675987,Gain,Sitta europaea
2010s minus 1970s,Cluster 3 to Cluster 2,Cluster 3,Cluster 2,Phoenicurus_phoenicurus,392,0.2519528849071714,0.9336210701140862,0.6816681852069149,0.7245088643975568,0.4151185185333421,0.8804717390457693,0.6816681852069149,0,1,cold,long-distance,Low flycatching feeders,11.3098485667,Gain,Phoenicurus phoenicurus
