comparison,transition,source_cluster,target_cluster,trait_family,trait_value,n_species_in_trait_group,mean_expected_richness_delta_per_species,median_expected_richness_delta_per_species,q10_expected_richness_delta_per_species,q90_expected_richness_delta_per_species,mean_expected_richness_gain_per_species,mean_expected_richness_loss_per_species,absolute_change_share_per_species,prop_sites_increase,n_sites,mean_expected_richness_delta,median_expected_richness_delta,q10_expected_richness_delta,q90_expected_richness_delta,mean_expected_richness_gain,mean_expected_richness_loss,total_absolute_trait_change,total_absolute_trait_change_per_species,absolute_change_share,driver_direction,driver_direction_per_species
1990s minus 1970s,Cluster 1 to Cluster 2,Cluster 1,Cluster 2,Thermal affinity,cold,31,0.052250838491607804,0.0495494201864619,-0.05207301514338793,0.18112425955277833,0.0991809550678767,-0.046930116576268895,0.11981138891363266,0.647887323943662,142,1.619775993239842,1.5360320257803188,-1.6142634694450257,5.614852046136129,3.0746096071041777,-1.4548336138643356,13.621609221702673,0.43610911254249285,0.11891223473502151,Gain,Gain
1990s minus 1970s,Cluster 1 to Cluster 2,Cluster 1,Cluster 2,Thermal affinity,medium,31,0.13119470716878628,0.12445094485777604,0.0012592758434889024,0.26639721048834586,0.15611376876786479,-0.0249190615990785,0.3008300065181581,0.9084507042253521,142,4.067035922232375,3.8579792905910573,0.03903755114815598,8.258313525138721,4.839526831803808,-0.7724909095714335,13.621609221702673,0.43610911254249285,0.29857235338630594,Gain,Gain
1990s minus 1970s,Cluster 1 to Cluster 2,Cluster 1,Cluster 2,Thermal affinity,very cold,32,0.061405291817612034,0.05916213778639885,-0.04312376900801417,0.15323421201881093,0.09470646971427614,-0.033301177896664105,0.1408025882780171,0.7887323943661971,142,1.964969338163585,1.8931884091647633,-1.3799606082564535,4.90349478460195,3.0306070308568365,-1.0656376926932514,13.621609221702673,0.43610911254249285,0.1442538327287272,Gain,Gain
1990s minus 1970s,Cluster 1 to Cluster 2,Cluster 1,Cluster 2,Thermal affinity,very warm,32,0.040821441067782224,0.03806580913994721,-0.03010107446541956,0.11457981956024008,0.06946701234365195,-0.028645571275869725,0.09360373331755303,0.7253521126760564,142,1.3062861141690312,1.2181058924783108,-0.9632343828934259,3.6665542259276824,2.2229443949968624,-0.9166582808278312,13.621609221702673,0.43610911254249285,0.09589807583730904,Gain,Gain
1990s minus 1970s,Cluster 1 to Cluster 2,Cluster 1,Cluster 2,Thermal affinity,warm,31,0.15043683399670452,0.14775969607043254,0.019324387700716643,0.2813121702837785,0.16544540519282624,-0.015008571196121734,0.34495228297263913,0.9225352112676056,142,4.66354185389784,4.580550578183409,0.5990560187222159,8.720677278797133,5.128807560977614,-0.4652657070797737,13.621609221702673,0.43610911254249285,0.34236350331263626,Gain,Gain
1990s minus 1970s,Cluster 1 to Cluster 2,Cluster 1,Cluster 2,Migratory strategy,long-distance,44,0.031704682305429006,0.02863978890323382,-0.06837635581197372,0.1500567615586021,0.07928331892818373,-0.047578636622754716,0.07652668037928291,0.6056338028169014,142,1.3950060214388764,1.260150711742288,-3.008559655726844,6.602497508578492,3.488466032840084,-2.0934600114012074,13.621609221702673,0.4142958004749937,0.10241124956192978,Gain,Gain
1990s minus 1970s,Cluster 1 to Cluster 2,Cluster 1,Cluster 2,Migratory strategy,sedentary,35,0.14332717526244224,0.13568795713918633,0.01431447464330923,0.286112975444078,0.1623856507544288,-0.01905847549198655,0.3459537246047785,0.9295774647887324,142,5.016451134185478,4.749078499871521,0.501006612515823,10.01395414054273,5.683497776405008,-0.6670466422195293,13.621609221702673,0.4142958004749937,0.3682715494578277,Gain,Gain
1990s minus 1970s,Cluster 1 to Cluster 2,Cluster 1,Cluster 2,Migratory strategy,sedentary and short-distance,31,0.12933362635297863,0.12595420059736048,0.00840652634801731,0.24486340869256643,0.14324594886946568,-0.013912322516487009,0.3121770150812451,0.9225352112676056,142,4.009342416942338,3.904580218518175,0.2606023167885366,7.590765669469559,4.440624414953436,-0.4312819980110973,13.621609221702673,0.4142958004749937,0.2943369136265075,Gain,Gain
1990s minus 1970s,Cluster 1 to Cluster 2,Cluster 1,Cluster 2,Migratory strategy,short-and long-distance,8,0.035047506337923515,0.03470690476694281,-0.02564056261877503,0.09557849490747494,0.05408258401278353,-0.019035077674860013,0.08459536953486192,0.7887323943661971,142,0.2803800507033881,0.2776552381355425,-0.20512450095020024,0.7646279592597995,0.4326606721022682,-0.1522806213988801,13.621609221702673,0.4142958004749937,0.020583474840598987,Gain,Gain
1990s minus 1970s,Cluster 1 to Cluster 2,Cluster 1,Cluster 2,Migratory strategy,short-distance,39,0.07488281021622033,0.07032448219188743,-0.03592256343020143,0.17948631476373927,0.10900632126765394,-0.034123511051433623,0.18074721039983158,0.8028169014084507,142,2.9204295984325928,2.7426548054836095,-1.4009799737778557,6.999966275785832,4.251246529438504,-1.3308169310059113,13.621609221702673,0.4142958004749937,0.21439681251313603,Gain,Gain
1990s minus 1970s,Cluster 1 to Cluster 2,Cluster 1,Cluster 2,Foraging guild,Aerial insectivores,4,0.072744605953275407,0.07649910105625858,-0.06729615883817641,0.21201691396589448,0.11500134542243065,-0.04225673946915524,0.02730583353049691,0.704225352112676,142,0.29097842381310163,0.3059964042250343,-0.26918463535270565,0.8480676558635779,0.4600053816897226,-0.16902695787662095,15.426941276294938,2.664068316099179,0.01886170554497537,Gain,Gain
1990s minus 1970s,Cluster 1 to Cluster 2,Cluster 1,Cluster 2,Foraging guild,Aquatic pursuers,6,0.07328419380264832,0.06713452102549435,-0.05301874564914199,0.2151060978274555,0.096130624704112,-0.02284643090146368,0.027508376327959026,0.7816901408450704,142,0.43970516281588995,0.4028071261529661,-0.3181124738948519,1.290636586964733,0.576783748224672,-0.13707858540878207,15.426941276294938,2.664068316099179,0.02850242021025526,Gain,Gain
1990s minus 1970s,Cluster 1 to Cluster 2,Cluster 1,Cluster 2,Foraging guild,Buntings,3,-0.0663169353268787,-0.0635679855732433,-0.1904756157685148,0.0776196542225311,0.0287496881115738,-0.0950666234384525,0.024893106128743066,0.176056338028169,142,-0.19895080598063608,-0.19070395671972987,-0.5714268473055444,0.2328589626675933,0.0862490643347214,-0.2851998703153575,15.426941276294938,2.664068316099179,0.012896322246740135,Loss,Loss
1990s minus 1970s,Cluster 1 to Cluster 2,Cluster 1,Cluster 2,Foraging guild,Columbids,4,0.1275783186213927,0.11978754384341164,0.017101527391952146,0.23613982618934537,0.1308229301572361,-0.003244611535843386,0.047888531180085236,0.9577464788732394,142,0.5103132744855708,0.47915017537364657,0.06840610956780858,0.9445593047573815,0.5232917206289444,-0.012978446143373543,15.426941276294938,2.664068316099179,0.033079355482458404,Gain,Gain
1990s minus 1970s,Cluster 1 to Cluster 2,Cluster 1,Cluster 2,Foraging guild,Cuckoos,1,0.08038404480626446,0.05957817920586095,-0.004932218255530023,0.19965418499845786,0.08796474661639936,-0.007580701810134889,0.030173417220758645,0.8873239436619719,142,0.08038404480626446,0.05957817920586095,-0.004932218255530023,0.19965418499845786,0.08796474661639936,-0.007580701810134889,15.426941276294938,2.664068316099179,0.005210627522759985,Gain,Gain
1990s minus 1970s,Cluster 1 to Cluster 2,Cluster 1,Cluster 2,Foraging guild,Dabbling ducks,7,0.028932737240392074,0.02162257146846453,-0.10419293516401483,0.15612971630678163,0.06549322140456845,-0.03656048416417638,0.010860358597243628,0.6197183098591549,142,0.2025291606827445,0.15135800027925173,-0.7293505461481038,1.0929080141474714,0.45845254983197914,-0.2559233891492346,15.426941276294938,2.664068316099179,0.013128277151994551,Gain,Gain
1990s minus 1970s,Cluster 1 to Cluster 2,Cluster 1,Cluster 2,Foraging guild,Dippers,1,3.349617342859069e-4,-1.823290730800852e-5,-0.0034518527394136805,0.003706863249994715,0.0017305474143000754,-0.001395585680014168,1.2573316241993728e-4,0.49295774647887325,142,3.349617342859069e-4,-1.823290730800852e-5,-0.0034518527394136805,0.003706863249994715,0.0017305474143000754,-0.001395585680014168,15.426941276294938,2.664068316099179,2.1712776906761785e-5,Gain,Gain
1990s minus 1970s,Cluster 1 to Cluster 2,Cluster 1,Cluster 2,Foraging guild,Diurnal raptors,7,0.26439973943272166,0.2591284867820594,0.1277142837862885,0.3901781435554037,0.268899912523579,-0.004500173090857348,0.09924660634073562,0.9929577464788732,142,1.8507981760290515,1.8138994074744157,0.8939999865040194,2.731247004887826,1.882299387665053,-0.03150121163600144,15.426941276294938,2.664068316099179,0.11997181702331303,Gain,Gain
1990s minus 1970s,Cluster 1 to Cluster 2,Cluster 1,Cluster 2,Foraging guild,Diving ducks,3,0.0680266291494877,0.048145316026839545,-0.07420316559724395,0.22205943079691123,0.09318921136424872,-0.025162582214761,0.025534866631759145,0.7323943661971831,142,0.20407988744846312,0.14443594808051863,-0.22260949679173184,0.6661782923907337,0.27956763409274615,-0.075487746644283,15.426941276294938,2.664068316099179,0.013228797840959736,Gain,Gain
1990s minus 1970s,Cluster 1 to Cluster 2,Cluster 1,Cluster 2,Foraging guild,Flycatchers,3,0.15072089195043423,0.16019779272791948,-0.03492144190893838,0.3302954872803065,0.16641839827744495,-0.015697506327010707,0.05657546056143371,0.8732394366197183,142,0.4521626758513027,0.48059337818375847,-0.10476432572681514,0.9908864618409196,0.4992551948323348,-0.047092518981032117,15.426941276294938,2.664068316099179,0.029309936931314867,Gain,Gain
1990s minus 1970s,Cluster 1 to Cluster 2,Cluster 1,Cluster 2,Foraging guild,Foliage gleaners,9,0.14563959930088513,0.1199141959551323,-3.290404991511535e-4,0.31306897102952386,0.15863227742298314,-0.012992678122097994,0.054668117337972645,0.8943661971830986,142,1.3107563937079663,1.0792277635961907,-0.002961364492360382,2.8176207392657147,1.4276904968068482,-0.11693410309888194,15.426941276294938,2.664068316099179,0.08496541020235013,Gain,Gain
1990s minus 1970s,Cluster 1 to Cluster 2,Cluster 1,Cluster 2,Foraging guild,Gallinaceous birds,2,0.08001770925875606,0.08496303656948719,-0.04680697962050526,0.19732871289571396,0.09893205841055984,-0.018914349151803764,0.030035907403426036,0.8028169014084507,142,0.16003541851751213,0.16992607313897437,-0.09361395924101051,0.39465742579142793,0.19786411682111968,-0.03782869830360753,15.426941276294938,2.664068316099179,0.01037376208616434,Gain,Gain
1990s minus 1970s,Cluster 1 to Cluster 2,Cluster 1,Cluster 2,Foraging guild,Grazing waterfowl,2,0.08872098495699522,0.08301250500142633,-0.1274576316489054,0.31633677213604006,0.1319574153428278,-0.04323643038583255,0.03330281900837421,0.6971830985915493,142,0.17744196991399044,0.16602501000285266,-0.2549152632978108,0.6326735442720801,0.2639148306856556,-0.0864728607716651,15.426941276294938,2.664068316099179,0.011502083707717747,Gain,Gain
1990s minus 1970s,Cluster 1 to Cluster 2,Cluster 1,Cluster 2,Foraging guild,Gulls,5,-0.022293439506091153,-0.03765713171489713,-0.11981955677494438,0.10292294798526638,0.03557590811994575,-0.05786934762603689,0.008368193627532036,0.29577464788732394,142,-0.11146719753045577,-0.18828565857448565,-0.5990977838747219,0.5146147399263319,0.17787954059972877,-0.28934673813018447,15.426941276294938,2.664068316099179,0.007225489196729907,Loss,Loss
1990s minus 1970s,Cluster 1 to Cluster 2,Cluster 1,Cluster 2,Foraging guild,Kingfishers,1,0.04629167213140205,0.008356353001396196,-5.238377819539332e-4,0.18535863608991604,0.04773127082245491,-0.0014395986910528573,0.017376308201879714,0.7887323943661971,142,0.04629167213140205,0.008356353001396196,-5.238377819539332e-4,0.18535863608991604,0.04773127082245491,-0.0014395986910528573,15.426941276294938,2.664068316099179,0.003000703205017958,Gain,Gain
1990s minus 1970s,Cluster 1 to Cluster 2,Cluster 1,Cluster 2,Foraging guild,Low flycatching feeders,9,0.12336335410906647,0.11097468556462836,-0.04817921887544741,0.32386728308783663,0.16003753015135186,-0.03667417604228538,0.046306377867103406,0.7676056338028169,142,1.1102701869815983,0.9987721700816553,-0.4336129698790267,2.9148055477905297,1.4403377713621668,-0.33006758438056844,15.426941276294938,2.664068316099179,0.07196956072475891,Gain,Gain
1990s minus 1970s,Cluster 1 to Cluster 2,Cluster 1,Cluster 2,Foraging guild,Marsh warblers,6,0.012857926621982289,-0.004537580361840022,-0.1371372812798279,0.1797986248854637,0.09833477865998497,-0.08547685203800266,0.004826425262550815,0.49295774647887325,142,0.07714755973189373,-0.02722548217104013,-0.8228236876789674,1.078791749312782,0.5900086719599098,-0.512861112228016,15.426941276294938,2.664068316099179,0.005000833175558838,Gain,Gain
1990s minus 1970s,Cluster 1 to Cluster 2,Cluster 1,Cluster 2,Foraging guild,Nigthjars,1,0.018847062171962053,-0.001934649152292531,-0.03410864951432009,0.07542913417707532,0.03056320716841463,-0.01171614499645255,0.00707454161669494,0.3732394366197183,142,0.018847062171962053,-0.001934649152292531,-0.03410864951432009,0.07542913417707532,0.03056320716841463,-0.01171614499645255,15.426941276294938,2.664068316099179,0.0012216979266604507,Gain,Gain
1990s minus 1970s,Cluster 1 to Cluster 2,Cluster 1,Cluster 2,Foraging guild,Omnivorous corvids,7,0.1837526748559332,0.17714306072945574,0.02432963124484391,0.37541454973298827,0.1972181839920397,-0.013465509136106491,0.06897446050669985,0.9225352112676056,142,1.2862687239915322,1.2400014251061902,0.17030741871390737,2.627901848130918,1.3805272879442778,-0.09425856395274544,15.426941276294938,2.664068316099179,0.08337807871013386,Gain,Gain
1990s minus 1970s,Cluster 1 to Cluster 2,Cluster 1,Cluster 2,Foraging guild,Open-land insectivores,6,0.011732272112875879,6.659532986052532e-4,-0.09670266259827694,0.12112818225597101,0.06212219208438555,-0.05038991997150966,0.004403893114143063,0.5070422535211268,142,0.07039363267725528,0.003995719791631519,-0.5802159755896616,0.7267690935358261,0.3727331525063133,-0.302339519829058,15.426941276294938,2.664068316099179,0.004563032387076124,Gain,Gain
1990s minus 1970s,Cluster 1 to Cluster 2,Cluster 1,Cluster 2,Foraging guild,Orioles,1,-0.014183870602443737,-0.0028325426444902714,-0.09890470578188201,0.04901218566210673,0.0186515978703533,-0.032835468472797044,0.005324139218476293,0.3380281690140845,142,-0.014183870602443737,-0.0028325426444902714,-0.09890470578188201,0.04901218566210673,0.0186515978703533,-0.032835468472797044,15.426941276294938,2.664068316099179,9.194220907704299e-4,Loss,Loss
1990s minus 1970s,Cluster 1 to Cluster 2,Cluster 1,Cluster 2,Foraging guild,Owls,5,0.04027369650048519,0.04753951072040703,-0.08419053616007821,0.14862001443905537,0.08082858308032215,-0.040554886579836955,0.015117366269141074,0.704225352112676,142,0.20136848250242595,0.23769755360203515,-0.42095268080039105,0.7431000721952769,0.40414291540161074,-0.2027744328991848,15.426941276294938,2.664068316099179,0.01305304006127573,Gain,Gain
1990s minus 1970s,Cluster 1 to Cluster 2,Cluster 1,Cluster 2,Foraging guild,Passerine seedeaters,12,0.1637057430116823,0.14802736739052028,0.05337058563867528,0.2972132528803961,0.1693352735908247,-0.005629530579142422,0.06144952891125026,0.9507042253521126,142,1.9644689161401876,1.7763284086862432,0.6404470276641033,3.5665590345647527,2.0320232830898965,-0.06755436694970907,15.426941276294938,2.664068316099179,0.1273401435162519,Gain,Gain
1990s minus 1970s,Cluster 1 to Cluster 2,Cluster 1,Cluster 2,Foraging guild,Plovers,6,0.0031262066824305668,0.017427828078622913,-0.13575659471792167,0.13477819133078006,0.055915299402072745,-0.05278909271964219,0.0011734709142174201,0.5633802816901409,142,0.0187572400945834,0.10456696847173748,-0.81453956830753,0.8086691479846804,0.3354917964124365,-0.31673455631785313,15.426941276294938,2.664068316099179,0.0012158755101638848,Gain,Gain
1990s minus 1970s,Cluster 1 to Cluster 2,Cluster 1,Cluster 2,Foraging guild,Rails,5,0.04116680492704419,0.024098531596160315,-0.08809051977221105,0.19309374601216653,0.07922837588343347,-0.03806157095638928,0.01545260858299687,0.6126760563380281,142,0.20583402463522096,0.12049265798080157,-0.44045259886105526,0.9654687300608327,0.39614187941716733,-0.19030785478194642,15.426941276294938,2.664068316099179,0.013342503931839413,Gain,Gain
1990s minus 1970s,Cluster 1 to Cluster 2,Cluster 1,Cluster 2,Foraging guild,Reedlings,1,0.043196863200919366,0.009583082114822002,-0.01615334999722588,0.12854973684487958,0.05016552597619722,-0.006968662775277848,0.016214622928352566,0.704225352112676,142,0.043196863200919366,0.009583082114822002,-0.01615334999722588,0.12854973684487958,0.05016552597619722,-0.006968662775277848,15.426941276294938,2.664068316099179,0.0028000925411763725,Gain,Gain
1990s minus 1970s,Cluster 1 to Cluster 2,Cluster 1,Cluster 2,Foraging guild,Scolopacids,9,-0.044127507105333835,-0.03962220943526003,-0.1294550882705201,0.04649004687471919,0.026743036717796164,-0.07087054382313,0.01656395477498372,0.29577464788732394,142,-0.3971475639480045,-0.35659988491734024,-1.165095794434681,0.41841042187247274,0.24068733046016547,-0.63783489440817,15.426941276294938,2.664068316099179,0.025743765846717913,Loss,Loss
1990s minus 1970s,Cluster 1 to Cluster 2,Cluster 1,Cluster 2,Foraging guild,Shrikes,2,0.0735056835479293,0.05436587987992452,-0.037435704537506234,0.23541200082312103,0.08389199831854592,-0.010386314770616623,0.02759151599218704,0.7605633802816901,142,0.1470113670958586,0.10873175975984904,-0.07487140907501247,0.47082400164624205,0.16778399663709184,-0.020772629541233247,15.426941276294938,2.664068316099179,0.00952952140433415,Gain,Gain
1990s minus 1970s,Cluster 1 to Cluster 2,Cluster 1,Cluster 2,Foraging guild,Starlings,1,0.012868214859634684,0.002725894541430518,-0.022287775089702984,0.07316902676098026,0.024596825624925288,-0.0117286107652906,0.0048302871145875,0.6408450704225352,142,0.012868214859634684,0.002725894541430518,-0.022287775089702984,0.07316902676098026,0.024596825624925288,-0.0117286107652906,15.426941276294938,2.664068316099179,8.34139096608088e-4,Gain,Gain
1990s minus 1970s,Cluster 1 to Cluster 2,Cluster 1,Cluster 2,Foraging guild,Terns,5,-0.036183317846918625,-0.016615335658689414,-0.12130802670934919,0.013349040539128592,0.011432188220827656,-0.04761550606774628,0.013581978220400703,0.18309859154929578,142,-0.18091658923459314,-0.08307667829344707,-0.606540133546746,0.06674520269564296,0.05716094110413828,-0.2380775303387314,15.426941276294938,2.664068316099179,0.011727314312953914,Loss,Loss
1990s minus 1970s,Cluster 1 to Cluster 2,Cluster 1,Cluster 2,Foraging guild,Thrushes,4,0.1509442139537556,0.15329171107664774,0.04217129579525219,0.2601782385437029,0.1528497891713656,-0.0019055752176100119,0.0566592879925742,0.971830985915493,142,0.6037768558150224,0.613166844306591,0.16868518318100875,1.0407129541748117,0.6113991566854624,-0.0076223008704400476,15.426941276294938,2.664068316099179,0.03913782032364295,Gain,Gain
1990s minus 1970s,Cluster 1 to Cluster 2,Cluster 1,Cluster 2,Foraging guild,Tit-like birds,12,0.19324294708688114,0.1806203288006362,0.01316596940281622,0.3938017099717326,0.2007643370951602,-0.007521390008279071,0.07253678365494551,0.9295774647887324,142,2.3189153650425736,2.1674439456076344,0.15799163283379464,4.725620519660791,2.4091720451419225,-0.09025668009934885,15.426941276294938,2.664068316099179,0.15031595204201773,Gain,Gain
1990s minus 1970s,Cluster 1 to Cluster 2,Cluster 1,Cluster 2,Foraging guild,Wading birds,2,0.062392645509785544,0.05414638342744253,0.009709985345729803,0.11966467626484674,0.06898447978327168,-0.0065918342734861265,0.023420062140577163,0.9366197183098591,142,0.12478529101957109,0.10829276685488506,0.019419970691459607,0.23932935252969348,0.13796895956654337,-0.013183668546972253,15.426941276294938,2.664068316099179,0.008088790174583497,Gain,Gain
1990s minus 1970s,Cluster 1 to Cluster 2,Cluster 1,Cluster 2,Foraging guild,Woodpeckers,5,0.11891084822020423,0.11991894751719907,0.026505823134591495,0.2058761264268115,0.12525177006872504,-0.0063409218485208085,0.04463505965729798,0.9436619718309859,142,0.5945542411010212,0.5995947375859954,0.13252911567295747,1.0293806321340575,0.6262588503436252,-0.03170460924260404,15.426941276294938,2.664068316099179,0.03853999509381773,Gain,Gain
1990s minus 1970s,Cluster 3 to Cluster 2,Cluster 3,Cluster 2,Thermal affinity,cold,31,0.11631230387991216,0.10999709606838706,0.015573729310225404,0.22803571592334398,0.13444119123609233,-0.018128887356180148,0.19428894280739578,0.9497716894977168,219,3.605681420277277,3.409909978119999,0.48278560861698755,7.069107193623664,4.167676928318862,-0.5619955080415846,18.70465720405977,0.5986563218639565,0.1927691794049387,Gain,Gain
1990s minus 1970s,Cluster 3 to Cluster 2,Cluster 3,Cluster 2,Thermal affinity,medium,31,0.1601333319080312,0.1534719234893573,0.06796159937146927,0.2545092316539654,0.16795202835760556,-0.00781869644957437,0.2674879159539239,0.9954337899543378,219,4.964133289148967,4.757629628170076,2.1068095805155473,7.889786181272926,5.206512879085772,-0.2423795899368055,18.70465720405977,0.5986563218639565,0.2653955768872108,Gain,Gain
1990s minus 1970s,Cluster 3 to Cluster 2,Cluster 3,Cluster 2,Thermal affinity,very cold,32,0.09149316627740407,0.08652271226237629,0.026218731957470605,0.16044792658207438,0.09919715507778154,-0.007703988800377478,0.15283086962572112,0.9680365296803652,219,2.9277813208769303,2.7687267923960412,0.8389994226390594,5.13433365062638,3.1743089624890093,-0.2465276416120793,18.70465720405977,0.5986563218639565,0.15652686327988236,Gain,Gain
1990s minus 1970s,Cluster 3 to Cluster 2,Cluster 3,Cluster 2,Thermal affinity,very warm,32,0.05481805999971725,0.053201625323300944,0.005873113337770575,0.10311402637636684,0.06746835071598109,-0.012650290716263835,0.09156849764659222,0.908675799086758,219,1.754177919990952,1.7024520103456302,0.1879396268086584,3.299648844043739,2.158987222911395,-0.4048093029204427,18.70465720405977,0.5986563218639565,0.09378294939349194,Gain,Gain
1990s minus 1970s,Cluster 3 to Cluster 2,Cluster 3,Cluster 2,Thermal affinity,warm,31,0.17589945979889177,0.1691979743562068,0.07684915453241646,0.2701378230035668,0.18036355932162604,-0.004464099522734244,0.29382377396636694,1,219,5.452883253765645,5.24513720504241,2.3823237905049104,8.37427251311057,5.591270338970407,-0.13838708520476156,18.70465720405977,0.5986563218639565,0.2915254310344762,Gain,Gain
1990s minus 1970s,Cluster 3 to Cluster 2,Cluster 3,Cluster 2,Migratory strategy,long-distance,44,0.08674170246187615,0.08079133826335183,0.004580976126224231,0.17006427013660647,0.10159081325494225,-0.014849110793066101,0.16063318927766773,0.91324200913242,219,3.8166349083225506,3.5548188835874805,0.20156294955386617,7.482827886010685,4.469995783217459,-0.6533608748949085,18.70465720405977,0.5399986319884116,0.20404730579580818,Gain,Gain
1990s minus 1970s,Cluster 3 to Cluster 2,Cluster 3,Cluster 2,Migratory strategy,sedentary,35,0.14979351544665662,0.14443483365708737,0.048386864035587285,0.2571070905427956,0.161884411433586,-0.012090895986929426,0.27739610171803397,0.9680365296803652,219,5.242773040632981,5.055219177998058,1.693540241245555,8.998748168997848,5.665954400175511,-0.42318135954252994,18.70465720405977,0.5399986319884116,0.28029238833070186,Gain,Gain
1990s minus 1970s,Cluster 3 to Cluster 2,Cluster 3,Cluster 2,Migratory strategy,sedentary and short-distance,31,0.16459133303547915,0.16250759660731512,0.07645285030903398,0.2609624294070273,0.16939727723732614,-0.004805944201846967,0.30479953704588514,1,219,5.102331324099854,5.0377354948267685,2.3700383595800534,8.089835311617847,5.25131559435711,-0.14898427025725597,18.70465720405977,0.5399986319884116,0.27278400605986053,Gain,Gain
1990s minus 1970s,Cluster 3 to Cluster 2,Cluster 3,Cluster 2,Migratory strategy,short-and long-distance,8,0.028164297733135453,0.025392031171240562,0.0087765070541422,0.047486277657668476,0.029276356283388018,-0.0011120585502525635,0.05215623904347199,0.9771689497716894,219,0.22531438186508362,0.2031362493699245,0.0702120564331376,0.3798902212613478,0.23421085026710414,-0.008896468402020508,18.70465720405977,0.5399986319884116,0.012045897415119697,Gain,Gain
1990s minus 1970s,Cluster 3 to Cluster 2,Cluster 3,Cluster 2,Migratory strategy,short-distance,39,0.11070778331126416,0.1067821254757226,0.04133935777792663,0.1793726474680932,0.11993024881431438,-0.009222465503050227,0.20501493291494108,0.9954337899543378,219,4.317603549139302,4.164502893553181,1.6122349533391387,6.995533251255635,4.677279703758261,-0.35967615461895885,18.70465720405977,0.5399986319884116,0.2308304023985098,Gain,Gain
1990s minus 1970s,Cluster 3 to Cluster 2,Cluster 3,Cluster 2,Foraging guild,Aerial insectivores,4,0.08599273205317556,0.08838035753602946,-0.028325645739057173,0.19836971812038046,0.10991331199591207,-0.023920579942736504,0.025984412810476188,0.8356164383561644,219,0.34397092821270225,0.35352143014411785,-0.11330258295622869,0.7934788724815218,0.4396532479836483,-0.09568231977094602,18.708604710397278,3.309396778768297,0.018385707193949153,Gain,Gain
1990s minus 1970s,Cluster 3 to Cluster 2,Cluster 3,Cluster 2,Foraging guild,Aquatic pursuers,6,0.07668457969189807,0.06585996912777663,0.008693296968136201,0.15936288576678095,0.07971523403058785,-0.0030306543386897735,0.023171769605830946,0.9269406392694064,219,0.4601074781513884,0.39515981476665973,0.0521597818088172,0.9561773146006857,0.4782914041835271,-0.018183926032138642,18.708604710397278,3.309396778768297,0.02459336146514894,Gain,Gain
1990s minus 1970s,Cluster 3 to Cluster 2,Cluster 3,Cluster 2,Foraging guild,Buntings,3,0.02291764162077867,0.008809158586470875,-0.13091576773328728,0.20466518226067745,0.08200051889755394,-0.059082877276775254,0.006925020827906964,0.547945205479452,219,0.06875292486233602,0.026427475759412622,-0.39274730319986184,0.6139955467820324,0.24600155669266183,-0.17724863183032577,18.708604710397278,3.309396778768297,0.003674935994779273,Gain,Gain
1990s minus 1970s,Cluster 3 to Cluster 2,Cluster 3,Cluster 2,Foraging guild,Columbids,4,0.09253046742185694,0.08645509800159179,0.022254947771171464,0.1767366587557666,0.09524572641303154,-0.0027152589911745837,0.02795991946795067,0.958904109589041,219,0.3701218696874278,0.34582039200636716,0.08901979108468586,0.7069466350230664,0.38098290565212617,-0.010861035964698335,18.708604710397278,3.309396778768297,0.01978351007019423,Gain,Gain
1990s minus 1970s,Cluster 3 to Cluster 2,Cluster 3,Cluster 2,Foraging guild,Cuckoos,1,0.16670396629126863,0.15637676797100708,0.029381549322541223,0.3341717899447546,0.1693485295648754,-0.0026445632736067596,0.05037291610385658,0.954337899543379,219,0.16670396629126863,0.15637676797100708,0.029381549322541223,0.3341717899447546,0.1693485295648754,-0.0026445632736067596,18.708604710397278,3.309396778768297,0.008910550459095603,Gain,Gain
1990s minus 1970s,Cluster 3 to Cluster 2,Cluster 3,Cluster 2,Foraging guild,Dabbling ducks,7,0.11567354274991866,0.11942602969431228,0.037126488090728306,0.19727009784930744,0.11813748378842245,-0.002463941038503802,0.03495305957026115,0.9680365296803652,219,0.8097147992494306,0.835982207860186,0.2598854166350981,1.380890684945152,0.8269623865189571,-0.017247587269526615,18.708604710397278,3.309396778768297,0.04328034141420674,Gain,Gain
1990s minus 1970s,Cluster 3 to Cluster 2,Cluster 3,Cluster 2,Foraging guild,Dippers,1,0.005205232818169378,4.6140961742687316e-4,-0.004149767928361125,0.024286384695935165,0.00684680748412945,-0.0016415746659600714,0.0015728645327643912,0.5662100456621004,219,0.005205232818169378,4.6140961742687316e-4,-0.004149767928361125,0.024286384695935165,0.00684680748412945,-0.0016415746659600714,18.708604710397278,3.309396778768297,2.7822667156341053e-4,Gain,Gain
1990s minus 1970s,Cluster 3 to Cluster 2,Cluster 3,Cluster 2,Foraging guild,Diurnal raptors,7,0.24244807976468138,0.24181907727736704,0.1430009025729095,0.3542508321446395,0.24368650990789892,-0.001238430143217523,0.07326050515312237,1,219,1.6971365583527698,1.6927335409415694,1.0010063180103665,2.4797558250124765,1.7058055693552925,-0.00866901100252266,18.708604710397278,3.309396778768297,0.09071422399606256,Gain,Gain
1990s minus 1970s,Cluster 3 to Cluster 2,Cluster 3,Cluster 2,Foraging guild,Diving ducks,3,0.038968836728578905,0.024807940500128692,0.0012641616024745782,0.0947056286263384,0.04114425837513791,-0.0021754216465590054,0.011775208394045293,0.9223744292237442,219,0.11690651018573672,0.07442382150038608,0.0037924848074237347,0.2841168858790152,0.12343277512541373,-0.006526264939677016,18.708604710397278,3.309396778768297,0.006248809678509382,Gain,Gain
1990s minus 1970s,Cluster 3 to Cluster 2,Cluster 3,Cluster 2,Foraging guild,Flycatchers,3,0.22323531955719,0.21602035877113365,0.0779299425280867,0.39135950896490995,0.2239198115554973,-6.844919983072877e-4,0.06745498786648198,0.9817351598173516,219,0.66970595867157,0.6480610763134009,0.2337898275842601,1.1740785268947298,0.6717594346664919,-0.002053475994921863,18.708604710397278,3.309396778768297,0.035796681208373704,Gain,Gain
1990s minus 1970s,Cluster 3 to Cluster 2,Cluster 3,Cluster 2,Foraging guild,Foliage gleaners,9,0.14875450176888416,0.12175089714652046,0.018000531232356405,0.31304729897174977,0.15898079135412946,-0.0102262895852453,0.044949128712287,0.9452054794520548,219,1.3387905159199573,1.095758074318684,0.16200478109120764,2.817425690745748,1.4308271221871651,-0.0920366062672077,18.708604710397278,3.309396778768297,0.07156014767771145,Gain,Gain
1990s minus 1970s,Cluster 3 to Cluster 2,Cluster 3,Cluster 2,Foraging guild,Gallinaceous birds,2,0.15813179405708405,0.1496502030328138,0.035929119618915886,0.2945654254863614,0.1617869367767701,-0.0036551427196860756,0.04778266391977879,0.958904109589041,219,0.3162635881141681,0.2993004060656276,0.07185823923783177,0.5891308509727228,0.3235738735535402,-0.007310285439372151,18.708604710397278,3.309396778768297,0.016904712724963668,Gain,Gain
1990s minus 1970s,Cluster 3 to Cluster 2,Cluster 3,Cluster 2,Foraging guild,Grazing waterfowl,2,0.11324696369851805,0.10055454920976623,-0.02128867329031606,0.27631616085060645,0.12258384245381562,-0.009336878755297564,0.034219820489662385,0.8401826484018264,219,0.2264939273970361,0.20110909841953245,-0.04257734658063212,0.5526323217012129,0.24516768490763124,-0.018673757510595128,18.708604710397278,3.309396778768297,0.012106404026547338,Gain,Gain
1990s minus 1970s,Cluster 3 to Cluster 2,Cluster 3,Cluster 2,Foraging guild,Gulls,5,0.005319371520131651,-0.003584209412067268,-0.03802325057627683,0.05166643744608769,0.019849748939163036,-0.014530377419031387,0.00160735380969079,0.4657534246575342,219,0.026596857600658254,-0.01792104706033634,-0.19011625288138417,0.25833218723043844,0.09924874469581518,-0.07265188709515694,18.708604710397278,3.309396778768297,0.0014216376909111288,Gain,Gain
1990s minus 1970s,Cluster 3 to Cluster 2,Cluster 3,Cluster 2,Foraging guild,Kingfishers,1,0.07150985080306453,0.051736481497687926,-0.012750374275794993,0.20098100694420645,0.07919417760939106,-0.007684326806326507,0.0216081224414799,0.8356164383561644,219,0.07150985080306453,0.051736481497687926,-0.012750374275794993,0.20098100694420645,0.07919417760939106,-0.007684326806326507,18.708604710397278,3.309396778768297,0.0038222973818738625,Gain,Gain
1990s minus 1970s,Cluster 3 to Cluster 2,Cluster 3,Cluster 2,Foraging guild,Low flycatching feeders,9,0.17322590665753843,0.15841592996312293,0.04212287449296123,0.33448230255583095,0.187393243806503,-0.014167337148964572,0.05234364998747906,0.9680365296803652,219,1.5590331599178457,1.4257433696681063,0.37910587043665106,3.0103407230024786,1.6865391942585268,-0.12750603434068114,18.708604710397278,3.309396778768297,0.08333241222694793,Gain,Gain
1990s minus 1970s,Cluster 3 to Cluster 2,Cluster 3,Cluster 2,Foraging guild,Marsh warblers,6,0.11950171547273127,0.12462682762928869,-0.026501239115272256,0.27555941476223267,0.15038650519707303,-0.030884789724341753,0.03610981803070704,0.8447488584474886,219,0.7170102928363876,0.7477609657757321,-0.15900743469163353,1.653356488573396,0.9023190311824382,-0.18530873834605052,18.708604710397278,3.309396778768297,0.03832516127928612,Gain,Gain
1990s minus 1970s,Cluster 3 to Cluster 2,Cluster 3,Cluster 2,Foraging guild,Nigthjars,1,0.00520842656237462,-0.014656134367841333,-0.08418103571686641,0.12553319670395377,0.03649813684777265,-0.03128971028539803,0.0015738295860410884,0.2831050228310502,219,0.00520842656237462,-0.014656134367841333,-0.08418103571686641,0.12553319670395377,0.03649813684777265,-0.03128971028539803,18.708604710397278,3.309396778768297,2.783973814722829e-4,Gain,Gain
1990s minus 1970s,Cluster 3 to Cluster 2,Cluster 3,Cluster 2,Foraging guild,Omnivorous corvids,7,0.1772241352424559,0.16847335815382158,0.05802833452992177,0.29570510757205415,0.18408315799075167,-0.006859022748295809,0.05355179420595671,0.9771689497716894,219,1.2405689466971912,1.179313507076751,0.40619834170945235,2.069935753004379,1.2885821059352618,-0.04801315923807067,18.708604710397278,3.309396778768297,0.0663100731401817,Gain,Gain
1990s minus 1970s,Cluster 3 to Cluster 2,Cluster 3,Cluster 2,Foraging guild,Open-land insectivores,6,0.12358517183454594,0.11804612486479359,0.02449513504444191,0.22831984882235182,0.1348398055178059,-0.011254633683259954,0.037343715515593845,0.9452054794520548,219,0.7415110310072757,0.7082767491887615,0.14697081026665146,1.369919092934111,0.8090388331068353,-0.06752780209955972,18.708604710397278,3.309396778768297,0.03963475857690136,Gain,Gain
1990s minus 1970s,Cluster 3 to Cluster 2,Cluster 3,Cluster 2,Foraging guild,Orioles,1,-0.001973753168752159,1.8718530734920138e-4,-0.018456975806438652,0.015746862322165503,0.00539340645313205,-0.007367159621884207,5.964087417425835e-4,0.5251141552511416,219,-0.001973753168752159,1.8718530734920138e-4,-0.018456975806438652,0.015746862322165503,0.00539340645313205,-0.007367159621884207,18.708604710397278,3.309396778768297,1.0549975261678647e-4,Loss,Loss
1990s minus 1970s,Cluster 3 to Cluster 2,Cluster 3,Cluster 2,Foraging guild,Owls,5,0.06387396474823585,0.05807421919787074,-0.035338262452497236,0.1792132023853454,0.093649355816977,-0.029775391068741143,0.01930078773207989,0.7899543378995434,219,0.3193698237411793,0.2903710959893537,-0.1766913122624862,0.8960660119267271,0.468246779084885,-0.1488769553437057,18.708604710397278,3.309396778768297,0.017070745183027466,Gain,Gain
1990s minus 1970s,Cluster 3 to Cluster 2,Cluster 3,Cluster 2,Foraging guild,Passerine seedeaters,12,0.23173606395863655,0.22362345908999784,0.09135179733091066,0.37434799723314455,0.23476542186796878,-0.003029357909332236,0.07002365671150647,1,219,2.7808327675036386,2.683481509079974,1.096221567970928,4.492175966797735,2.8171850624156254,-0.036352294911986834,18.708604710397278,3.309396778768297,0.14863923903198378,Gain,Gain
1990s minus 1970s,Cluster 3 to Cluster 2,Cluster 3,Cluster 2,Foraging guild,Plovers,6,0.05192851003678393,0.05118136209172431,-0.01315427823712013,0.11423948619306591,0.06154115621845451,-0.009612646181670589,0.015691231214684045,0.8447488584474886,219,0.3115710602207036,0.3070881725503459,-0.07892566942272078,0.6854369171583955,0.36924693731072705,-0.05767587709002353,18.708604710397278,3.309396778768297,0.016653890818888725,Gain,Gain
1990s minus 1970s,Cluster 3 to Cluster 2,Cluster 3,Cluster 2,Foraging guild,Rails,5,0.130896437953478,0.12513261088167144,-0.005068497621183405,0.256752275917446,0.14163819097101948,-0.010741753017541484,0.039552959860617104,0.8858447488584474,219,0.65448218976739,0.6256630544083571,-0.025342488105917025,1.28376137958723,0.7081909548550974,-0.053708765087707416,18.708604710397278,3.309396778768297,0.03498295035351635,Gain,Gain
1990s minus 1970s,Cluster 3 to Cluster 2,Cluster 3,Cluster 2,Foraging guild,Reedlings,1,0.0042854339306005376,2.8566149341065884e-4,-0.002141497282842869,0.008994040429866575,0.005333715639249554,-0.0010482817086490176,0.001294929020930366,0.6621004566210046,219,0.0042854339306005376,2.8566149341065884e-4,-0.002141497282842869,0.008994040429866575,0.005333715639249554,-0.0010482817086490176,18.708604710397278,3.309396778768297,2.2906218806466707e-4,Gain,Gain
1990s minus 1970s,Cluster 3 to Cluster 2,Cluster 3,Cluster 2,Foraging guild,Scolopacids,9,0.016957102889391323,0.015574247630742936,-0.03771198610378084,0.076938454784522,0.03421463059839057,-0.017257527708999257,0.005123925604261475,0.6073059360730594,219,0.1526139260045219,0.14016822867668643,-0.3394078749340276,0.692446093060698,0.30793167538551514,-0.1553177493809933,18.708604710397278,3.309396778768297,0.00815741891856355,Gain,Gain
1990s minus 1970s,Cluster 3 to Cluster 2,Cluster 3,Cluster 2,Foraging guild,Shrikes,2,0.10368444927173757,0.08074434757546083,-0.007874290452862046,0.2540488894954035,0.11062909959796263,-0.006944650326225061,0.0313303167323222,0.8538812785388128,219,0.20736889854347515,0.16148869515092165,-0.01574858090572409,0.508097778990807,0.22125819919592526,-0.013889300652450122,18.708604710397278,3.309396778768297,0.011084145597893263,Gain,Gain
1990s minus 1970s,Cluster 3 to Cluster 2,Cluster 3,Cluster 2,Foraging guild,Starlings,1,0.027596853313350347,0.013822090322852643,-0.014928302957837624,0.09165396553481243,0.03232216648954921,-0.00472531317619886,0.00833893762464513,0.776255707762557,219,0.027596853313350347,0.013822090322852643,-0.014928302957837624,0.09165396553481243,0.03232216648954921,-0.00472531317619886,18.708604710397278,3.309396778768297,0.001475088802213745,Gain,Gain
1990s minus 1970s,Cluster 3 to Cluster 2,Cluster 3,Cluster 2,Foraging guild,Terns,5,2.2091243996974014e-4,-1.0766461667026416e-5,-0.008698599353995745,0.006843154630738363,0.0035173140768189936,-0.003296401636849252,6.675308363959916e-5,0.4885844748858447,219,0.0011045621998487006,-5.383230833513208e-5,-0.043492996769978726,0.034215773153691814,0.017586570384094967,-0.01648200818424626,18.708604710397278,3.309396778768297,5.904033020884994e-5,Gain,Gain
1990s minus 1970s,Cluster 3 to Cluster 2,Cluster 3,Cluster 2,Foraging guild,Thrushes,4,0.1848518929356068,0.17866047655261924,0.08228624356411354,0.28583584662709677,0.18607563963336038,-0.0012237466977535788,0.05585667276935153,0.9954337899543378,219,0.7394075717424272,0.714641906210477,0.32914497425645417,1.143343386508387,0.7443025585334415,-0.004894986791014315,18.708604710397278,3.309396778768297,0.03952232585958174,Gain,Gain
1990s minus 1970s,Cluster 3 to Cluster 2,Cluster 3,Cluster 2,Foraging guild,Tit-like birds,12,0.1484970801209121,0.14682977012239798,0.023560664779589024,0.26388555449375073,0.15389163571101946,-0.00539455559010739,0.04487134364594996,0.9315068493150684,219,1.7819649614509452,1.7619572414687756,0.28272797735506827,3.1666266539250087,1.8466996285322337,-0.06473466708128868,18.708604710397278,3.309396778768297,0.09524841585116291,Gain,Gain
1990s minus 1970s,Cluster 3 to Cluster 2,Cluster 3,Cluster 2,Foraging guild,Wading birds,2,0.036470117652767205,0.03233426423922909,0.012118231015895937,0.06713833691703373,0.037144875556028696,-6.747579032614951e-4,0.011020170771526762,0.9908675799086758,219,0.07294023530553441,0.06466852847845818,0.024236462031791875,0.13427667383406747,0.07428975111205739,-0.0013495158065229902,18.708604710397278,3.309396778768297,0.0038987533509111977,Gain,Gain
1990s minus 1970s,Cluster 3 to Cluster 2,Cluster 3,Cluster 2,Foraging guild,Woodpeckers,5,0.14035597003323,0.1388498224597005,0.03502724958754073,0.24554098143219946,0.14613908097448208,-0.00578311094125205,0.04241134545536972,0.958904109589041,219,0.70177985016615,0.6942491122985026,0.17513624793770363,1.2277049071609973,0.7306954048724104,-0.02891555470626025,18.708604710397278,3.309396778768297,0.037511073702687026,Gain,Gain
2010s minus 1970s,Cluster 1 to Cluster 2,Cluster 1,Cluster 2,Thermal affinity,cold,31,0.042733237866251314,0.03770416046886154,-0.0766776837818321,0.1749208893746357,0.11507644261714098,-0.07234320475088966,0.1214020067317058,0.6448979591836734,245,1.3247303738537908,1.1688289745347078,-2.377008197236795,5.422547570613707,3.5673697211313704,-2.2426393472775796,10.977580854740046,0.3519977883124311,0.12067598420664614,Gain,Gain
2010s minus 1970s,Cluster 1 to Cluster 2,Cluster 1,Cluster 2,Thermal affinity,medium,31,0.11407187541909058,0.11283684460562374,-0.02842335298924156,0.25502437880697826,0.1518609011735549,-0.03778902575446435,0.3240698640919899,0.8448979591836735,245,3.536228137991808,3.4979421827743358,-0.8811239426664883,7.905755743016327,4.707687936380203,-1.1714597983883948,10.977580854740046,0.3519977883124311,0.32213182346681496,Gain,Gain
2010s minus 1970s,Cluster 1 to Cluster 2,Cluster 1,Cluster 2,Thermal affinity,very cold,32,0.007429203486723841,0.00991755715355495,-0.0917731256459011,0.1068074029634514,0.07249097409980446,-0.06506177061308062,0.02110582433583283,0.5551020408163265,245,0.2377345115751629,0.3173618289137584,-2.936740020668835,3.4178368948304447,2.3197111711937426,-2.08197665961858,10.977580854740046,0.3519977883124311,0.021656366254183473,Gain,Gain
2010s minus 1970s,Cluster 1 to Cluster 2,Cluster 1,Cluster 2,Thermal affinity,very warm,32,0.05822021356795649,0.055350090447767286,-0.017758298237621685,0.13835900105683321,0.09720788312350423,-0.03898766955554775,0.16539937323776754,0.8244897959183674,245,1.8630468341746076,1.7712028943285532,-0.5682655436038939,4.427488033818663,3.1106522599521353,-1.247605425777528,10.977580854740046,0.3519977883124311,0.16971378838627788,Gain,Gain
2010s minus 1970s,Cluster 1 to Cluster 2,Cluster 1,Cluster 2,Thermal affinity,warm,31,0.1295432579724089,0.13597275940061487,-0.009991420804991786,0.2828250327207223,0.1664163693770009,-0.03687311140459201,0.36802293160270394,0.8857142857142857,245,4.015840997144676,4.215155541419061,-0.3097340449547454,8.76757601434239,5.158907450687028,-1.1430664535423525,10.977580854740046,0.3519977883124311,0.3658220376860775,Gain,Gain
2010s minus 1970s,Cluster 1 to Cluster 2,Cluster 1,Cluster 2,Migratory strategy,long-distance,44,0.021842844569982173,0.023613582566056158,-0.09236806454239788,0.13967924162234435,0.08559910386355823,-0.06375625929357608,0.05690189239444288,0.6122448979591837,245,0.9610851610792156,1.038997632906471,-4.064194839865507,6.145886631383152,3.7663605699965625,-2.805275408917347,10.977580854740046,0.3838685086001705,0.08754981391589801,Gain,Gain
2010s minus 1970s,Cluster 1 to Cluster 2,Cluster 1,Cluster 2,Migratory strategy,sedentary,35,0.13535460412908681,0.13569956888789614,-0.0020747336896790366,0.29641741116318115,0.1681074911928792,-0.03275288706379242,0.3526066897820716,0.8816326530612245,245,4.737411144518038,4.749484911076365,-0.07261567913876628,10.37460939071134,5.8837621917507725,-1.1463510472327345,10.977580854740046,0.3838685086001705,0.4315532909486571,Gain,Gain
2010s minus 1970s,Cluster 1 to Cluster 2,Cluster 1,Cluster 2,Migratory strategy,sedentary and short-distance,31,0.10574139804652437,0.10701550290129003,-0.0221283248251658,0.24194499914515966,0.137872526998836,-0.03213112895231162,0.27546254948634613,0.8530612244897959,245,3.2779833394422555,3.317480589939991,-0.6859780695801398,7.500294973499949,4.274048336963916,-0.9960649975216603,10.977580854740046,0.3838685086001705,0.2986070777175687,Gain,Gain
2010s minus 1970s,Cluster 1 to Cluster 2,Cluster 1,Cluster 2,Migratory strategy,short-and long-distance,8,0.08758566460090232,0.08734240499261867,0.015337229438837521,0.16654015128827904,0.11420075341231369,-0.02661508881141136,0.22816579802363973,0.9469387755102041,245,0.7006853168072186,0.6987392399409493,0.12269783551070017,1.3323212103062323,0.9136060272985095,-0.21292071049129088,10.977580854740046,0.3838685086001705,0.0638287548121012,Gain,Gain
2010s minus 1970s,Cluster 1 to Cluster 2,Cluster 1,Cluster 2,Migratory strategy,short-distance,39,0.033343997253674804,0.03442155455677226,-0.07993707653008124,0.1496967478473085,0.10324490803422356,-0.06990091078054876,0.0868630703134995,0.6571428571428571,245,1.3004158928933174,1.342440627714118,-3.1175459846731686,5.838173166045031,4.026551413334719,-2.7261355204414017,10.977580854740046,0.3838685086001705,0.11846106260577498,Gain,Gain
2010s minus 1970s,Cluster 1 to Cluster 2,Cluster 1,Cluster 2,Foraging guild,Aerial insectivores,4,0.033911366855427456,0.02906291072259791,-0.11224496007039658,0.17357407095458996,0.10232718483367742,-0.06841581797824996,0.011865701633953396,0.6122448979591837,245,0.13564546742170983,0.11625164289039164,-0.44897984028158633,0.6942962838183598,0.4093087393347097,-0.27366327191299983,15.848323652578664,2.8579318696494918,0.008558978879740324,Gain,Gain
2010s minus 1970s,Cluster 1 to Cluster 2,Cluster 1,Cluster 2,Foraging guild,Aquatic pursuers,6,0.05168596129950668,0.037051661105910294,-0.09336988736576733,0.20531456629313302,0.09825684952846342,-0.04657088822895674,0.018085092177458257,0.6653061224489796,245,0.3101157677970401,0.22230996663546176,-0.560219324194604,1.231887397758798,0.5895410971707805,-0.2794253293737404,15.848323652578664,2.8579318696494918,0.01956773313034792,Gain,Gain
2010s minus 1970s,Cluster 1 to Cluster 2,Cluster 1,Cluster 2,Foraging guild,Buntings,3,-0.05363146134412646,-0.02661284181689631,-0.2159191779595627,0.07498668769244954,0.0314514371985434,-0.08508289854266986,0.01876582920456534,0.32653061224489793,245,-0.16089438403237938,-0.07983852545068892,-0.6477575338786881,0.22496006307734862,0.09435431159563021,-0.25524869562800956,15.848323652578664,2.8579318696494918,0.01015213896178858,Loss,Loss
2010s minus 1970s,Cluster 1 to Cluster 2,Cluster 1,Cluster 2,Foraging guild,Columbids,4,0.1225654359962744,0.11032080600635363,-0.003088214541882683,0.2704419354526655,0.13353972777827633,-0.010974291782001943,0.042886059425659546,0.8857142857142857,245,0.4902617439850976,0.44128322402541453,-0.012352858167530732,1.081767741810662,0.5341589111131053,-0.04389716712800777,15.848323652578664,2.8579318696494918,0.03093461205944817,Gain,Gain
2010s minus 1970s,Cluster 1 to Cluster 2,Cluster 1,Cluster 2,Foraging guild,Cuckoos,1,0.05365767015764198,0.046189631342531956,-0.056487871769216436,0.16897927592664727,0.0719346046727088,-0.01827693451506682,0.018774999756807628,0.7673469387755102,245,0.05365767015764198,0.046189631342531956,-0.056487871769216436,0.16897927592664727,0.0719346046727088,-0.01827693451506682,15.848323652578664,2.8579318696494918,0.0033857000484029992,Gain,Gain
2010s minus 1970s,Cluster 1 to Cluster 2,Cluster 1,Cluster 2,Foraging guild,Dabbling ducks,7,-0.05987428915754937,-0.05341502602270644,-0.23982881573540088,0.10875529609935153,0.03771338714592317,-0.09758767630347256,0.02095021571136774,0.33877551020408164,245,-0.41912002410284555,-0.3739051821589451,-1.678801710147806,0.7612870726954607,0.2639937100214622,-0.683113734124308,15.848323652578664,2.8579318696494918,0.026445700711989876,Loss,Loss
2010s minus 1970s,Cluster 1 to Cluster 2,Cluster 1,Cluster 2,Foraging guild,Dippers,1,0.001435278763848398,5.040412661464218e-4,-0.0029353914361533082,0.00756276882995915,0.0026281418999321553,-0.0011928631360837568,5.022088801663513e-4,0.6489795918367347,245,0.001435278763848398,5.040412661464218e-4,-0.0029353914361533082,0.00756276882995915,0.0026281418999321553,-0.0011928631360837568,15.848323652578664,2.8579318696494918,9.056344351062426e-5,Gain,Gain
2010s minus 1970s,Cluster 1 to Cluster 2,Cluster 1,Cluster 2,Foraging guild,Diurnal raptors,7,0.19445893311788903,0.20104786087218626,0.02525892116899614,0.34389913713694764,0.21009405980247528,-0.015635126684586283,0.06804183654025954,0.926530612244898,245,1.3612125318252233,1.407335026105304,0.17681244818297298,2.4072939599586336,1.470658418617327,-0.10944588679210399,15.848323652578664,2.8579318696494918,0.08589000083953623,Gain,Gain
2010s minus 1970s,Cluster 1 to Cluster 2,Cluster 1,Cluster 2,Foraging guild,Diving ducks,3,0.007357107511599756,-7.044413271147056e-4,-0.14574976394025463,0.1809727507546998,0.058217548081428865,-0.05086044056982911,0.0025742767312721356,0.4897959183673469,245,0.022071322534799268,-0.002113323981344117,-0.4372492918207639,0.5429182522640994,0.1746526442442866,-0.15258132170948732,15.848323652578664,2.8579318696494918,0.0013926597549771813,Gain,Gain
2010s minus 1970s,Cluster 1 to Cluster 2,Cluster 1,Cluster 2,Foraging guild,Flycatchers,3,0.05778227430028443,0.07949992908021522,-0.12736585457232072,0.2064442018241792,0.10290381002824413,-0.045121535727959704,0.020218212657172642,0.7346938775510204,245,0.1733468229008533,0.23849978724064566,-0.3820975637169622,0.6193326054725375,0.3087114300847324,-0.1353646071838791,15.848323652578664,2.8579318696494918,0.010937864893530757,Gain,Gain
2010s minus 1970s,Cluster 1 to Cluster 2,Cluster 1,Cluster 2,Foraging guild,Foliage gleaners,9,0.16782743759815452,0.14660723458674546,0.001843638365532531,0.3723262520989061,0.18346066855079896,-0.01563323095264442,0.058723386439137736,0.9102040816326531,245,1.5104469383833907,1.3194651112807092,0.01659274528979278,3.3509362688901545,1.6511460169571905,-0.14069907857379976,15.848323652578664,2.8579318696494918,0.09530641672235332,Gain,Gain
2010s minus 1970s,Cluster 1 to Cluster 2,Cluster 1,Cluster 2,Foraging guild,Gallinaceous birds,2,0.020738117297901267,0.02102971557031799,-0.15528522462661493,0.19903140472527026,0.17254622962091443,-0.15180811232301317,0.007256337184988484,0.5510204081632653,245,0.04147623459580253,0.04205943114063598,-0.31057044925322985,0.3980628094505405,0.34509245924182885,-0.30361622464602633,15.848323652578664,2.8579318696494918,0.0026170739256106738,Gain,Gain
2010s minus 1970s,Cluster 1 to Cluster 2,Cluster 1,Cluster 2,Foraging guild,Grazing waterfowl,2,0.2226262667294769,0.21053392978887275,-0.04645646164208298,0.5163299092171019,0.2720710644499249,-0.04944479772044799,0.07789768156956824,0.8530612244897959,245,0.4452525334589538,0.4210678595777455,-0.09291292328416596,1.0326598184342037,0.5441421288998498,-0.09888959544089598,15.848323652578664,2.8579318696494918,0.02809461386703238,Gain,Gain
2010s minus 1970s,Cluster 1 to Cluster 2,Cluster 1,Cluster 2,Foraging guild,Gulls,5,-0.03969332531464798,-0.06352817337161781,-0.16239300261668427,0.1345971413592038,0.04979273417985171,-0.0894860594944997,0.013888828399368433,0.2938775510204082,245,-0.1984666265732399,-0.31764086685808907,-0.8119650130834213,0.672985706796019,0.24896367089925855,-0.4474302974724985,15.848323652578664,2.8579318696494918,0.0125228781872427,Loss,Loss
2010s minus 1970s,Cluster 1 to Cluster 2,Cluster 1,Cluster 2,Foraging guild,Kingfishers,1,0.12045729036057154,0.09039779518432457,0.016302093467615256,0.26640190573683165,0.12059038734795234,-1.3309698738081207e-4,0.04214841215768552,0.9959183673469387,245,0.12045729036057154,0.09039779518432457,0.016302093467615256,0.26640190573683165,0.12059038734795234,-1.3309698738081207e-4,15.848323652578664,2.8579318696494918,0.007600632912426171,Gain,Gain
2010s minus 1970s,Cluster 1 to Cluster 2,Cluster 1,Cluster 2,Foraging guild,Low flycatching feeders,9,0.13092158985450975,0.12295089739506654,-0.07619842494016708,0.3554950337477649,0.2002982878101882,-0.0693766979556785,0.04580990584305514,0.8,245,1.1782943086905877,1.106558076555599,-0.6857858244615037,3.1994553037298843,1.802684590291694,-0.6243902816011064,15.848323652578664,2.8579318696494918,0.07434819823980997,Gain,Gain
2010s minus 1970s,Cluster 1 to Cluster 2,Cluster 1,Cluster 2,Foraging guild,Marsh warblers,6,0.04995774302631701,0.04366463161501218,-0.13651870447617104,0.21818129393234575,0.13113790876916048,-0.08118016574284347,0.017480382774990373,0.6122448979591837,245,0.2997464581579021,0.2619877896900731,-0.8191122268570262,1.3090877635940745,0.7868274526149629,-0.48708099445706077,15.848323652578664,2.8579318696494918,0.018913448811927226,Gain,Gain
2010s minus 1970s,Cluster 1 to Cluster 2,Cluster 1,Cluster 2,Foraging guild,Nigthjars,1,0.0700854927704093,-0.0015843131855480606,-0.02471477755719799,0.40210869998778265,0.07864777582740753,-0.008562283056998313,0.024523150294343744,0.363265306122449,245,0.0700854927704093,-0.0015843131855480606,-0.02471477755719799,0.40210869998778265,0.07864777582740753,-0.008562283056998313,15.848323652578664,2.8579318696494918,0.004422265364261776,Gain,Gain
2010s minus 1970s,Cluster 1 to Cluster 2,Cluster 1,Cluster 2,Foraging guild,Omnivorous corvids,7,0.1761172814452938,0.17453791903283905,-0.026644626351099748,0.3856427131391606,0.20792187955844454,-0.03180459811315073,0.06162403076001022,0.8571428571428571,245,1.2328209701170565,1.2217654332298733,-0.18651238445769824,2.6994989919741244,1.4554531569091118,-0.2226321867920551,15.848323652578664,2.8579318696494918,0.07778873003495644,Gain,Gain
2010s minus 1970s,Cluster 1 to Cluster 2,Cluster 1,Cluster 2,Foraging guild,Open-land insectivores,6,0.011272890334844016,-1.600104112916186e-4,-0.10470022451430612,0.1307479801097677,0.0630192355975632,-0.05174634526271918,0.003944422347698082,0.49795918367346936,245,0.0676373420090641,-9.600624677497116e-4,-0.6282013470858367,0.7844878806586062,0.3781154135853792,-0.3104780715763151,15.848323652578664,2.8579318696494918,0.00426779156532804,Gain,Gain
2010s minus 1970s,Cluster 1 to Cluster 2,Cluster 1,Cluster 2,Foraging guild,Orioles,1,-0.05253952671292335,-0.011734693278054275,-0.16973925878662272,8.800990003705432e-4,0.0010002915984753072,-0.05353981831139865,0.018383757594391852,0.15510204081632653,245,-0.05253952671292335,-0.011734693278054275,-0.16973925878662272,8.800990003705432e-4,0.0010002915984753072,-0.05353981831139865,15.848323652578664,2.8579318696494918,0.0033151472587685765,Loss,Loss
2010s minus 1970s,Cluster 1 to Cluster 2,Cluster 1,Cluster 2,Foraging guild,Owls,5,0.018795741991631774,0.029095757165052583,-0.11565879049663016,0.15714100686633964,0.0757568774324362,-0.05696113544080443,0.0065766935143688225,0.6040816326530613,245,0.09397870995815888,0.1454787858252629,-0.5782939524831509,0.7857050343316982,0.378784387162181,-0.28480567720402217,15.848323652578664,2.8579318696494918,0.0059298833124768816,Gain,Gain
2010s minus 1970s,Cluster 1 to Cluster 2,Cluster 1,Cluster 2,Foraging guild,Passerine seedeaters,12,0.15090473313622418,0.15031150100726737,0.026354255391347548,0.2736201926512775,0.16725364627704872,-0.016348913140824536,0.052802075073515226,0.9510204081632653,245,1.8108567976346903,1.8037380120872084,0.3162510646961706,3.2834423118153304,2.0070437553245846,-0.19618695768989441,15.848323652578664,2.8579318696494918,0.11426172492003896,Gain,Gain
2010s minus 1970s,Cluster 1 to Cluster 2,Cluster 1,Cluster 2,Foraging guild,Plovers,6,-0.044724757464873616,-0.04114627934860131,-0.19169785010052945,0.11858596090084217,0.05026518904894738,-0.09498994651382099,0.0156493434780021,0.35918367346938773,245,-0.2683485447892417,-0.24687767609160785,-1.1501871006031767,0.711515765405053,0.3015911342936843,-0.569939679082926,15.848323652578664,2.8579318696494918,0.01693229837248932,Loss,Loss
2010s minus 1970s,Cluster 1 to Cluster 2,Cluster 1,Cluster 2,Foraging guild,Rails,5,-0.0019125768079820392,-0.004415211144350217,-0.1898976667793597,0.18505498294905431,0.08308329186416318,-0.08499586867214526,6.692170755689166e-4,0.49387755102040815,245,-0.009562884039910196,-0.022076055721751087,-0.9494883338967985,0.9252749147452716,0.4154164593208159,-0.4249793433607263,15.848323652578664,2.8579318696494918,6.034003500650511e-4,Loss,Loss
2010s minus 1970s,Cluster 1 to Cluster 2,Cluster 1,Cluster 2,Foraging guild,Reedlings,1,0.10222002404653992,0.050986446310706285,-0.018275666868342907,0.296728293293557,0.10842716577690405,-0.006207141730364149,0.0357671311664531,0.8,245,0.10222002404653992,0.050986446310706285,-0.018275666868342907,0.296728293293557,0.10842716577690405,-0.006207141730364149,15.848323652578664,2.8579318696494918,0.006449895035422741,Gain,Gain
2010s minus 1970s,Cluster 1 to Cluster 2,Cluster 1,Cluster 2,Foraging guild,Scolopacids,9,-0.10919994344841995,-0.09981660671993112,-0.2178258460376271,-0.0013648367011885971,0.012906279068397872,-0.12210622251681784,0.03820942850601007,0.09795918367346938,245,-0.9827994910357796,-0.89834946047938,-1.960432614338644,-0.012283530310697373,0.11615651161558085,-1.0989560026513605,15.848323652578664,2.8579318696494918,0.06201283571564803,Loss,Loss
2010s minus 1970s,Cluster 1 to Cluster 2,Cluster 1,Cluster 2,Foraging guild,Shrikes,2,0.08892180508137815,0.07585766938490734,-0.027702063878366545,0.2510002718500648,0.1009199896896597,-0.011998184608281587,0.031114039500278176,0.8040816326530612,245,0.1778436101627563,0.1517153387698147,-0.05540412775673309,0.5020005437001296,0.2018399793793194,-0.023996369216563174,15.848323652578664,2.8579318696494918,0.011221603878200679,Gain,Gain
2010s minus 1970s,Cluster 1 to Cluster 2,Cluster 1,Cluster 2,Foraging guild,Starlings,1,-0.028577479641464898,-0.017763175503980322,-0.12403985764920447,0.042259978517078724,0.013334913457170396,-0.04191239309863532,0.009999356508442504,0.27755102040816326,245,-0.028577479641464898,-0.017763175503980322,-0.12403985764920447,0.042259978517078724,0.013334913457170396,-0.04191239309863532,15.848323652578664,2.8579318696494918,0.0018031862718057936,Loss,Loss
2010s minus 1970s,Cluster 1 to Cluster 2,Cluster 1,Cluster 2,Foraging guild,Terns,5,-0.06301248759830522,-0.025257603238128278,-0.19076554765304077,0.010392945672316967,0.007209371171285462,-0.07022185876959068,0.02204828192983947,0.1673469387755102,245,-0.3150624379915261,-0.1262880161906414,-0.9538277382652038,0.05196472836158483,0.036046855856427314,-0.3511092938479534,15.848323652578664,2.8579318696494918,0.019879858898531683,Loss,Loss
2010s minus 1970s,Cluster 1 to Cluster 2,Cluster 1,Cluster 2,Foraging guild,Thrushes,4,0.11077415774373352,0.09778172388002293,0.0037761322780718682,0.23785040929438894,0.12246619457494415,-0.01169203683121063,0.03876025139721728,0.9102040816326531,245,0.44309663097493407,0.3911268955200917,0.015104529112287473,0.9514016371775558,0.4898647782997766,-0.04676814732484252,15.848323652578664,2.8579318696494918,0.027958580395525824,Gain,Gain
2010s minus 1970s,Cluster 1 to Cluster 2,Cluster 1,Cluster 2,Foraging guild,Tit-like birds,12,0.20502383132502167,0.19907842067867323,0.029874828254222652,0.4020326677633759,0.2163767836526673,-0.011352952327645579,0.07173853005466034,0.9306122448979591,245,2.46028597590026,2.388941048144079,0.35849793905067184,4.8243920131605105,2.5965214038320075,-0.13623542793174695,15.848323652578664,2.8579318696494918,0.15523950859622618,Gain,Gain
2010s minus 1970s,Cluster 1 to Cluster 2,Cluster 1,Cluster 2,Foraging guild,Wading birds,2,0.12187720867384443,0.09969143317135139,0.021915948332240302,0.26657687694825083,0.1261878227509007,-0.004310614077056288,0.042645246364390044,0.963265306122449,245,0.24375441734768885,0.19938286634270277,0.043831896664480605,0.5331537538965017,0.2523756455018014,-0.008621228154112577,15.848323652578664,2.8579318696494918,0.015380454279656753,Gain,Gain
2010s minus 1970s,Cluster 1 to Cluster 2,Cluster 1,Cluster 2,Foraging guild,Woodpeckers,5,0.11339038274087507,0.11045117673280233,0.02136691147806701,0.20583342295958418,0.12286403931928817,-0.009473656578413103,0.039675677347333585,0.9306122448979591,245,0.5669519137043754,0.5522558836640117,0.10683455739033504,1.029167114797921,0.6143201965964409,-0.04736828289206551,15.848323652578664,2.8579318696494918,0.035773620360922354,Gain,Gain
2010s minus 1970s,Cluster 3 to Cluster 2,Cluster 3,Cluster 2,Thermal affinity,cold,31,0.10955075138307466,0.10374321449458515,0.0010468831249191882,0.22274809895378053,0.1422632815150728,-0.03271253013199818,0.19914878622416463,0.9030612244897959,392,3.3960732928753146,3.2160396493321395,0.03245337687249483,6.905191067567197,4.4101617269672575,-1.0140884340919436,17.19160160979721,0.5500949991217261,0.19754257747224369,Gain,Gain
2010s minus 1970s,Cluster 3 to Cluster 2,Cluster 3,Cluster 2,Thermal affinity,medium,31,0.1461893938226731,0.14659329881864358,0.03625535167543447,0.24826410165292576,0.1633046660412975,-0.017115272218624404,0.26575299549364567,0.9668367346938775,392,4.531871208502866,4.544392263377951,1.1239159019384686,7.696187151240698,5.0624446472802225,-0.5305734387773565,17.19160160979721,0.5500949991217261,0.2636095991149671,Gain,Gain
2010s minus 1970s,Cluster 3 to Cluster 2,Cluster 3,Cluster 2,Thermal affinity,very cold,32,0.05973550313314219,0.055361132958072136,6.206274034781149e-4,0.1295036609664704,0.07641468004900098,-0.01667917691585879,0.10859124919971104,0.9005102040816326,392,1.91153610026055,1.7715562546583083,0.019860076911299675,4.144117150927053,2.4452697615680314,-0.5337336613074812,17.19160160979721,0.5500949991217261,0.11119011152347767,Gain,Gain
2010s minus 1970s,Cluster 3 to Cluster 2,Cluster 3,Cluster 2,Thermal affinity,very warm,32,0.07892113389055774,0.07653525169590053,0.017584607277196584,0.14232638560004587,0.09634253180371381,-0.017421397913156077,0.14346819007000994,0.9617346938775511,392,2.525476284497848,2.449128054268817,0.5627074328702907,4.554444339201468,3.082961017718842,-0.5574847332209945,17.19160160979721,0.5500949991217261,0.14690174550453872,Gain,Gain
2010s minus 1970s,Cluster 3 to Cluster 2,Cluster 3,Cluster 2,Thermal affinity,warm,31,0.15569821689227845,0.15114418064101065,0.03620765268358847,0.27523086890267023,0.17552106476661192,-0.019822847874333457,0.28303877901246877,0.9693877551020408,392,4.826644723660632,4.68546959987133,1.1224372331912427,8.532156935982778,5.441153007764969,-0.6145082841043372,17.19160160979721,0.5500949991217261,0.2807559663847728,Gain,Gain
2010s minus 1970s,Cluster 3 to Cluster 2,Cluster 3,Cluster 2,Migratory strategy,long-distance,44,0.08343439609877713,0.07967384440851726,-0.005332470530997381,0.16468317681973293,0.10674005435667483,-0.02330565825789771,0.15230665368336693,0.8852040816326531,392,3.6711134283461937,3.505649153974759,-0.23462870336388478,7.246059780068249,4.696562391693693,-1.0254489633474992,17.19160160979721,0.5478053261693374,0.21354109475489977,Gain,Gain
2010s minus 1970s,Cluster 3 to Cluster 2,Cluster 3,Cluster 2,Migratory strategy,sedentary,35,0.14873039188793485,0.14861393265762146,0.02552995318356825,0.2679393249293071,0.17204510300023967,-0.023314711112304858,0.27150227422571527,0.951530612244898,392,5.2055637160777195,5.201487643016751,0.8935483614248887,9.37787637252575,6.021578605008389,-0.8160148889306701,17.19160160979721,0.5478053261693374,0.3027969024777281,Gain,Gain
2010s minus 1970s,Cluster 3 to Cluster 2,Cluster 3,Cluster 2,Migratory strategy,sedentary and short-distance,31,0.12739792310692277,0.12296943610898538,0.018961780462658444,0.24320503665909854,0.1448023783701009,-0.017404455263178128,0.23256057767416005,0.9336734693877551,392,3.949335616314606,3.812052519378547,0.5878151943424118,7.539356136432055,4.488873729473128,-0.539538113158522,17.19160160979721,0.5478053261693374,0.22972470546688012,Gain,Gain
2010s minus 1970s,Cluster 3 to Cluster 2,Cluster 3,Cluster 2,Migratory strategy,short-and long-distance,8,0.09599590770624879,0.09698697930941264,0.05009221438728258,0.1391523588959846,0.097447759411653,-0.0014518517054042087,0.17523726608779733,1,392,0.7679672616499903,0.7758958344753011,0.4007377150982606,1.1132188711678768,0.779582075293224,-0.01161481364323367,17.19160160979721,0.5478053261693374,0.04467107132196097,Gain,Gain
2010s minus 1970s,Cluster 3 to Cluster 2,Cluster 3,Cluster 2,Migratory strategy,short-distance,39,0.09224670736945387,0.08957825571769684,0.01325918516349136,0.17188483807213342,0.1142408553802792,-0.02199414801082534,0.16839322832896042,0.951530612244898,392,3.597621587408701,3.493551972990177,0.5171082213761631,6.703508684813204,4.455393359830889,-0.8577717724221882,17.19160160979721,0.5478053261693374,0.20926622597853103,Gain,Gain
2010s minus 1970s,Cluster 3 to Cluster 2,Cluster 3,Cluster 2,Foraging guild,Aerial insectivores,4,0.05794294536988778,0.05579003368562547,-0.06565556385340074,0.1828962458845156,0.10279916068550522,-0.04485621531561745,0.017589622198054728,0.7066326530612245,392,0.23177178147955113,0.22316013474250188,-0.26262225541360296,0.73158498353806245,0.4111966427420209,-0.1794248612624698,17.407552503181975,3.2941551965963094,0.013314438169132905,Gain,Gain
2010s minus 1970s,Cluster 3 to Cluster 2,Cluster 3,Cluster 2,Foraging guild,Aquatic pursuers,6,0.05714753353924468,0.04926888960240914,-0.008755500477030734,0.13180147004398854,0.06433155382122503,-0.007184020281980366,0.017348160644736002,0.8698979591836735,392,0.34288520123546806,0.29561333761445485,-0.0525330028621844,0.7908088202639313,0.3859893229273502,-0.0431041216918822,17.407552503181975,3.2941551965963094,0.019697496312177782,Gain,Gain
2010s minus 1970s,Cluster 3 to Cluster 2,Cluster 3,Cluster 2,Foraging guild,Buntings,3,0.054404717967835865,0.04063707677652676,-0.06733506704215872,0.19978319494197438,0.0808003946712669,-0.026395676703431056,0.016515529694547972,0.6658163265306123,392,0.1632141539035076,0.12191123032958029,-0.20200520112647616,0.5993495848259232,0.2424011840138007,-0.07918703011029317,17.407552503181975,3.2941551965963094,0.009376054093398438,Gain,Gain
2010s minus 1970s,Cluster 3 to Cluster 2,Cluster 3,Cluster 2,Foraging guild,Columbids,4,0.11612571761525045,0.10600310844497235,0.012526993340628047,0.23086364866624728,0.1246605374736136,-0.008534819858363116,0.035252048153419584,0.9413265306122449,392,0.4645028704610018,0.4240124337798894,0.05010797336251219,0.9234545946649891,0.4986421498944544,-0.03413927943345246,17.407552503181975,3.2941551965963094,0.02668398503328334,Gain,Gain
2010s minus 1970s,Cluster 3 to Cluster 2,Cluster 3,Cluster 2,Foraging guild,Cuckoos,1,0.12028396267160063,0.11535036697157003,-0.03598739154029968,0.29746211786129767,0.1330645995823072,-0.012780636910706628,0.03651435815649615,0.8214285714285714,392,0.12028396267160063,0.11535036697157003,-0.03598739154029968,0.29746211786129767,0.1330645995823072,-0.012780636910706628,17.407552503181975,3.2941551965963094,0.006909872174713452,Gain,Gain
2010s minus 1970s,Cluster 3 to Cluster 2,Cluster 3,Cluster 2,Foraging guild,Dabbling ducks,7,0.042616004600270256,0.045826627325732436,-0.05484990045433675,0.12792330653065043,0.06025883514776524,-0.017642830547494978,0.012936853929742989,0.7142857142857143,392,0.2983120322018918,0.32078639128012704,-0.38394930318035725,0.895463145714553,0.4218118460343567,-0.12349981383246485,17.407552503181975,3.2941551965963094,0.01713693134904304,Gain,Gain
2010s minus 1970s,Cluster 3 to Cluster 2,Cluster 3,Cluster 2,Foraging guild,Dippers,1,0.003022016663431005,0.0011773943356803323,-0.004373813884382379,0.014652555175393664,0.0045342975504409685,-0.0015122808870099618,9.173874584152891e-4,0.6020408163265306,392,0.003022016663431005,0.0011773943356803323,-0.004373813884382379,0.014652555175393664,0.0045342975504409685,-0.0015122808870099618,17.407552503181975,3.2941551965963094,1.7360376554249096e-4,Gain,Gain
2010s minus 1970s,Cluster 3 to Cluster 2,Cluster 3,Cluster 2,Foraging guild,Diurnal raptors,7,0.17215350992109676,0.17299845156765897,0.03993255557627394,0.2953227160737007,0.18512328542638995,-0.012969775505293166,0.0522602912270116,0.9464285714285714,392,1.2050745694476774,1.2109891609736128,0.27952788903391756,2.0672590125159047,1.2958629979847296,-0.09078842853705216,17.407552503181975,3.2941551965963094,0.0692271110041115,Gain,Gain
2010s minus 1970s,Cluster 3 to Cluster 2,Cluster 3,Cluster 2,Foraging guild,Diving ducks,3,0.016014117636139778,0.009026945273560473,-0.005974310093663727,0.04083869325060328,0.019827080245813634,-0.0038129626096738566,0.00486137315348299,0.8239795918367347,392,0.048042352908419336,0.027080835820681416,-0.017922930280991182,0.12251607975180982,0.0594812407374409,-0.01143888782902157,17.407552503181975,3.2941551965963094,0.002759856843725592,Gain,Gain
2010s minus 1970s,Cluster 3 to Cluster 2,Cluster 3,Cluster 2,Foraging guild,Flycatchers,3,0.1211766355518135,0.12448794143293267,-0.023278649232152213,0.2461752469457101,0.13389710757043705,-0.012720472018623566,0.03678534504901877,0.8698979591836735,392,0.3635299066554405,0.373463824298798,-0.06983594769645664,0.7385257408371303,0.40169132271131114,-0.0381614160558707,17.407552503181975,3.2941551965963094,0.020883458865856637,Gain,Gain
2010s minus 1970s,Cluster 3 to Cluster 2,Cluster 3,Cluster 2,Foraging guild,Foliage gleaners,9,0.15260473396258822,0.13988909470137723,0.005460453467467229,0.31722565501519023,0.17062838458460494,-0.018023650622016742,0.04632590902828965,0.9107142857142857,392,1.373442605663294,1.259001852312395,0.04914408120720506,2.855030895136712,1.5356554612614446,-0.16221285559815068,17.407552503181975,3.2941551965963094,0.07889923671993743,Gain,Gain
2010s minus 1970s,Cluster 3 to Cluster 2,Cluster 3,Cluster 2,Foraging guild,Gallinaceous birds,2,0.14829252772609414,0.14229127433119712,-0.06768880903180356,0.369353758194846,0.24446660958765898,-0.09617408186156486,0.04501686134257354,0.7857142857142857,392,0.2965850554521883,0.28458254866239424,-0.13537761806360712,0.738707516389692,0.48893321917531796,-0.1923481637231297,17.407552503181975,3.2941551965963094,0.01703772287333183,Gain,Gain
2010s minus 1970s,Cluster 3 to Cluster 2,Cluster 3,Cluster 2,Foraging guild,Grazing waterfowl,2,0.27465262025854803,0.2531525041642247,0.06705186627292314,0.528279237777419,0.2798108337782262,-0.005158213519678113,0.08337573789551059,0.951530612244898,392,0.5493052405170961,0.5063050083284494,0.1341037325458463,1.056558475554838,0.5596216675564524,-0.010316427039356226,17.407552503181975,3.2941551965963094,0.03155556994107512,Gain,Gain
2010s minus 1970s,Cluster 3 to Cluster 2,Cluster 3,Cluster 2,Foraging guild,Gulls,5,-0.005056457396208818,-0.010781190238488978,-0.06108466193782969,0.04283844380335902,0.023358575886832485,-0.02841503328304131,0.0015349784981088352,0.336734693877551,392,-0.025282286981044087,-0.05390595119244489,-0.30542330968914844,0.2141922190167951,0.11679287943416243,-0.14207516641520654,17.407552503181975,3.2941551965963094,0.0014523745929488174,Loss,Loss
2010s minus 1970s,Cluster 3 to Cluster 2,Cluster 3,Cluster 2,Foraging guild,Kingfishers,1,0.14195081644145344,0.12320541805912655,0.017017050010599357,0.31699498639898227,0.14680377193298078,-0.004852955491527347,0.0430917209329191,0.9438775510204082,392,0.14195081644145344,0.12320541805912655,0.017017050010599357,0.31699498639898227,0.14680377193298078,-0.004852955491527347,17.407552503181975,3.2941551965963094,0.008154553399480246,Gain,Gain
2010s minus 1970s,Cluster 3 to Cluster 2,Cluster 3,Cluster 2,Foraging guild,Low flycatching feeders,9,0.1808265248870005,0.17025794102238417,0.04409142991884051,0.3263148909428607,0.21039651919590688,-0.029569994308906396,0.054893140758468136,0.9693877551020408,392,1.6274387239830044,1.5323214692014575,0.3968228692695646,2.9368340184857464,1.893568672763162,-0.26612994878015755,17.407552503181975,3.2941551965963094,0.09349038147008434,Gain,Gain
2010s minus 1970s,Cluster 3 to Cluster 2,Cluster 3,Cluster 2,Foraging guild,Marsh warblers,6,0.13735110718955498,0.13237626267941519,-0.037514422100413114,0.3086861287290993,0.17673599041860122,-0.039384883229046215,0.041695396540962375,0.8367346938775511,392,0.82410664313733,0.7942575760764912,-0.22508653260247868,1.8521167723745957,1.0604159425116073,-0.2363092993742773,17.407552503181975,3.2941551965963094,0.047341901912212485,Gain,Gain
2010s minus 1970s,Cluster 3 to Cluster 2,Cluster 3,Cluster 2,Foraging guild,Nigthjars,1,0.143254755012225,0.026859739043700467,-0.03317918638544617,0.49538284519595505,0.1546972879014029,-0.011442532889177886,0.04348755491551922,0.6352040816326531,392,0.143254755012225,0.026859739043700467,-0.03317918638544617,0.49538284519595505,0.1546972879014029,-0.011442532889177886,17.407552503181975,3.2941551965963094,0.008229459884497782,Gain,Gain
2010s minus 1970s,Cluster 3 to Cluster 2,Cluster 3,Cluster 2,Foraging guild,Omnivorous corvids,7,0.1859040485399071,0.17813687651151502,0.02250352479446322,0.35884919255707975,0.20695673427967784,-0.02105268573977075,0.05643451429732052,0.9438775510204082,392,1.3013283397793498,1.2469581355806052,0.15752467356124256,2.5119443478995582,1.4486971399577449,-0.14736880017839524,17.407552503181975,3.2941551965963094,0.07475653682741881,Gain,Gain
2010s minus 1970s,Cluster 3 to Cluster 2,Cluster 3,Cluster 2,Foraging guild,Open-land insectivores,6,0.1263686488956177,0.12478638917992013,0.0010269556830336663,0.24506805819486543,0.14073488669639542,-0.014366237800777712,0.038361473990717945,0.9030612244897959,392,0.7582118933737062,0.7487183350795208,0.006161734098201998,1.4704083491691926,0.8444093201783724,-0.08619742680466627,17.407552503181975,3.2941551965963094,0.04355649039318483,Gain,Gain
2010s minus 1970s,Cluster 3 to Cluster 2,Cluster 3,Cluster 2,Foraging guild,Orioles,1,-0.01195807165160817,-0.0018236344368002737,-0.030465147103483824,1.9109360713862324e-4,6.34443509800648e-4,-0.012592515161408822,0.003630087514991359,0.14285714285714285,392,-0.01195807165160817,-0.0018236344368002737,-0.030465147103483824,1.9109360713862324e-4,6.34443509800648e-4,-0.012592515161408822,17.407552503181975,3.2941551965963094,6.869473264218115e-4,Loss,Loss
2010s minus 1970s,Cluster 3 to Cluster 2,Cluster 3,Cluster 2,Foraging guild,Owls,5,0.024072498723024725,0.02589378623105475,-0.07322291938880238,0.11639722984760166,0.07852828952192728,-0.05445579079890254,0.007307639527092612,0.6505102040816326,392,0.12036249361512362,0.12946893115527375,-0.3661145969440119,0.5819861492380083,0.3926414476096364,-0.2722789539945127,17.407552503181975,3.2941551965963094,0.006914383489185066,Gain,Gain
2010s minus 1970s,Cluster 3 to Cluster 2,Cluster 3,Cluster 2,Foraging guild,Passerine seedeaters,12,0.20080927321742512,0.19594122472262102,0.06942658488359209,0.33033444951660634,0.2148574215269666,-0.014048148309541477,0.060959263068392035,0.9897959183673469,392,2.4097112786091013,2.3512946966714523,0.833119018603105,3.9640133941992763,2.578289058323599,-0.16857777971449772,17.407552503181975,3.2941551965963094,0.13842906854186557,Gain,Gain
2010s minus 1970s,Cluster 3 to Cluster 2,Cluster 3,Cluster 2,Foraging guild,Plovers,6,0.04764897704711338,0.048565420053873216,-0.046736179286546,0.13322689812287458,0.06791776457223798,-0.020268787525124603,0.014464703149489359,0.7474489795918368,392,0.28589386228268027,0.2913925203232393,-0.280417075719276,0.7993613887372475,0.4075065874334279,-0.12161272515074761,17.407552503181975,3.2941551965963094,0.016423553065855807,Gain,Gain
2010s minus 1970s,Cluster 3 to Cluster 2,Cluster 3,Cluster 2,Foraging guild,Rails,5,0.05135732699744178,0.052611325190355426,-0.11974416416158566,0.20705057484959485,0.09945014706095345,-0.04809282006351166,0.015590439409323158,0.6505102040816326,392,0.2567866349872089,0.26305662595177715,-0.5987208208079283,1.0352528742479743,0.49725073530476727,-0.24046410031755833,17.407552503181975,3.2941551965963094,0.014751449690602407,Gain,Gain
2010s minus 1970s,Cluster 3 to Cluster 2,Cluster 3,Cluster 2,Foraging guild,Reedlings,1,0.016955615409913506,9.107649178796021e-4,-0.0023047324932892496,0.04203346432262001,0.017821629329306487,-8.660139193929894e-4,0.00514718171974196,0.7066326530612245,392,0.016955615409913506,9.107649178796021e-4,-0.0023047324932892496,0.04203346432262001,0.017821629329306487,-8.660139193929894e-4,17.407552503181975,3.2941551965963094,9.740378727459901e-4,Gain,Gain
2010s minus 1970s,Cluster 3 to Cluster 2,Cluster 3,Cluster 2,Foraging guild,Scolopacids,9,-0.0073459100961602896,-0.007916301963202104,-0.07966408880666183,0.06666123986950463,0.023672852115895524,-0.03101876221205582,0.0022299830025465897,0.4413265306122449,392,-0.06611319086544261,-0.07124671766881893,-0.7169767992599565,0.5999511588255417,0.2130556690430597,-0.2791688599085024,17.407552503181975,3.2941551965963094,0.003797960158578157,Loss,Loss
2010s minus 1970s,Cluster 3 to Cluster 2,Cluster 3,Cluster 2,Foraging guild,Shrikes,2,0.13757636889812325,0.12278795440763907,0.0032457016705327597,0.299026829777135,0.14711121631424193,-0.00953484741611868,0.04176377878014801,0.9158163265306123,392,0.2751527377962465,0.24557590881527813,0.006491403341065519,0.59805365955427,0.29422243262848385,-0.01906969483223736,17.407552503181975,3.2941551965963094,0.01580651488748637,Gain,Gain
2010s minus 1970s,Cluster 3 to Cluster 2,Cluster 3,Cluster 2,Foraging guild,Starlings,1,-0.004621897194287182,-0.002499339733129935,-0.09011057421664367,0.08896615274128919,0.025709173149463038,-0.030331070343750224,0.0014030599405464453,0.45663265306122447,392,-0.004621897194287182,-0.002499339733129935,-0.09011057421664367,0.08896615274128919,0.025709173149463038,-0.030331070343750224,17.407552503181975,3.2941551965963094,2.655110299648576e-4,Loss,Loss
2010s minus 1970s,Cluster 3 to Cluster 2,Cluster 3,Cluster 2,Foraging guild,Terns,5,5.058965701898926e-4,7.148242447168353e-5,-0.007079631761914286,0.007155169617145313,0.00398938661047863,-0.0034834900402887356,1.5357399393708317e-4,0.5204081632653061,392,0.0025294828509494632,3.5741212235841765e-4,-0.03539815880957143,0.035775848085726564,0.01994693305239315,-0.01741745020144368,17.407552503181975,3.2941551965963094,1.4530950577268641e-4,Gain,Gain
2010s minus 1970s,Cluster 3 to Cluster 2,Cluster 3,Cluster 2,Foraging guild,Thrushes,4,0.15447641687692049,0.15626928573986515,0.04935865556389881,0.2521199930802869,0.16228000393281805,-0.007803587055897551,0.046894092007727345,0.9872448979591837,392,0.6179056675076819,0.6250771429594606,0.19743462225559524,1.0084799723211475,0.6491200157312722,-0.031214348223590205,17.407552503181975,3.2941551965963094,0.03549641268608745,Gain,Gain
2010s minus 1970s,Cluster 3 to Cluster 2,Cluster 3,Cluster 2,Foraging guild,Tit-like birds,12,0.1919118894041696,0.19135368584581033,0.04069088478012322,0.32766509510302994,0.20234874501929526,-0.010436855615125674,0.058258302341815234,0.951530612244898,392,2.302942672850035,2.296244230149724,0.4882906173614786,3.931981141236359,2.428184940231543,-0.1252422673815081,17.407552503181975,3.2941551965963094,0.13229560401607715,Gain,Gain
2010s minus 1970s,Cluster 3 to Cluster 2,Cluster 3,Cluster 2,Foraging guild,Wading birds,2,0.06125152457593402,0.04162491865231765,0.018230601422324997,0.1124948862549436,0.061541667839457866,-2.9014326352385137e-4,0.01859400086529689,1,392,0.12250304915186803,0.0832498373046353,0.036461202844649994,0.2249897725098872,0.12308333567891573,-5.802865270477027e-4,17.407552503181975,3.2941551965963094,0.007037350548244813,Gain,Gain
2010s minus 1970s,Cluster 3 to Cluster 2,Cluster 3,Cluster 2,Foraging guild,Woodpeckers,5,0.12651412808822943,0.11846131358405576,0.009653104522335898,0.2475043629859835,0.13805055868455882,-0.011536430596329368,0.038405636813635964,0.9285714285714286,392,0.6325706404411472,0.5923065679202788,0.04826552261167949,1.2375218149299174,0.6902527934227941,-0.05768215298164684,17.407552503181975,3.2941551965963094,0.03633886155595497,Gain,Gain
